Workbook
Name P_Grenze_mittel: Parameter!$C$7
Name P_Grenze_hoch: Parameter!$C$8
Name P_Grenze_kritisch: Parameter!$C$9
Name Kl_Name: Parameter!$B$13:$B$16
Name Kl_Intervall: Parameter!$E$13:$E$16
Name Iv_Name: Parameter!$B$20:$B$26
Name Iv_Wochen: Parameter!$C$20:$C$26
Name SF_Modell: Parameter!$B$30:$B$32
Name SF_Wert: Parameter!$C$30:$C$32
Name IH_Text: Parameter!$C$36:$C$40
Name P_Krit: Parameter!$C$44
Name P_Vorwarn: Parameter!$C$45
Name L_Art: Parameter!$B$49:$B$55
Name L_Ausfuehrung: Parameter!$D$49:$D$53
Name L_Befund: Parameter!$F$49:$F$51
Name L_Status: Parameter!$G$49:$G$52
Name P_SF: Deckblatt!$C$12
Name M_Name: Deckblatt!$C$7
Name M_Equipment: Deckblatt!$C$8

Sheet Deckblatt
B2: Wartungsintervallberechnung – große Wartung
B3: Horizontale hydraulische Simultanbalgmaschine (HSIM) · risikobasierte Festlegung der Wartungsintervalle (RPZ)
B6: Stammdaten der Anlage
B7: Maschinenbezeichnung | C7: Horizontale hydraulische Simultanbalgmaschine (HSIM)
B8: Equipmentnummer (SAP)
B9: Standort / Kostenstelle
B10: Hersteller / Baujahr
B11: Schichtmodell | C11: 3-Schicht
B12: Schichtfaktor SF (automatisch) | C12: =IFERROR(INDEX(SF_Wert,MATCH(C11,SF_Modell,0)),1)
B13: Ablage | C13: =CELL("filename")
B15: Dokumentenlenkung
B16: Verantwortlich für Änderungen | C16: fz-pA / H. Mrugalla
B17: Stand / Version | C17: 02 (Entwurf – Freigabe ausstehend)
B18: Datum Stand | C18: =DATE(2026,10,17)
B19: Überarbeitet von
B20: Nächste Überprüfung der Bewertung | C20: =EDATE(C18,12)
B22: Freigabe (interdisziplinäres Team)
B23: Funktion | C23: Name | D23: Datum | E23: Unterschrift
B24: Instandhaltung (Ersteller)
B25: Produktion / Fertigung
B26: Qualitätsmanagement
B27: Arbeitssicherheit / Umwelt
B29: Änderungshistorie
B30: Stand | C30: Datum | D30: Änderung | G30: Bearbeiter
B31: 01 | C31: 03.02.2009 | D31: Ersterstellung Wartungsintervallberechnung | G31: fz-pA / H. Mrugalla
B32: 02 (Entwurf) | C32: 17.10.2026 | D32: Strukturelle Überarbeitung: einheitliche Nummerierung und Formulierungen, Ampellogik, Dashboard, Durchführungsnachweis, konsolidierter Bewertungskatalog, Parameterblatt, offene Punkte. Alle Bewertungen unverändert übernommen (Details: Blatt „Änderungsprotokoll“).
B35: Aufbau der Datei
B36: Blatt | C36: Inhalt / Zweck | G36: Zielgruppe
B37: Dashboard | C37: Kennzahlen, Risikoverteilung, Top-10-Risiken, Risikomatrix, Auswertung je Baugruppe, Durchführungsstatus | G37: Management, QM, IH-Leitung
B38: Wartungsplan | C38: Alle Wartungsmaßnahmen mit Bewertung (F, IH, Q, AS, US, S, A, E, SF), RPZ, Risikoklasse (Ampel) und Intervall | G38: Instandhaltung, Produktion
B39: Durchführungsnachweis | C39: Letzte Durchführung je Maßnahme, nächste Fälligkeit, Status (überfällig / bald fällig / i.O.), Befund | G39: Instandhaltung, QM (Audit)
B40: Anlagenübersicht | C40: Übersichtszeichnung mit Positionsnummern und Zuordnung zu den Abschnitten des Wartungsplans | G40: alle
B41: Bewertungskatalog | C41: Bewertungsskalen 1–5 aller Kriterien auf einem Blatt (ersetzt 8 Einzelblätter der Vorversion) | G41: Bewertungsteam
B42: RPZ-Methodik | C42: Berechnungslogik der RPZ, Wertebereiche, Rechenbeispiel | G42: Bewertungsteam, QM, Management
B43: Parameter | C43: Grenzwerte, Intervalle, Schichtfaktor, Auswahllisten – zentrale Stellschrauben | G43: IH-Leitung
B44: Offene Punkte | C44: Bei der Überarbeitung festgestellte Lücken/Unstimmigkeiten mit Maßnahmenverfolgung | G44: Bewertungsteam
B45: Weiterentwicklung | C45: Vorschläge für zusätzliche Kriterien und Kennzahlen (IATF 16949, TPM) | G45: Management, QM
B46: Änderungsprotokoll | C46: Alle wesentlichen Änderungen gegenüber der Vorversion mit Begründung | G46: QM, Dokumentenlenkung
B48: Anwendung in 5 Schritten
B49: 1. Stammdaten und Schichtmodell oben eintragen (gelbe Felder). Der Schichtfaktor wird automatisch für alle Maßnahmen übernommen.
B50: 2. Im Blatt „Wartungsplan“ je Maßnahme die Kriterien F, IH, Q, AS, US, S sowie A und E von 1 (gering) bis 5 (sehr hoch) bewerten – Skalen siehe „Bewertungskatalog“ bzw. Eingabehilfe in der Zelle.
B51: 3. RPZ, Risikoklasse und berechnetes Intervall entstehen automatisch. Abweichendes Intervall (z. B. Herstellervorgabe, gesetzliche Prüfung) in „Intervall festgelegt“ wählen und begründen.
B52: 4. Nach jeder Durchführung im Blatt „Durchführungsnachweis“ Datum, Befund und Namen eintragen – Fälligkeit und Status berechnen sich selbst.
B53: 5. Bewertung mindestens jährlich sowie nach Störungen, Anlagenänderungen oder Reklamationen im Team (IH, Produktion, QM) überprüfen und freigeben.
B55: Legende
B56: Beispiel | C56: Eingabefeld (blaue Schrift auf gelb) – darf geändert werden
B57: Beispiel | C57: Berechnetes Feld (Formel) – nicht überschreiben
B58: Beispiel | C58: Vorschlag aus der Überarbeitung (grau kursiv) – durch Instandhaltung prüfen und freigeben
B59: Beispiel | C59: Baugruppe (Gliederungszeile)
B60: Beispiel | C60: Risikoklasse gering → jährlich
B61: Beispiel | C61: Risikoklasse mittel → 16 Wochen
B62: Beispiel | C62: Risikoklasse hoch → 8 Wochen
B63: Beispiel | C63: Risikoklasse kritisch → 4 Wochen + Risikominderung (neu)
B64: Beispiel | C64: Bewertung unvollständig → kein Intervall ermittelbar

Sheet Dashboard
B1: Dashboard – Wartungsplan & Risikobewertung
B2: =M_Name&" · Equipment-Nr.: "&IF(M_Equipment="","–",M_Equipment)&" · Stand der Auswertung: "&TEXT(TODAY(),"DD.MM.YYYY")
B5: Risiko & Bewertung | J5: Durchführung & Aufwand
B6: Kennzahl | C6: Wert | D6: Erläuterung | J6: Kennzahl | L6: Wert | M6: Erläuterung
B7: Wartungsmaßnahmen gesamt | C7: =COUNTIF(Wartungsplan!$AE$6:$AE$323,"Maßnahme") | D7: Anzahl Maßnahmenzeilen im Wartungsplan | J7: Überfällige Maßnahmen | L7: =COUNTIF('Durchführungsnachweis'!$J$6:$J$293,"überfällig") | M7: Fälligkeit überschritten
B8: davon vollständig bewertet | C8: =COUNT(Wartungsplan!$R$6:$R$323) | D8: Maßnahmen mit berechneter RPZ | J8: Bald fällig | L8: =COUNTIF('Durchführungsnachweis'!$J$6:$J$293,"bald fällig") | M8: innerhalb Vorwarnzeit
B9: Bewertung unvollständig | C9: =COUNTIFS(Wartungsplan!$AE$6:$AE$323,"Maßnahme",Wartungsplan!$S$6:$S$323,"unvollständig") | D9: Kein Intervall ermittelbar → siehe Offene Punkte | J9: In Ordnung | L9: =COUNTIF('Durchführungsnachweis'!$J$6:$J$293,"in Ordnung") | M9: fristgerecht durchgeführt
B10: Ø RPZ | C10: =IFERROR(AVERAGE(Wartungsplan!$R$6:$R$323),0) | D10: Mittelwert aller bewerteten Maßnahmen | J10: Noch nicht erfasst | L10: =COUNTIF('Durchführungsnachweis'!$J$6:$J$293,"nicht erfasst") | M10: ohne Durchführungsdatum
B11: Maximale RPZ | C11: =IFERROR(MAX(Wartungsplan!$R$6:$R$323),0) | D11: Höchstes Einzelrisiko (Grenze „kritisch“ > 125) | J11: Termintreue (PM-Compliance) | L11: =IFERROR((L9+L8)/(L7+L8+L9),"–") | M11: nicht überfällige / erfasste Maßnahmen (IATF 8.5.1.5)
B12: Hohes oder kritisches Risiko | C12: =COUNTIF(Wartungsplan!$S$6:$S$323,"hoch")+COUNTIF(Wartungsplan!$S$6:$S$323,"kritisch") | D12: Maßnahmen mit Intervall ≤ 8 Wochen | J12: Befunde n.i.O. | L12: =COUNTIF('Durchführungsnachweis'!$K$6:$K$293,"n.i.O.*") | M12: Abweichungen bei letzter Durchführung
B13: Arbeitssicherheitsrelevant (AS ≥ Schwelle) | C13: =COUNTIFS(Wartungsplan!$AE$6:$AE$323,"Maßnahme",Wartungsplan!$K$6:$K$323,">="&P_Krit) | D13: Bewertung AS ≥ Relevanzschwelle (Parameter) | J13: Durchführungen pro Jahr (Soll) | L13: =SUMPRODUCT((Wartungsplan!$AE$6:$AE$323="Maßnahme")*IFERROR(52/Wartungsplan!$V$6:$V$323,0)) | M13: Summe aus festgelegten Intervallen
B14: Qualitätsrelevant (Q ≥ Schwelle) | C14: =COUNTIFS(Wartungsplan!$AE$6:$AE$323,"Maßnahme",Wartungsplan!$J$6:$J$323,">="&P_Krit) | D14: Bewertung Q ≥ Relevanzschwelle – Bezug zu Control Plan / FMEA prüfen | J14: Geplanter Aufwand [h/Jahr] | L14: =SUM(Wartungsplan!$AB$6:$AB$323) | M14: aus Plan-Zeiten; Basis Kapazitätsplanung
B15: Umweltrelevant (US ≥ Schwelle) | C15: =COUNTIFS(Wartungsplan!$AE$6:$AE$323,"Maßnahme",Wartungsplan!$L$6:$L$323,">="&P_Krit) | D15: Bewertung US ≥ Relevanzschwelle | J15: Plan-Zeiten erfasst | L15: =COUNT(Wartungsplan!$AA$6:$AA$323)&" von "&C7 | M15: Aufwand ist erst bei vollständigen Plan-Zeiten aussagekräftig
B16: Abweichend festgelegte Intervalle | C16: =SUMPRODUCT((Wartungsplan!$AE$6:$AE$323="Maßnahme")*(Wartungsplan!$U$6:$U$323<>Wartungsplan!$T$6:$T$323)) | D16: Festgelegt ≠ berechnet (Begründung erforderlich) | J16: Maßnahmen mit Ausführungszuordnung | L16: =COUNTIFS(Wartungsplan!$AE$6:$AE$323,"Maßnahme",Wartungsplan!$Z$6:$Z$323,"?*")&" von "&C7 | M16: Spalte „Ausführung durch“ im Wartungsplan
B18: Risikoverteilung
B19: Risikoklasse | C19: Anzahl | D19: Anteil | E19: Intervall
B20: gering | C20: =COUNTIFS(Wartungsplan!$AE$6:$AE$323,"Maßnahme",Wartungsplan!$S$6:$S$323,B20) | D20: =IFERROR(C20/$C$25,0) | E20: =IFERROR(INDEX(Kl_Intervall,MATCH(B20,Kl_Name,0)),"–")
B21: mittel | C21: =COUNTIFS(Wartungsplan!$AE$6:$AE$323,"Maßnahme",Wartungsplan!$S$6:$S$323,B21) | D21: =IFERROR(C21/$C$25,0) | E21: =IFERROR(INDEX(Kl_Intervall,MATCH(B21,Kl_Name,0)),"–")
B22: hoch | C22: =COUNTIFS(Wartungsplan!$AE$6:$AE$323,"Maßnahme",Wartungsplan!$S$6:$S$323,B22) | D22: =IFERROR(C22/$C$25,0) | E22: =IFERROR(INDEX(Kl_Intervall,MATCH(B22,Kl_Name,0)),"–")
B23: kritisch | C23: =COUNTIFS(Wartungsplan!$AE$6:$AE$323,"Maßnahme",Wartungsplan!$S$6:$S$323,B23) | D23: =IFERROR(C23/$C$25,0) | E23: =IFERROR(INDEX(Kl_Intervall,MATCH(B23,Kl_Name,0)),"–")
B24: unvollständig | C24: =COUNTIFS(Wartungsplan!$AE$6:$AE$323,"Maßnahme",Wartungsplan!$S$6:$S$323,B24) | D24: =IFERROR(C24/$C$25,0) | E24: =IFERROR(INDEX(Kl_Intervall,MATCH(B24,Kl_Name,0)),"–")
B25: Summe | C25: =SUM(C20:C24) | D25: =SUM(D20:D24)
B27: Maßnahmen je festgelegtem Intervall
B28: Intervall | C28: Anzahl | D28: Durchf./Jahr | E28: Aufwand h/Jahr
B29: täglich | C29: =COUNTIFS(Wartungsplan!$AE$6:$AE$323,"Maßnahme",Wartungsplan!$U$6:$U$323,B29) | D29: =IFERROR(C29*52/INDEX(Iv_Wochen,MATCH(B29,Iv_Name,0)),0) | E29: =SUMIFS(Wartungsplan!$AB$6:$AB$323,Wartungsplan!$U$6:$U$323,B29)
B30: wöchentlich | C30: =COUNTIFS(Wartungsplan!$AE$6:$AE$323,"Maßnahme",Wartungsplan!$U$6:$U$323,B30) | D30: =IFERROR(C30*52/INDEX(Iv_Wochen,MATCH(B30,Iv_Name,0)),0) | E30: =SUMIFS(Wartungsplan!$AB$6:$AB$323,Wartungsplan!$U$6:$U$323,B30)
B31: 4 Wochen | C31: =COUNTIFS(Wartungsplan!$AE$6:$AE$323,"Maßnahme",Wartungsplan!$U$6:$U$323,B31) | D31: =IFERROR(C31*52/INDEX(Iv_Wochen,MATCH(B31,Iv_Name,0)),0) | E31: =SUMIFS(Wartungsplan!$AB$6:$AB$323,Wartungsplan!$U$6:$U$323,B31)
B32: 8 Wochen | C32: =COUNTIFS(Wartungsplan!$AE$6:$AE$323,"Maßnahme",Wartungsplan!$U$6:$U$323,B32) | D32: =IFERROR(C32*52/INDEX(Iv_Wochen,MATCH(B32,Iv_Name,0)),0) | E32: =SUMIFS(Wartungsplan!$AB$6:$AB$323,Wartungsplan!$U$6:$U$323,B32) | J32: Kriterienprofil (Ø Bewertung aller Maßnahmen)
B33: 16 Wochen | C33: =COUNTIFS(Wartungsplan!$AE$6:$AE$323,"Maßnahme",Wartungsplan!$U$6:$U$323,B33) | D33: =IFERROR(C33*52/INDEX(Iv_Wochen,MATCH(B33,Iv_Name,0)),0) | E33: =SUMIFS(Wartungsplan!$AB$6:$AB$323,Wartungsplan!$U$6:$U$323,B33) | J33: Kriterium | K33: Kürzel | L33: Ø Bewertung | M33: Anzahl ≥ 4
B34: halbjährlich | C34: =COUNTIFS(Wartungsplan!$AE$6:$AE$323,"Maßnahme",Wartungsplan!$U$6:$U$323,B34) | D34: =IFERROR(C34*52/INDEX(Iv_Wochen,MATCH(B34,Iv_Name,0)),0) | E34: =SUMIFS(Wartungsplan!$AB$6:$AB$323,Wartungsplan!$U$6:$U$323,B34) | J34: Funktionalität der Anlage | K34: F | L34: =IFERROR(AVERAGE(Wartungsplan!$H$6:$H$323),0) | M34: =COUNTIF(Wartungsplan!$H$6:$H$323,">=4")
B35: jährlich | C35: =COUNTIFS(Wartungsplan!$AE$6:$AE$323,"Maßnahme",Wartungsplan!$U$6:$U$323,B35) | D35: =IFERROR(C35*52/INDEX(Iv_Wochen,MATCH(B35,Iv_Name,0)),0) | E35: =SUMIFS(Wartungsplan!$AB$6:$AB$323,Wartungsplan!$U$6:$U$323,B35) | J35: Instandsetzungsaufwand | K35: IH | L35: =IFERROR(AVERAGE(Wartungsplan!$I$6:$I$323),0) | M35: =COUNTIF(Wartungsplan!$I$6:$I$323,">=4")
B36: Bewertung fehlt | C36: =COUNTIFS(Wartungsplan!$AE$6:$AE$323,"Maßnahme",Wartungsplan!$U$6:$U$323,B36) | D36: =IFERROR(C36*52/INDEX(Iv_Wochen,MATCH(B36,Iv_Name,0)),0) | E36: =SUMIFS(Wartungsplan!$AB$6:$AB$323,Wartungsplan!$U$6:$U$323,B36) | J36: Qualität / Kunde | K36: Q | L36: =IFERROR(AVERAGE(Wartungsplan!$J$6:$J$323),0) | M36: =COUNTIF(Wartungsplan!$J$6:$J$323,">=4")
J37: Arbeitssicherheit | K37: AS | L37: =IFERROR(AVERAGE(Wartungsplan!$K$6:$K$323),0) | M37: =COUNTIF(Wartungsplan!$K$6:$K$323,">=4")
J38: Umweltschutz | K38: US | L38: =IFERROR(AVERAGE(Wartungsplan!$L$6:$L$323),0) | M38: =COUNTIF(Wartungsplan!$L$6:$L$323,">=4")
B39: Risikomatrix: Ausfall- (A) × Entdeckungswahrscheinlichkeit (E) | J39: Schadenshöhe | K39: S | L39: =IFERROR(AVERAGE(Wartungsplan!$M$6:$M$323),0) | M39: =COUNTIF(Wartungsplan!$M$6:$M$323,">=4")
B40: A ↓ / E → | C40: 1 | D40: 2 | E40: 3 | F40: 4 | G40: 5 | J40: Ausfallwahrscheinlichkeit | K40: A | L40: =IFERROR(AVERAGE(Wartungsplan!$O$6:$O$323),0) | M40: =COUNTIF(Wartungsplan!$O$6:$O$323,">=4")
B41: A = 5 | C41: =COUNTIFS(Wartungsplan!$O$6:$O$323,5,Wartungsplan!$P$6:$P$323,1) | D41: =COUNTIFS(Wartungsplan!$O$6:$O$323,5,Wartungsplan!$P$6:$P$323,2) | E41: =COUNTIFS(Wartungsplan!$O$6:$O$323,5,Wartungsplan!$P$6:$P$323,3) | F41: =COUNTIFS(Wartungsplan!$O$6:$O$323,5,Wartungsplan!$P$6:$P$323,4) | G41: =COUNTIFS(Wartungsplan!$O$6:$O$323,5,Wartungsplan!$P$6:$P$323,5) | J41: Entdeckungswahrscheinlichkeit | K41: E | L41: =IFERROR(AVERAGE(Wartungsplan!$P$6:$P$323),0) | M41: =COUNTIF(Wartungsplan!$P$6:$P$323,">=4")
B42: A = 4 | C42: =COUNTIFS(Wartungsplan!$O$6:$O$323,4,Wartungsplan!$P$6:$P$323,1) | D42: =COUNTIFS(Wartungsplan!$O$6:$O$323,4,Wartungsplan!$P$6:$P$323,2) | E42: =COUNTIFS(Wartungsplan!$O$6:$O$323,4,Wartungsplan!$P$6:$P$323,3) | F42: =COUNTIFS(Wartungsplan!$O$6:$O$323,4,Wartungsplan!$P$6:$P$323,4) | G42: =COUNTIFS(Wartungsplan!$O$6:$O$323,4,Wartungsplan!$P$6:$P$323,5)
B43: A = 3 | C43: =COUNTIFS(Wartungsplan!$O$6:$O$323,3,Wartungsplan!$P$6:$P$323,1) | D43: =COUNTIFS(Wartungsplan!$O$6:$O$323,3,Wartungsplan!$P$6:$P$323,2) | E43: =COUNTIFS(Wartungsplan!$O$6:$O$323,3,Wartungsplan!$P$6:$P$323,3) | F43: =COUNTIFS(Wartungsplan!$O$6:$O$323,3,Wartungsplan!$P$6:$P$323,4) | G43: =COUNTIFS(Wartungsplan!$O$6:$O$323,3,Wartungsplan!$P$6:$P$323,5) | J43: Top-10-Risiken (höchste RPZ)
B44: A = 2 | C44: =COUNTIFS(Wartungsplan!$O$6:$O$323,2,Wartungsplan!$P$6:$P$323,1) | D44: =COUNTIFS(Wartungsplan!$O$6:$O$323,2,Wartungsplan!$P$6:$P$323,2) | E44: =COUNTIFS(Wartungsplan!$O$6:$O$323,2,Wartungsplan!$P$6:$P$323,3) | F44: =COUNTIFS(Wartungsplan!$O$6:$O$323,2,Wartungsplan!$P$6:$P$323,4) | G44: =COUNTIFS(Wartungsplan!$O$6:$O$323,2,Wartungsplan!$P$6:$P$323,5) | I44: Nr. | J44: Maßnahme | K44: Baugruppe | L44: RPZ | M44: Klasse | N44: Intervall
B45: A = 1 | C45: =COUNTIFS(Wartungsplan!$O$6:$O$323,1,Wartungsplan!$P$6:$P$323,1) | D45: =COUNTIFS(Wartungsplan!$O$6:$O$323,1,Wartungsplan!$P$6:$P$323,2) | E45: =COUNTIFS(Wartungsplan!$O$6:$O$323,1,Wartungsplan!$P$6:$P$323,3) | F45: =COUNTIFS(Wartungsplan!$O$6:$O$323,1,Wartungsplan!$P$6:$P$323,4) | G45: =COUNTIFS(Wartungsplan!$O$6:$O$323,1,Wartungsplan!$P$6:$P$323,5) | I45: =IFERROR(INDEX(Wartungsplan!$A$6:$A$323,MATCH(LARGE(Wartungsplan!$AJ$6:$AJ$323,1),Wartungsplan!$AJ$6:$AJ$323,0)),"") | J45: =IFERROR(INDEX(Wartungsplan!$B$6:$B$323,MATCH(LARGE(Wartungsplan!$AJ$6:$AJ$323,1),Wartungsplan!$AJ$6:$AJ$323,0)),"") | K45: =IFERROR(INDEX(Wartungsplan!$AC$6:$AC$323,MATCH(LARGE(Wartungsplan!$AJ$6:$AJ$323,1),Wartungsplan!$AJ$6:$AJ$323,0)),"") | L45: =IFERROR(INDEX(Wartungsplan!$R$6:$R$323,MATCH(LARGE(Wartungsplan!$AJ$6:$AJ$323,1),Wartungsplan!$AJ$6:$AJ$323,0)),"") | M45: =IFERROR(INDEX(Wartungsplan!$S$6:$S$323,MATCH(LARGE(Wartungsplan!$AJ$6:$AJ$323,1),Wartungsplan!$AJ$6:$AJ$323,0)),"") | N45: =IFERROR(INDEX(Wartungsplan!$U$6:$U$323,MATCH(LARGE(Wartungsplan!$AJ$6:$AJ$323,1),Wartungsplan!$AJ$6:$AJ$323,0)),"")
B46: Zahl = Anzahl Maßnahmen je Kombination. Oben rechts (häufiger Ausfall, späte Entdeckung) = höchster Handlungsbedarf, z. B. Zustandsüberwachung einführen. | I46: =IFERROR(INDEX(Wartungsplan!$A$6:$A$323,MATCH(LARGE(Wartungsplan!$AJ$6:$AJ$323,2),Wartungsplan!$AJ$6:$AJ$323,0)),"") | J46: =IFERROR(INDEX(Wartungsplan!$B$6:$B$323,MATCH(LARGE(Wartungsplan!$AJ$6:$AJ$323,2),Wartungsplan!$AJ$6:$AJ$323,0)),"") | K46: =IFERROR(INDEX(Wartungsplan!$AC$6:$AC$323,MATCH(LARGE(Wartungsplan!$AJ$6:$AJ$323,2),Wartungsplan!$AJ$6:$AJ$323,0)),"") | L46: =IFERROR(INDEX(Wartungsplan!$R$6:$R$323,MATCH(LARGE(Wartungsplan!$AJ$6:$AJ$323,2),Wartungsplan!$AJ$6:$AJ$323,0)),"") | M46: =IFERROR(INDEX(Wartungsplan!$S$6:$S$323,MATCH(LARGE(Wartungsplan!$AJ$6:$AJ$323,2),Wartungsplan!$AJ$6:$AJ$323,0)),"") | N46: =IFERROR(INDEX(Wartungsplan!$U$6:$U$323,MATCH(LARGE(Wartungsplan!$AJ$6:$AJ$323,2),Wartungsplan!$AJ$6:$AJ$323,0)),"")
I47: =IFERROR(INDEX(Wartungsplan!$A$6:$A$323,MATCH(LARGE(Wartungsplan!$AJ$6:$AJ$323,3),Wartungsplan!$AJ$6:$AJ$323,0)),"") | J47: =IFERROR(INDEX(Wartungsplan!$B$6:$B$323,MATCH(LARGE(Wartungsplan!$AJ$6:$AJ$323,3),Wartungsplan!$AJ$6:$AJ$323,0)),"") | K47: =IFERROR(INDEX(Wartungsplan!$AC$6:$AC$323,MATCH(LARGE(Wartungsplan!$AJ$6:$AJ$323,3),Wartungsplan!$AJ$6:$AJ$323,0)),"") | L47: =IFERROR(INDEX(Wartungsplan!$R$6:$R$323,MATCH(LARGE(Wartungsplan!$AJ$6:$AJ$323,3),Wartungsplan!$AJ$6:$AJ$323,0)),"") | M47: =IFERROR(INDEX(Wartungsplan!$S$6:$S$323,MATCH(LARGE(Wartungsplan!$AJ$6:$AJ$323,3),Wartungsplan!$AJ$6:$AJ$323,0)),"") | N47: =IFERROR(INDEX(Wartungsplan!$U$6:$U$323,MATCH(LARGE(Wartungsplan!$AJ$6:$AJ$323,3),Wartungsplan!$AJ$6:$AJ$323,0)),"")
I48: =IFERROR(INDEX(Wartungsplan!$A$6:$A$323,MATCH(LARGE(Wartungsplan!$AJ$6:$AJ$323,4),Wartungsplan!$AJ$6:$AJ$323,0)),"") | J48: =IFERROR(INDEX(Wartungsplan!$B$6:$B$323,MATCH(LARGE(Wartungsplan!$AJ$6:$AJ$323,4),Wartungsplan!$AJ$6:$AJ$323,0)),"") | K48: =IFERROR(INDEX(Wartungsplan!$AC$6:$AC$323,MATCH(LARGE(Wartungsplan!$AJ$6:$AJ$323,4),Wartungsplan!$AJ$6:$AJ$323,0)),"") | L48: =IFERROR(INDEX(Wartungsplan!$R$6:$R$323,MATCH(LARGE(Wartungsplan!$AJ$6:$AJ$323,4),Wartungsplan!$AJ$6:$AJ$323,0)),"") | M48: =IFERROR(INDEX(Wartungsplan!$S$6:$S$323,MATCH(LARGE(Wartungsplan!$AJ$6:$AJ$323,4),Wartungsplan!$AJ$6:$AJ$323,0)),"") | N48: =IFERROR(INDEX(Wartungsplan!$U$6:$U$323,MATCH(LARGE(Wartungsplan!$AJ$6:$AJ$323,4),Wartungsplan!$AJ$6:$AJ$323,0)),"")
I49: =IFERROR(INDEX(Wartungsplan!$A$6:$A$323,MATCH(LARGE(Wartungsplan!$AJ$6:$AJ$323,5),Wartungsplan!$AJ$6:$AJ$323,0)),"") | J49: =IFERROR(INDEX(Wartungsplan!$B$6:$B$323,MATCH(LARGE(Wartungsplan!$AJ$6:$AJ$323,5),Wartungsplan!$AJ$6:$AJ$323,0)),"") | K49: =IFERROR(INDEX(Wartungsplan!$AC$6:$AC$323,MATCH(LARGE(Wartungsplan!$AJ$6:$AJ$323,5),Wartungsplan!$AJ$6:$AJ$323,0)),"") | L49: =IFERROR(INDEX(Wartungsplan!$R$6:$R$323,MATCH(LARGE(Wartungsplan!$AJ$6:$AJ$323,5),Wartungsplan!$AJ$6:$AJ$323,0)),"") | M49: =IFERROR(INDEX(Wartungsplan!$S$6:$S$323,MATCH(LARGE(Wartungsplan!$AJ$6:$AJ$323,5),Wartungsplan!$AJ$6:$AJ$323,0)),"") | N49: =IFERROR(INDEX(Wartungsplan!$U$6:$U$323,MATCH(LARGE(Wartungsplan!$AJ$6:$AJ$323,5),Wartungsplan!$AJ$6:$AJ$323,0)),"")
I50: =IFERROR(INDEX(Wartungsplan!$A$6:$A$323,MATCH(LARGE(Wartungsplan!$AJ$6:$AJ$323,6),Wartungsplan!$AJ$6:$AJ$323,0)),"") | J50: =IFERROR(INDEX(Wartungsplan!$B$6:$B$323,MATCH(LARGE(Wartungsplan!$AJ$6:$AJ$323,6),Wartungsplan!$AJ$6:$AJ$323,0)),"") | K50: =IFERROR(INDEX(Wartungsplan!$AC$6:$AC$323,MATCH(LARGE(Wartungsplan!$AJ$6:$AJ$323,6),Wartungsplan!$AJ$6:$AJ$323,0)),"") | L50: =IFERROR(INDEX(Wartungsplan!$R$6:$R$323,MATCH(LARGE(Wartungsplan!$AJ$6:$AJ$323,6),Wartungsplan!$AJ$6:$AJ$323,0)),"") | M50: =IFERROR(INDEX(Wartungsplan!$S$6:$S$323,MATCH(LARGE(Wartungsplan!$AJ$6:$AJ$323,6),Wartungsplan!$AJ$6:$AJ$323,0)),"") | N50: =IFERROR(INDEX(Wartungsplan!$U$6:$U$323,MATCH(LARGE(Wartungsplan!$AJ$6:$AJ$323,6),Wartungsplan!$AJ$6:$AJ$323,0)),"")
I51: =IFERROR(INDEX(Wartungsplan!$A$6:$A$323,MATCH(LARGE(Wartungsplan!$AJ$6:$AJ$323,7),Wartungsplan!$AJ$6:$AJ$323,0)),"") | J51: =IFERROR(INDEX(Wartungsplan!$B$6:$B$323,MATCH(LARGE(Wartungsplan!$AJ$6:$AJ$323,7),Wartungsplan!$AJ$6:$AJ$323,0)),"") | K51: =IFERROR(INDEX(Wartungsplan!$AC$6:$AC$323,MATCH(LARGE(Wartungsplan!$AJ$6:$AJ$323,7),Wartungsplan!$AJ$6:$AJ$323,0)),"") | L51: =IFERROR(INDEX(Wartungsplan!$R$6:$R$323,MATCH(LARGE(Wartungsplan!$AJ$6:$AJ$323,7),Wartungsplan!$AJ$6:$AJ$323,0)),"") | M51: =IFERROR(INDEX(Wartungsplan!$S$6:$S$323,MATCH(LARGE(Wartungsplan!$AJ$6:$AJ$323,7),Wartungsplan!$AJ$6:$AJ$323,0)),"") | N51: =IFERROR(INDEX(Wartungsplan!$U$6:$U$323,MATCH(LARGE(Wartungsplan!$AJ$6:$AJ$323,7),Wartungsplan!$AJ$6:$AJ$323,0)),"")
I52: =IFERROR(INDEX(Wartungsplan!$A$6:$A$323,MATCH(LARGE(Wartungsplan!$AJ$6:$AJ$323,8),Wartungsplan!$AJ$6:$AJ$323,0)),"") | J52: =IFERROR(INDEX(Wartungsplan!$B$6:$B$323,MATCH(LARGE(Wartungsplan!$AJ$6:$AJ$323,8),Wartungsplan!$AJ$6:$AJ$323,0)),"") | K52: =IFERROR(INDEX(Wartungsplan!$AC$6:$AC$323,MATCH(LARGE(Wartungsplan!$AJ$6:$AJ$323,8),Wartungsplan!$AJ$6:$AJ$323,0)),"") | L52: =IFERROR(INDEX(Wartungsplan!$R$6:$R$323,MATCH(LARGE(Wartungsplan!$AJ$6:$AJ$323,8),Wartungsplan!$AJ$6:$AJ$323,0)),"") | M52: =IFERROR(INDEX(Wartungsplan!$S$6:$S$323,MATCH(LARGE(Wartungsplan!$AJ$6:$AJ$323,8),Wartungsplan!$AJ$6:$AJ$323,0)),"") | N52: =IFERROR(INDEX(Wartungsplan!$U$6:$U$323,MATCH(LARGE(Wartungsplan!$AJ$6:$AJ$323,8),Wartungsplan!$AJ$6:$AJ$323,0)),"")
I53: =IFERROR(INDEX(Wartungsplan!$A$6:$A$323,MATCH(LARGE(Wartungsplan!$AJ$6:$AJ$323,9),Wartungsplan!$AJ$6:$AJ$323,0)),"") | J53: =IFERROR(INDEX(Wartungsplan!$B$6:$B$323,MATCH(LARGE(Wartungsplan!$AJ$6:$AJ$323,9),Wartungsplan!$AJ$6:$AJ$323,0)),"") | K53: =IFERROR(INDEX(Wartungsplan!$AC$6:$AC$323,MATCH(LARGE(Wartungsplan!$AJ$6:$AJ$323,9),Wartungsplan!$AJ$6:$AJ$323,0)),"") | L53: =IFERROR(INDEX(Wartungsplan!$R$6:$R$323,MATCH(LARGE(Wartungsplan!$AJ$6:$AJ$323,9),Wartungsplan!$AJ$6:$AJ$323,0)),"") | M53: =IFERROR(INDEX(Wartungsplan!$S$6:$S$323,MATCH(LARGE(Wartungsplan!$AJ$6:$AJ$323,9),Wartungsplan!$AJ$6:$AJ$323,0)),"") | N53: =IFERROR(INDEX(Wartungsplan!$U$6:$U$323,MATCH(LARGE(Wartungsplan!$AJ$6:$AJ$323,9),Wartungsplan!$AJ$6:$AJ$323,0)),"")
I54: =IFERROR(INDEX(Wartungsplan!$A$6:$A$323,MATCH(LARGE(Wartungsplan!$AJ$6:$AJ$323,10),Wartungsplan!$AJ$6:$AJ$323,0)),"") | J54: =IFERROR(INDEX(Wartungsplan!$B$6:$B$323,MATCH(LARGE(Wartungsplan!$AJ$6:$AJ$323,10),Wartungsplan!$AJ$6:$AJ$323,0)),"") | K54: =IFERROR(INDEX(Wartungsplan!$AC$6:$AC$323,MATCH(LARGE(Wartungsplan!$AJ$6:$AJ$323,10),Wartungsplan!$AJ$6:$AJ$323,0)),"") | L54: =IFERROR(INDEX(Wartungsplan!$R$6:$R$323,MATCH(LARGE(Wartungsplan!$AJ$6:$AJ$323,10),Wartungsplan!$AJ$6:$AJ$323,0)),"") | M54: =IFERROR(INDEX(Wartungsplan!$S$6:$S$323,MATCH(LARGE(Wartungsplan!$AJ$6:$AJ$323,10),Wartungsplan!$AJ$6:$AJ$323,0)),"") | N54: =IFERROR(INDEX(Wartungsplan!$U$6:$U$323,MATCH(LARGE(Wartungsplan!$AJ$6:$AJ$323,10),Wartungsplan!$AJ$6:$AJ$323,0)),"")
B56: Auswertung je Baugruppe
B57: Baugruppe | C57: Maßnahmen | D57: Ø RPZ | E57: max. RPZ | F57: hoch / kritisch | G57: Aufwand h/Jahr | P57: Diagrammbeschriftung
B58: 1 Not-Aus | C58: =COUNTIFS(Wartungsplan!$AC$6:$AC$323,"Not-Aus",Wartungsplan!$AE$6:$AE$323,"Maßnahme") | D58: =IFERROR(AVERAGEIFS(Wartungsplan!$R$6:$R$323,Wartungsplan!$AC$6:$AC$323,"Not-Aus"),0) | E58: =_xlfn.MAXIFS(Wartungsplan!$R$6:$R$323,Wartungsplan!$AC$6:$AC$323,"Not-Aus") | F58: =COUNTIFS(Wartungsplan!$AC$6:$AC$323,"Not-Aus",Wartungsplan!$S$6:$S$323,"hoch")+COUNTIFS(Wartungsplan!$AC$6:$AC$323,"Not-Aus",Wartungsplan!$S$6:$S$323,"kritisch") | G58: =SUMIFS(Wartungsplan!$AB$6:$AB$323,Wartungsplan!$AC$6:$AC$323,"Not-Aus") | P58: 1 Not-Aus
B59: 2 Bedienpult | C59: =COUNTIFS(Wartungsplan!$AC$6:$AC$323,"Bedienpult",Wartungsplan!$AE$6:$AE$323,"Maßnahme") | D59: =IFERROR(AVERAGEIFS(Wartungsplan!$R$6:$R$323,Wartungsplan!$AC$6:$AC$323,"Bedienpult"),0) | E59: =_xlfn.MAXIFS(Wartungsplan!$R$6:$R$323,Wartungsplan!$AC$6:$AC$323,"Bedienpult") | F59: =COUNTIFS(Wartungsplan!$AC$6:$AC$323,"Bedienpult",Wartungsplan!$S$6:$S$323,"hoch")+COUNTIFS(Wartungsplan!$AC$6:$AC$323,"Bedienpult",Wartungsplan!$S$6:$S$323,"kritisch") | G59: =SUMIFS(Wartungsplan!$AB$6:$AB$323,Wartungsplan!$AC$6:$AC$323,"Bedienpult") | P59: 2 Bedienpult
B60: 3 Staucheinheit (Stauchdorn, Stauchspindel, Elemente für Abdichthub von rechts); Pos. 29 Stauchspindel (Kugelgewindespindel) | C60: =COUNTIFS(Wartungsplan!$AC$6:$AC$323,"Staucheinheit (Stauchdorn, Stauchspindel, Elemente für Abdichthub von rechts); Pos. 29 Stauchspindel (Kugelgewindespindel)",Wartungsplan!$AE$6:$AE$323,"Maßnahme") | D60: =IFERROR(AVERAGEIFS(Wartungsplan!$R$6:$R$323,Wartungsplan!$AC$6:$AC$323,"Staucheinheit (Stauchdorn, Stauchspindel, Elemente für Abdichthub von rechts); Pos. 29 Stauchspindel (Kugelgewindespindel)"),0) | E60: =_xlfn.MAXIFS(Wartungsplan!$R$6:$R$323,Wartungsplan!$AC$6:$AC$323,"Staucheinheit (Stauchdorn, Stauchspindel, Elemente für Abdichthub von rechts); Pos. 29 Stauchspindel (Kugelgewindespindel)") | F60: =COUNTIFS(Wartungsplan!$AC$6:$AC$323,"Staucheinheit (Stauchdorn, Stauchspindel, Elemente für Abdichthub von rechts); Pos. 29 Stauchspindel (Kugelgewindespindel)",Wartungsplan!$S$6:$S$323,"hoch")+COUNTIFS(Wartungsplan!$AC$6:$AC$323,"Staucheinheit (Stauchdorn, Stauchspindel, Elemente für Abdichthub von rechts); Pos. 29 Stauchspindel (Kugelgewindespindel)",Wartungsplan!$S$6:$S$323,"kritisch") | G60: =SUMIFS(Wartungsplan!$AB$6:$AB$323,Wartungsplan!$AC$6:$AC$323,"Staucheinheit (Stauchdorn, Stauchspindel, Elemente für Abdichthub von rechts); Pos. 29 Stauchspindel (Kugelgewindespindel)") | P60: 3 Staucheinheit
B61: 4 Oberer und unterer Werkzeugträger | C61: =COUNTIFS(Wartungsplan!$AC$6:$AC$323,"Oberer und unterer Werkzeugträger",Wartungsplan!$AE$6:$AE$323,"Maßnahme") | D61: =IFERROR(AVERAGEIFS(Wartungsplan!$R$6:$R$323,Wartungsplan!$AC$6:$AC$323,"Oberer und unterer Werkzeugträger"),0) | E61: =_xlfn.MAXIFS(Wartungsplan!$R$6:$R$323,Wartungsplan!$AC$6:$AC$323,"Oberer und unterer Werkzeugträger") | F61: =COUNTIFS(Wartungsplan!$AC$6:$AC$323,"Oberer und unterer Werkzeugträger",Wartungsplan!$S$6:$S$323,"hoch")+COUNTIFS(Wartungsplan!$AC$6:$AC$323,"Oberer und unterer Werkzeugträger",Wartungsplan!$S$6:$S$323,"kritisch") | G61: =SUMIFS(Wartungsplan!$AB$6:$AB$323,Wartungsplan!$AC$6:$AC$323,"Oberer und unterer Werkzeugträger") | P61: 4 Oberer und unterer Werkzeugträger
B62: 5 Verschlussbalken | C62: =COUNTIFS(Wartungsplan!$AC$6:$AC$323,"Verschlussbalken",Wartungsplan!$AE$6:$AE$323,"Maßnahme") | D62: =IFERROR(AVERAGEIFS(Wartungsplan!$R$6:$R$323,Wartungsplan!$AC$6:$AC$323,"Verschlussbalken"),0) | E62: =_xlfn.MAXIFS(Wartungsplan!$R$6:$R$323,Wartungsplan!$AC$6:$AC$323,"Verschlussbalken") | F62: =COUNTIFS(Wartungsplan!$AC$6:$AC$323,"Verschlussbalken",Wartungsplan!$S$6:$S$323,"hoch")+COUNTIFS(Wartungsplan!$AC$6:$AC$323,"Verschlussbalken",Wartungsplan!$S$6:$S$323,"kritisch") | G62: =SUMIFS(Wartungsplan!$AB$6:$AB$323,Wartungsplan!$AC$6:$AC$323,"Verschlussbalken") | P62: 5 Verschlussbalken
B63: 6 Hydraulik-/Pneumatikzylinder (Baugruppe in der Vorversion nicht benannt) | C63: =COUNTIFS(Wartungsplan!$AC$6:$AC$323,"Hydraulik-/Pneumatikzylinder (Baugruppe in der Vorversion nicht benannt)",Wartungsplan!$AE$6:$AE$323,"Maßnahme") | D63: =IFERROR(AVERAGEIFS(Wartungsplan!$R$6:$R$323,Wartungsplan!$AC$6:$AC$323,"Hydraulik-/Pneumatikzylinder (Baugruppe in der Vorversion nicht benannt)"),0) | E63: =_xlfn.MAXIFS(Wartungsplan!$R$6:$R$323,Wartungsplan!$AC$6:$AC$323,"Hydraulik-/Pneumatikzylinder (Baugruppe in der Vorversion nicht benannt)") | F63: =COUNTIFS(Wartungsplan!$AC$6:$AC$323,"Hydraulik-/Pneumatikzylinder (Baugruppe in der Vorversion nicht benannt)",Wartungsplan!$S$6:$S$323,"hoch")+COUNTIFS(Wartungsplan!$AC$6:$AC$323,"Hydraulik-/Pneumatikzylinder (Baugruppe in der Vorversion nicht benannt)",Wartungsplan!$S$6:$S$323,"kritisch") | G63: =SUMIFS(Wartungsplan!$AB$6:$AB$323,Wartungsplan!$AC$6:$AC$323,"Hydraulik-/Pneumatikzylinder (Baugruppe in der Vorversion nicht benannt)") | P63: 6 Hydraulik-/Pneumatikzylinder
B64: 7 Wasserbehälter für Umformmedium | C64: =COUNTIFS(Wartungsplan!$AC$6:$AC$323,"Wasserbehälter für Umformmedium",Wartungsplan!$AE$6:$AE$323,"Maßnahme") | D64: =IFERROR(AVERAGEIFS(Wartungsplan!$R$6:$R$323,Wartungsplan!$AC$6:$AC$323,"Wasserbehälter für Umformmedium"),0) | E64: =_xlfn.MAXIFS(Wartungsplan!$R$6:$R$323,Wartungsplan!$AC$6:$AC$323,"Wasserbehälter für Umformmedium") | F64: =COUNTIFS(Wartungsplan!$AC$6:$AC$323,"Wasserbehälter für Umformmedium",Wartungsplan!$S$6:$S$323,"hoch")+COUNTIFS(Wartungsplan!$AC$6:$AC$323,"Wasserbehälter für Umformmedium",Wartungsplan!$S$6:$S$323,"kritisch") | G64: =SUMIFS(Wartungsplan!$AB$6:$AB$323,Wartungsplan!$AC$6:$AC$323,"Wasserbehälter für Umformmedium") | P64: 7 Wasserbehälter für Umformmedium
B65: 8 Auslaufrinne | C65: =COUNTIFS(Wartungsplan!$AC$6:$AC$323,"Auslaufrinne",Wartungsplan!$AE$6:$AE$323,"Maßnahme") | D65: =IFERROR(AVERAGEIFS(Wartungsplan!$R$6:$R$323,Wartungsplan!$AC$6:$AC$323,"Auslaufrinne"),0) | E65: =_xlfn.MAXIFS(Wartungsplan!$R$6:$R$323,Wartungsplan!$AC$6:$AC$323,"Auslaufrinne") | F65: =COUNTIFS(Wartungsplan!$AC$6:$AC$323,"Auslaufrinne",Wartungsplan!$S$6:$S$323,"hoch")+COUNTIFS(Wartungsplan!$AC$6:$AC$323,"Auslaufrinne",Wartungsplan!$S$6:$S$323,"kritisch") | G65: =SUMIFS(Wartungsplan!$AB$6:$AB$323,Wartungsplan!$AC$6:$AC$323,"Auslaufrinne") | P65: 8 Auslaufrinne
B66: 9 Beladehandling (Handling Glattrohrgreifer) und Entnahmehandling (Handling Balggreifer) | C66: =COUNTIFS(Wartungsplan!$AC$6:$AC$323,"Beladehandling (Handling Glattrohrgreifer) und Entnahmehandling (Handling Balggreifer)",Wartungsplan!$AE$6:$AE$323,"Maßnahme") | D66: =IFERROR(AVERAGEIFS(Wartungsplan!$R$6:$R$323,Wartungsplan!$AC$6:$AC$323,"Beladehandling (Handling Glattrohrgreifer) und Entnahmehandling (Handling Balggreifer)"),0) | E66: =_xlfn.MAXIFS(Wartungsplan!$R$6:$R$323,Wartungsplan!$AC$6:$AC$323,"Beladehandling (Handling Glattrohrgreifer) und Entnahmehandling (Handling Balggreifer)") | F66: =COUNTIFS(Wartungsplan!$AC$6:$AC$323,"Beladehandling (Handling Glattrohrgreifer) und Entnahmehandling (Handling Balggreifer)",Wartungsplan!$S$6:$S$323,"hoch")+COUNTIFS(Wartungsplan!$AC$6:$AC$323,"Beladehandling (Handling Glattrohrgreifer) und Entnahmehandling (Handling Balggreifer)",Wartungsplan!$S$6:$S$323,"kritisch") | G66: =SUMIFS(Wartungsplan!$AB$6:$AB$323,Wartungsplan!$AC$6:$AC$323,"Beladehandling (Handling Glattrohrgreifer) und Entnahmehandling (Handling Balggreifer)") | P66: 9 Beladehandling
B67: 10 Wartungseinheit (falls vorhanden) | C67: =COUNTIFS(Wartungsplan!$AC$6:$AC$323,"Wartungseinheit (falls vorhanden)",Wartungsplan!$AE$6:$AE$323,"Maßnahme") | D67: =IFERROR(AVERAGEIFS(Wartungsplan!$R$6:$R$323,Wartungsplan!$AC$6:$AC$323,"Wartungseinheit (falls vorhanden)"),0) | E67: =_xlfn.MAXIFS(Wartungsplan!$R$6:$R$323,Wartungsplan!$AC$6:$AC$323,"Wartungseinheit (falls vorhanden)") | F67: =COUNTIFS(Wartungsplan!$AC$6:$AC$323,"Wartungseinheit (falls vorhanden)",Wartungsplan!$S$6:$S$323,"hoch")+COUNTIFS(Wartungsplan!$AC$6:$AC$323,"Wartungseinheit (falls vorhanden)",Wartungsplan!$S$6:$S$323,"kritisch") | G67: =SUMIFS(Wartungsplan!$AB$6:$AB$323,Wartungsplan!$AC$6:$AC$323,"Wartungseinheit (falls vorhanden)") | P67: 10 Wartungseinheit
B68: 11 Glattrohrzuführung und Vereinzeler/Rohrstopper | C68: =COUNTIFS(Wartungsplan!$AC$6:$AC$323,"Glattrohrzuführung und Vereinzeler/Rohrstopper",Wartungsplan!$AE$6:$AE$323,"Maßnahme") | D68: =IFERROR(AVERAGEIFS(Wartungsplan!$R$6:$R$323,Wartungsplan!$AC$6:$AC$323,"Glattrohrzuführung und Vereinzeler/Rohrstopper"),0) | E68: =_xlfn.MAXIFS(Wartungsplan!$R$6:$R$323,Wartungsplan!$AC$6:$AC$323,"Glattrohrzuführung und Vereinzeler/Rohrstopper") | F68: =COUNTIFS(Wartungsplan!$AC$6:$AC$323,"Glattrohrzuführung und Vereinzeler/Rohrstopper",Wartungsplan!$S$6:$S$323,"hoch")+COUNTIFS(Wartungsplan!$AC$6:$AC$323,"Glattrohrzuführung und Vereinzeler/Rohrstopper",Wartungsplan!$S$6:$S$323,"kritisch") | G68: =SUMIFS(Wartungsplan!$AB$6:$AB$323,Wartungsplan!$AC$6:$AC$323,"Glattrohrzuführung und Vereinzeler/Rohrstopper") | P68: 11 Glattrohrzuführung und Vereinzel…
B69: 12 Handbediengerät | C69: =COUNTIFS(Wartungsplan!$AC$6:$AC$323,"Handbediengerät",Wartungsplan!$AE$6:$AE$323,"Maßnahme") | D69: =IFERROR(AVERAGEIFS(Wartungsplan!$R$6:$R$323,Wartungsplan!$AC$6:$AC$323,"Handbediengerät"),0) | E69: =_xlfn.MAXIFS(Wartungsplan!$R$6:$R$323,Wartungsplan!$AC$6:$AC$323,"Handbediengerät") | F69: =COUNTIFS(Wartungsplan!$AC$6:$AC$323,"Handbediengerät",Wartungsplan!$S$6:$S$323,"hoch")+COUNTIFS(Wartungsplan!$AC$6:$AC$323,"Handbediengerät",Wartungsplan!$S$6:$S$323,"kritisch") | G69: =SUMIFS(Wartungsplan!$AB$6:$AB$323,Wartungsplan!$AC$6:$AC$323,"Handbediengerät") | P69: 12 Handbediengerät
B70: 13 Klimagerät für Schaltschrank | C70: =COUNTIFS(Wartungsplan!$AC$6:$AC$323,"Klimagerät für Schaltschrank",Wartungsplan!$AE$6:$AE$323,"Maßnahme") | D70: =IFERROR(AVERAGEIFS(Wartungsplan!$R$6:$R$323,Wartungsplan!$AC$6:$AC$323,"Klimagerät für Schaltschrank"),0) | E70: =_xlfn.MAXIFS(Wartungsplan!$R$6:$R$323,Wartungsplan!$AC$6:$AC$323,"Klimagerät für Schaltschrank") | F70: =COUNTIFS(Wartungsplan!$AC$6:$AC$323,"Klimagerät für Schaltschrank",Wartungsplan!$S$6:$S$323,"hoch")+COUNTIFS(Wartungsplan!$AC$6:$AC$323,"Klimagerät für Schaltschrank",Wartungsplan!$S$6:$S$323,"kritisch") | G70: =SUMIFS(Wartungsplan!$AB$6:$AB$323,Wartungsplan!$AC$6:$AC$323,"Klimagerät für Schaltschrank") | P70: 13 Klimagerät für Schaltschrank
B71: 14 Schaltschrank | C71: =COUNTIFS(Wartungsplan!$AC$6:$AC$323,"Schaltschrank",Wartungsplan!$AE$6:$AE$323,"Maßnahme") | D71: =IFERROR(AVERAGEIFS(Wartungsplan!$R$6:$R$323,Wartungsplan!$AC$6:$AC$323,"Schaltschrank"),0) | E71: =_xlfn.MAXIFS(Wartungsplan!$R$6:$R$323,Wartungsplan!$AC$6:$AC$323,"Schaltschrank") | F71: =COUNTIFS(Wartungsplan!$AC$6:$AC$323,"Schaltschrank",Wartungsplan!$S$6:$S$323,"hoch")+COUNTIFS(Wartungsplan!$AC$6:$AC$323,"Schaltschrank",Wartungsplan!$S$6:$S$323,"kritisch") | G71: =SUMIFS(Wartungsplan!$AB$6:$AB$323,Wartungsplan!$AC$6:$AC$323,"Schaltschrank") | P71: 14 Schaltschrank
B72: 15 Ölkühler/Wasserkühler | C72: =COUNTIFS(Wartungsplan!$AC$6:$AC$323,"Ölkühler/Wasserkühler",Wartungsplan!$AE$6:$AE$323,"Maßnahme") | D72: =IFERROR(AVERAGEIFS(Wartungsplan!$R$6:$R$323,Wartungsplan!$AC$6:$AC$323,"Ölkühler/Wasserkühler"),0) | E72: =_xlfn.MAXIFS(Wartungsplan!$R$6:$R$323,Wartungsplan!$AC$6:$AC$323,"Ölkühler/Wasserkühler") | F72: =COUNTIFS(Wartungsplan!$AC$6:$AC$323,"Ölkühler/Wasserkühler",Wartungsplan!$S$6:$S$323,"hoch")+COUNTIFS(Wartungsplan!$AC$6:$AC$323,"Ölkühler/Wasserkühler",Wartungsplan!$S$6:$S$323,"kritisch") | G72: =SUMIFS(Wartungsplan!$AB$6:$AB$323,Wartungsplan!$AC$6:$AC$323,"Ölkühler/Wasserkühler") | P72: 15 Ölkühler/Wasserkühler
B73: 16 Hydraulikaggregat | C73: =COUNTIFS(Wartungsplan!$AC$6:$AC$323,"Hydraulikaggregat",Wartungsplan!$AE$6:$AE$323,"Maßnahme") | D73: =IFERROR(AVERAGEIFS(Wartungsplan!$R$6:$R$323,Wartungsplan!$AC$6:$AC$323,"Hydraulikaggregat"),0) | E73: =_xlfn.MAXIFS(Wartungsplan!$R$6:$R$323,Wartungsplan!$AC$6:$AC$323,"Hydraulikaggregat") | F73: =COUNTIFS(Wartungsplan!$AC$6:$AC$323,"Hydraulikaggregat",Wartungsplan!$S$6:$S$323,"hoch")+COUNTIFS(Wartungsplan!$AC$6:$AC$323,"Hydraulikaggregat",Wartungsplan!$S$6:$S$323,"kritisch") | G73: =SUMIFS(Wartungsplan!$AB$6:$AB$323,Wartungsplan!$AC$6:$AC$323,"Hydraulikaggregat") | P73: 16 Hydraulikaggregat
B74: 17 Hydraulik-Druckfilter (mit Filtereinsatz) | C74: =COUNTIFS(Wartungsplan!$AC$6:$AC$323,"Hydraulik-Druckfilter (mit Filtereinsatz)",Wartungsplan!$AE$6:$AE$323,"Maßnahme") | D74: =IFERROR(AVERAGEIFS(Wartungsplan!$R$6:$R$323,Wartungsplan!$AC$6:$AC$323,"Hydraulik-Druckfilter (mit Filtereinsatz)"),0) | E74: =_xlfn.MAXIFS(Wartungsplan!$R$6:$R$323,Wartungsplan!$AC$6:$AC$323,"Hydraulik-Druckfilter (mit Filtereinsatz)") | F74: =COUNTIFS(Wartungsplan!$AC$6:$AC$323,"Hydraulik-Druckfilter (mit Filtereinsatz)",Wartungsplan!$S$6:$S$323,"hoch")+COUNTIFS(Wartungsplan!$AC$6:$AC$323,"Hydraulik-Druckfilter (mit Filtereinsatz)",Wartungsplan!$S$6:$S$323,"kritisch") | G74: =SUMIFS(Wartungsplan!$AB$6:$AB$323,Wartungsplan!$AC$6:$AC$323,"Hydraulik-Druckfilter (mit Filtereinsatz)") | P74: 17 Hydraulik-Druckfilter
B75: 18 Druckübersetzer | C75: =COUNTIFS(Wartungsplan!$AC$6:$AC$323,"Druckübersetzer",Wartungsplan!$AE$6:$AE$323,"Maßnahme") | D75: =IFERROR(AVERAGEIFS(Wartungsplan!$R$6:$R$323,Wartungsplan!$AC$6:$AC$323,"Druckübersetzer"),0) | E75: =_xlfn.MAXIFS(Wartungsplan!$R$6:$R$323,Wartungsplan!$AC$6:$AC$323,"Druckübersetzer") | F75: =COUNTIFS(Wartungsplan!$AC$6:$AC$323,"Druckübersetzer",Wartungsplan!$S$6:$S$323,"hoch")+COUNTIFS(Wartungsplan!$AC$6:$AC$323,"Druckübersetzer",Wartungsplan!$S$6:$S$323,"kritisch") | G75: =SUMIFS(Wartungsplan!$AB$6:$AB$323,Wartungsplan!$AC$6:$AC$323,"Druckübersetzer") | P75: 18 Druckübersetzer
B76: 19 Schmierung allgemein (HSIM) | C76: =COUNTIFS(Wartungsplan!$AC$6:$AC$323,"Schmierung allgemein (HSIM)",Wartungsplan!$AE$6:$AE$323,"Maßnahme") | D76: =IFERROR(AVERAGEIFS(Wartungsplan!$R$6:$R$323,Wartungsplan!$AC$6:$AC$323,"Schmierung allgemein (HSIM)"),0) | E76: =_xlfn.MAXIFS(Wartungsplan!$R$6:$R$323,Wartungsplan!$AC$6:$AC$323,"Schmierung allgemein (HSIM)") | F76: =COUNTIFS(Wartungsplan!$AC$6:$AC$323,"Schmierung allgemein (HSIM)",Wartungsplan!$S$6:$S$323,"hoch")+COUNTIFS(Wartungsplan!$AC$6:$AC$323,"Schmierung allgemein (HSIM)",Wartungsplan!$S$6:$S$323,"kritisch") | G76: =SUMIFS(Wartungsplan!$AB$6:$AB$323,Wartungsplan!$AC$6:$AC$323,"Schmierung allgemein (HSIM)") | P76: 19 Schmierung allgemein
B77: 20 Schutzeinrichtungen | C77: =COUNTIFS(Wartungsplan!$AC$6:$AC$323,"Schutzeinrichtungen",Wartungsplan!$AE$6:$AE$323,"Maßnahme") | D77: =IFERROR(AVERAGEIFS(Wartungsplan!$R$6:$R$323,Wartungsplan!$AC$6:$AC$323,"Schutzeinrichtungen"),0) | E77: =_xlfn.MAXIFS(Wartungsplan!$R$6:$R$323,Wartungsplan!$AC$6:$AC$323,"Schutzeinrichtungen") | F77: =COUNTIFS(Wartungsplan!$AC$6:$AC$323,"Schutzeinrichtungen",Wartungsplan!$S$6:$S$323,"hoch")+COUNTIFS(Wartungsplan!$AC$6:$AC$323,"Schutzeinrichtungen",Wartungsplan!$S$6:$S$323,"kritisch") | G77: =SUMIFS(Wartungsplan!$AB$6:$AB$323,Wartungsplan!$AC$6:$AC$323,"Schutzeinrichtungen") | P77: 20 Schutzeinrichtungen
B78: 21 Kühlaggregat für Öl und Wasser | C78: =COUNTIFS(Wartungsplan!$AC$6:$AC$323,"Kühlaggregat für Öl und Wasser",Wartungsplan!$AE$6:$AE$323,"Maßnahme") | D78: =IFERROR(AVERAGEIFS(Wartungsplan!$R$6:$R$323,Wartungsplan!$AC$6:$AC$323,"Kühlaggregat für Öl und Wasser"),0) | E78: =_xlfn.MAXIFS(Wartungsplan!$R$6:$R$323,Wartungsplan!$AC$6:$AC$323,"Kühlaggregat für Öl und Wasser") | F78: =COUNTIFS(Wartungsplan!$AC$6:$AC$323,"Kühlaggregat für Öl und Wasser",Wartungsplan!$S$6:$S$323,"hoch")+COUNTIFS(Wartungsplan!$AC$6:$AC$323,"Kühlaggregat für Öl und Wasser",Wartungsplan!$S$6:$S$323,"kritisch") | G78: =SUMIFS(Wartungsplan!$AB$6:$AB$323,Wartungsplan!$AC$6:$AC$323,"Kühlaggregat für Öl und Wasser") | P78: 21 Kühlaggregat für Öl und Wasser

Sheet Wartungsplan
A1: Wartungsplan – risikobasierte Wartungsintervallberechnung (große Wartung)
A2: ="Maschine: "&M_Name&" · Equipment-Nr.: "&IF(M_Equipment="","(bitte auf Deckblatt eintragen)",M_Equipment)&" · Schichtfaktor SF: "&TEXT(P_SF,"0.00")
A3: Legende: gelb = Eingabe · weiß = Formel · grau kursiv = Vorschlag (freizugeben) · Bewertung 1 = gering … 5 = sehr hoch · B = √(F²+IH²+Q²+AS²+US²+S²)/2 · RPZ = B × A × E × SF
A4: Maßnahme | H4: Bedeutung B – Folgen bei Ausfall (1–5) | N4: Risikobewertung | S4: Ergebnis & Festlegung | X4: Planungsdaten | AC4: Gliederung & Rückverfolgbarkeit
A5: Nr. | B5: Auszuführende Maßnahme | C5: Art der Maßnahme | D5: Hinweis | E5: Objekt / Bild | F5: Hilfs-/Betriebsmittel, Einstellwerte | G5: Sollzustand / Prüfkriterium | H5: F | I5: IH | J5: Q | K5: AS | L5: US | M5: S | N5: B | O5: A | P5: E | Q5: SF | R5: RPZ | S5: Risikoklasse | T5: Intervall berechnet | U5: Intervall festgelegt | V5: Intervall [Wochen] | W5: Begründung Abweichung / Bemerkung | X5: Relevanz AS/Q/US | Y5: Instandsetzung bei Ausfall (lt. IH) | Z5: Ausführung durch | AA5: Plan-Zeit [min] | AB5: Aufwand [h/Jahr] | AC5: Baugruppe | AD5: Pos. Übersicht | AE5: Zeilentyp | AF5: Bewertung übernommen von | AG5: Nr. Vorversion | AH5: Originaltext Vorversion | AI5: Reihenfolge | AJ5: Rangschlüssel
A6: 1 | B6: Not-Aus | AC6: Not-Aus | AD6: – | AE6: Baugruppe | AG6: 1 | AH6: Not-Aus | AI6: 1
A7: 1.1 | B7: Funktion prüfen (Rasterung, Schaltwirkung) | C7: Funktionsprüfung | D7: ⚠ Gefahrenstelle | G7: Not-Aus sowie sicherheitsrelevante Einrichtungen werden täglich vor Arbeitsbeginn geprüft (Sichtkontrolle). | H7: 3 | I7: 3 | J7: 1 | K7: 5 | L7: 1 | M7: 2 | N7: =IF(COUNT(H7:M7)=6,SQRT(SUMSQ(H7:M7))/2,"") | O7: 2 | P7: 1 | Q7: =P_SF | R7: =IF(COUNT(N7:Q7)=4,N7*O7*P7*Q7,"") | S7: =IF(R7="","unvollständig",IF(R7>P_Grenze_kritisch,"kritisch",IF(R7>=P_Grenze_hoch,"hoch",IF(R7>=P_Grenze_mittel,"mittel","gering")))) | T7: =IF(S7="unvollständig","Bewertung fehlt",INDEX(Kl_Intervall,MATCH(S7,Kl_Name,0))) | U7: =T7 | V7: =IFERROR(INDEX(Iv_Wochen,MATCH(U7,Iv_Name,0)),"") | X7: =TRIM(IF(N(K7)>=P_Krit,"AS ","")&IF(N(J7)>=P_Krit,"Q ","")&IF(N(L7)>=P_Krit,"US","")) | Y7: =IF(ISNUMBER(I7),INDEX(IH_Text,I7),"") | AB7: =IF(AND(ISNUMBER(V7),ISNUMBER(AA7)),52/V7*AA7/60,"") | AC7: Not-Aus | AD7: – | AE7: Maßnahme | AG7: 1.1 | AH7: Prüfe die Funktion (Rasterung, Schaltwirkung) | AI7: 2 | AJ7: =IF(ISNUMBER(R7),R7-AI7/100000,"")
A8: 2 | B8: Bedienpult | AC8: Bedienpult | AD8: 1 | AE8: Baugruppe | AG8: 2 | AH8: 1.) Bedienpult | AI8: 3
A9: 2.1 | B9: Funktion aller Bedienelemente prüfen | C9: Funktionsprüfung | G9: Alle Bedienelemente schalten einwandfrei; keine Beschädigung | H9: 3 | I9: 2 | J9: 1 | K9: 3 | L9: 1 | M9: 3 | N9: =IF(COUNT(H9:M9)=6,SQRT(SUMSQ(H9:M9))/2,"") | O9: 2 | P9: 1 | Q9: =P_SF | R9: =IF(COUNT(N9:Q9)=4,N9*O9*P9*Q9,"") | S9: =IF(R9="","unvollständig",IF(R9>P_Grenze_kritisch,"kritisch",IF(R9>=P_Grenze_hoch,"hoch",IF(R9>=P_Grenze_mittel,"mittel","gering")))) | T9: =IF(S9="unvollständig","Bewertung fehlt",INDEX(Kl_Intervall,MATCH(S9,Kl_Name,0))) | U9: =T9 | V9: =IFERROR(INDEX(Iv_Wochen,MATCH(U9,Iv_Name,0)),"") | X9: =TRIM(IF(N(K9)>=P_Krit,"AS ","")&IF(N(J9)>=P_Krit,"Q ","")&IF(N(L9)>=P_Krit,"US","")) | Y9: =IF(ISNUMBER(I9),INDEX(IH_Text,I9),"") | AB9: =IF(AND(ISNUMBER(V9),ISNUMBER(AA9)),52/V9*AA9/60,"") | AC9: Bedienpult | AD9: 1 | AE9: Maßnahme | AG9: 2.1 | AH9: Prüfe die Funktion aller Bedienelemente | AI9: 4 | AJ9: =IF(ISNUMBER(R9),R9-AI9/100000,"")
A10: 2.2 | B10: Bedienpult reinigen | C10: Reinigung | G10: Bedienpult sauber; Anzeigen und Beschriftungen lesbar | H10: 1 | I10: 2 | J10: 1 | K10: 2 | L10: 1 | M10: 2 | N10: =IF(COUNT(H10:M10)=6,SQRT(SUMSQ(H10:M10))/2,"") | O10: 2 | P10: 1 | Q10: =P_SF | R10: =IF(COUNT(N10:Q10)=4,N10*O10*P10*Q10,"") | S10: =IF(R10="","unvollständig",IF(R10>P_Grenze_kritisch,"kritisch",IF(R10>=P_Grenze_hoch,"hoch",IF(R10>=P_Grenze_mittel,"mittel","gering")))) | T10: =IF(S10="unvollständig","Bewertung fehlt",INDEX(Kl_Intervall,MATCH(S10,Kl_Name,0))) | U10: =T10 | V10: =IFERROR(INDEX(Iv_Wochen,MATCH(U10,Iv_Name,0)),"") | X10: =TRIM(IF(N(K10)>=P_Krit,"AS ","")&IF(N(J10)>=P_Krit,"Q ","")&IF(N(L10)>=P_Krit,"US","")) | Y10: =IF(ISNUMBER(I10),INDEX(IH_Text,I10),"") | AB10: =IF(AND(ISNUMBER(V10),ISNUMBER(AA10)),52/V10*AA10/60,"") | AC10: Bedienpult | AD10: 1 | AE10: Maßnahme | AG10: 2.2 | AH10: Bedienpult reinigen | AI10: 5 | AJ10: =IF(ISNUMBER(R10),R10-AI10/100000,"")
A11: 2.3 | B11: 24-V-Glühbirnen (Meldeleuchten) prüfen, ggf. austauschen | C11: Inspektion | G11: Alle Meldeleuchten funktionsfähig | H11: 3 | I11: 2 | J11: 1 | K11: 3 | L11: 1 | M11: 3 | N11: =IF(COUNT(H11:M11)=6,SQRT(SUMSQ(H11:M11))/2,"") | O11: 2 | P11: 1 | Q11: =P_SF | R11: =IF(COUNT(N11:Q11)=4,N11*O11*P11*Q11,"") | S11: =IF(R11="","unvollständig",IF(R11>P_Grenze_kritisch,"kritisch",IF(R11>=P_Grenze_hoch,"hoch",IF(R11>=P_Grenze_mittel,"mittel","gering")))) | T11: =IF(S11="unvollständig","Bewertung fehlt",INDEX(Kl_Intervall,MATCH(S11,Kl_Name,0))) | U11: =T11 | V11: =IFERROR(INDEX(Iv_Wochen,MATCH(U11,Iv_Name,0)),"") | X11: =TRIM(IF(N(K11)>=P_Krit,"AS ","")&IF(N(J11)>=P_Krit,"Q ","")&IF(N(L11)>=P_Krit,"US","")) | Y11: =IF(ISNUMBER(I11),INDEX(IH_Text,I11),"") | AB11: =IF(AND(ISNUMBER(V11),ISNUMBER(AA11)),52/V11*AA11/60,"") | AC11: Bedienpult | AD11: 1 | AE11: Maßnahme | AG11: 2.3 | AH11: Prüfe 24V Glühbirnen; ggf. austauschen | AI11: 6 | AJ11: =IF(ISNUMBER(R11),R11-AI11/100000,"")
A12: 3 | B12: Staucheinheit (Stauchdorn, Stauchspindel, Elemente für Abdichthub von rechts); Pos. 29 Stauchspindel (Kugelgewindespindel) | AC12: Staucheinheit (Stauchdorn, Stauchspindel, Elemente für Abdichthub von rechts); Pos. 29 Stauchspindel (Kugelgewindespindel) | AD12: 2 / 29 | AE12: Baugruppe | AG12: 3 | AH12: 2.) Staucheinheit (bestehend aus Stauchdorn, Stauchspindel und Elementen für Abdichthub von rechts) Pos. 29 Stauchspindel (Kugelgewindespindel) | AI12: 7
A13: 3.1 | B13: Stauchspindel nach folgenden Kriterien inspizieren: | AC13: Staucheinheit (Stauchdorn, Stauchspindel, Elemente für Abdichthub von rechts); Pos. 29 Stauchspindel (Kugelgewindespindel) | AD13: 2 / 29 | AE13: Prüfgruppe | AG13: 3.1 | AH13: Inspiziere Stauchspindel nach folgenden Kriterien: | AI13: 8
A14: 3.1.1 | B14: Stauchspindel auf Beschädigungen prüfen: Oberfläche (Riefen, Kratzer), Geräusche, Laufruhe | C14: Inspektion | G14: Keine Riefen/Kratzer; ruhiger, geräuscharmer Lauf | H14: 4 | I14: 4 | J14: 4 | K14: 2 | L14: 1 | M14: 1 | N14: =IF(COUNT(H14:M14)=6,SQRT(SUMSQ(H14:M14))/2,"") | O14: 2 | P14: 3 | Q14: =P_SF | R14: =IF(COUNT(N14:Q14)=4,N14*O14*P14*Q14,"") | S14: =IF(R14="","unvollständig",IF(R14>P_Grenze_kritisch,"kritisch",IF(R14>=P_Grenze_hoch,"hoch",IF(R14>=P_Grenze_mittel,"mittel","gering")))) | T14: =IF(S14="unvollständig","Bewertung fehlt",INDEX(Kl_Intervall,MATCH(S14,Kl_Name,0))) | U14: =T14 | V14: =IFERROR(INDEX(Iv_Wochen,MATCH(U14,Iv_Name,0)),"") | X14: =TRIM(IF(N(K14)>=P_Krit,"AS ","")&IF(N(J14)>=P_Krit,"Q ","")&IF(N(L14)>=P_Krit,"US","")) | Y14: =IF(ISNUMBER(I14),INDEX(IH_Text,I14),"") | AB14: =IF(AND(ISNUMBER(V14),ISNUMBER(AA14)),52/V14*AA14/60,"") | AC14: Staucheinheit (Stauchdorn, Stauchspindel, Elemente für Abdichthub von rechts); Pos. 29 Stauchspindel (Kugelgewindespindel) | AD14: 2 / 29 | AE14: Maßnahme | AG14: 3.1.1 | AH14: Stauchspindel auf Beschädigungen prüfen (Oberfläche (Riffen, Kratzer) d. Stauchspindel prüfen; Stauchspindel auf Geräusche, Laufruhe prüfen | AI14: 9 | AJ14: =IF(ISNUMBER(R14),R14-AI14/100000,"")
A15: 3.1.2 | B15: Stauchspindel auf Verschmutzung prüfen, ggf. reinigen | C15: Inspektion | G15: Spindel sauber, frei von Ablagerungen | H15: 4 | I15: 4 | J15: 4 | K15: 2 | L15: 1 | M15: 1 | N15: =IF(COUNT(H15:M15)=6,SQRT(SUMSQ(H15:M15))/2,"") | O15: 2 | P15: 3 | Q15: =P_SF | R15: =IF(COUNT(N15:Q15)=4,N15*O15*P15*Q15,"") | S15: =IF(R15="","unvollständig",IF(R15>P_Grenze_kritisch,"kritisch",IF(R15>=P_Grenze_hoch,"hoch",IF(R15>=P_Grenze_mittel,"mittel","gering")))) | T15: =IF(S15="unvollständig","Bewertung fehlt",INDEX(Kl_Intervall,MATCH(S15,Kl_Name,0))) | U15: =T15 | V15: =IFERROR(INDEX(Iv_Wochen,MATCH(U15,Iv_Name,0)),"") | X15: =TRIM(IF(N(K15)>=P_Krit,"AS ","")&IF(N(J15)>=P_Krit,"Q ","")&IF(N(L15)>=P_Krit,"US","")) | Y15: =IF(ISNUMBER(I15),INDEX(IH_Text,I15),"") | AB15: =IF(AND(ISNUMBER(V15),ISNUMBER(AA15)),52/V15*AA15/60,"") | AC15: Staucheinheit (Stauchdorn, Stauchspindel, Elemente für Abdichthub von rechts); Pos. 29 Stauchspindel (Kugelgewindespindel) | AD15: 2 / 29 | AE15: Maßnahme | AG15: 3.1.2 | AH15: Stauchspindel auf Verschmutzung prüfen ggf. reinigen | AI15: 10 | AJ15: =IF(ISNUMBER(R15),R15-AI15/100000,"")
A16: 3.1.3 | B16: Stauchspindel abschmieren (siehe Schmierplan) | C16: Schmierung | G16: Gleichmäßiger Schmierfilm vorhanden | H16: 5 | I16: 5 | J16: 3 | K16: 3 | L16: 2 | M16: 3 | N16: =IF(COUNT(H16:M16)=6,SQRT(SUMSQ(H16:M16))/2,"") | O16: 5 | P16: 4 | Q16: =P_SF | R16: =IF(COUNT(N16:Q16)=4,N16*O16*P16*Q16,"") | S16: =IF(R16="","unvollständig",IF(R16>P_Grenze_kritisch,"kritisch",IF(R16>=P_Grenze_hoch,"hoch",IF(R16>=P_Grenze_mittel,"mittel","gering")))) | T16: =IF(S16="unvollständig","Bewertung fehlt",INDEX(Kl_Intervall,MATCH(S16,Kl_Name,0))) | U16: =T16 | V16: =IFERROR(INDEX(Iv_Wochen,MATCH(U16,Iv_Name,0)),"") | X16: =TRIM(IF(N(K16)>=P_Krit,"AS ","")&IF(N(J16)>=P_Krit,"Q ","")&IF(N(L16)>=P_Krit,"US","")) | Y16: =IF(ISNUMBER(I16),INDEX(IH_Text,I16),"") | AB16: =IF(AND(ISNUMBER(V16),ISNUMBER(AA16)),52/V16*AA16/60,"") | AC16: Staucheinheit (Stauchdorn, Stauchspindel, Elemente für Abdichthub von rechts); Pos. 29 Stauchspindel (Kugelgewindespindel) | AD16: 2 / 29 | AE16: Maßnahme | AG16: 3.1.3 | AH16: Stauchspindel abschmieren (siehe Schmierplan) | AI16: 11 | AJ16: =IF(ISNUMBER(R16),R16-AI16/100000,"")
A17: 3.1.4 | B17: Zustand der Stauchspindel auf Schmierfilm und Verschleiß prüfen; bei ausreichendem Schmierfilm ist keine Schmierung notwendig | C17: Inspektion | G17: Ausreichender Schmierfilm; kein sichtbarer Verschleiß | H17: 5 | I17: 5 | J17: 3 | K17: 3 | L17: 2 | M17: 3 | N17: =IF(COUNT(H17:M17)=6,SQRT(SUMSQ(H17:M17))/2,"") | O17: 5 | P17: 4 | Q17: =P_SF | R17: =IF(COUNT(N17:Q17)=4,N17*O17*P17*Q17,"") | S17: =IF(R17="","unvollständig",IF(R17>P_Grenze_kritisch,"kritisch",IF(R17>=P_Grenze_hoch,"hoch",IF(R17>=P_Grenze_mittel,"mittel","gering")))) | T17: =IF(S17="unvollständig","Bewertung fehlt",INDEX(Kl_Intervall,MATCH(S17,Kl_Name,0))) | U17: =T17 | V17: =IFERROR(INDEX(Iv_Wochen,MATCH(U17,Iv_Name,0)),"") | X17: =TRIM(IF(N(K17)>=P_Krit,"AS ","")&IF(N(J17)>=P_Krit,"Q ","")&IF(N(L17)>=P_Krit,"US","")) | Y17: =IF(ISNUMBER(I17),INDEX(IH_Text,I17),"") | AB17: =IF(AND(ISNUMBER(V17),ISNUMBER(AA17)),52/V17*AA17/60,"") | AC17: Staucheinheit (Stauchdorn, Stauchspindel, Elemente für Abdichthub von rechts); Pos. 29 Stauchspindel (Kugelgewindespindel) | AD17: 2 / 29 | AE17: Maßnahme | AG17: 3.1.4 | AH17: überprüfe den Zustand der Stauch-Spindel auf Schmierfilm und Verschleiß. Bei ausreichendem Schmierfilm; --> Schmierung nicht notwendig | AI17: 12 | AJ17: =IF(ISNUMBER(R17),R17-AI17/100000,"")
A18: 3.1.5 | B18: Abdeckung abschrauben; Schmierung über Bohrung Pos. 33 in der Spindel. ACHTUNG: Spindel dazu unbedingt auf Maximalhub ausfahren. 6–10 Hübe je Schmiernippel; Spindel mit sauberem Pinsel abschmieren (Teflon-Fett) | C18: Schmierung | D18: ⚠ Gefahrenstelle | F18: Profi Spezial Grease (Profi Star) | G18: Spindel vollständig abgeschmiert; Abdeckung wieder montiert | H18: 5 | I18: 5 | J18: 3 | K18: 3 | L18: 2 | M18: 3 | N18: =IF(COUNT(H18:M18)=6,SQRT(SUMSQ(H18:M18))/2,"") | O18: 5 | P18: 4 | Q18: =P_SF | R18: =IF(COUNT(N18:Q18)=4,N18*O18*P18*Q18,"") | S18: =IF(R18="","unvollständig",IF(R18>P_Grenze_kritisch,"kritisch",IF(R18>=P_Grenze_hoch,"hoch",IF(R18>=P_Grenze_mittel,"mittel","gering")))) | T18: =IF(S18="unvollständig","Bewertung fehlt",INDEX(Kl_Intervall,MATCH(S18,Kl_Name,0))) | U18: =T18 | V18: =IFERROR(INDEX(Iv_Wochen,MATCH(U18,Iv_Name,0)),"") | X18: =TRIM(IF(N(K18)>=P_Krit,"AS ","")&IF(N(J18)>=P_Krit,"Q ","")&IF(N(L18)>=P_Krit,"US","")) | Y18: =IF(ISNUMBER(I18),INDEX(IH_Text,I18),"") | AB18: =IF(AND(ISNUMBER(V18),ISNUMBER(AA18)),52/V18*AA18/60,"") | AC18: Staucheinheit (Stauchdorn, Stauchspindel, Elemente für Abdichthub von rechts); Pos. 29 Stauchspindel (Kugelgewindespindel) | AD18: 2 / 29 | AE18: Maßnahme | AG18: 3.1.5 | AH18: Abdeckung abschrauben --> Schmierung erfolgt über Bohrung Pos. 33 in der Spindel Achtung: Spindel dazu unbedingt auf Maximalhub ausfahren --> Schmieren 6-10 Hübe/Schmiernippel + Spindel mit sauberen Pinsel abschmieren (Teflon-Fett) | AI18: 13 | AJ18: =IF(ISNUMBER(R18),R18-AI18/100000,"")
A19: 3.1.6 | B19: Getriebe kontrollieren (Sichtkontrolle auf Öl-Leckage) | C19: Inspektion | G19: Keine Öl-Leckage | H19: 4 | I19: 4 | J19: 4 | K19: 2 | L19: 1 | M19: 1 | N19: =IF(COUNT(H19:M19)=6,SQRT(SUMSQ(H19:M19))/2,"") | O19: 2 | P19: 4 | Q19: =P_SF | R19: =IF(COUNT(N19:Q19)=4,N19*O19*P19*Q19,"") | S19: =IF(R19="","unvollständig",IF(R19>P_Grenze_kritisch,"kritisch",IF(R19>=P_Grenze_hoch,"hoch",IF(R19>=P_Grenze_mittel,"mittel","gering")))) | T19: =IF(S19="unvollständig","Bewertung fehlt",INDEX(Kl_Intervall,MATCH(S19,Kl_Name,0))) | U19: =T19 | V19: =IFERROR(INDEX(Iv_Wochen,MATCH(U19,Iv_Name,0)),"") | X19: =TRIM(IF(N(K19)>=P_Krit,"AS ","")&IF(N(J19)>=P_Krit,"Q ","")&IF(N(L19)>=P_Krit,"US","")) | Y19: =IF(ISNUMBER(I19),INDEX(IH_Text,I19),"") | AB19: =IF(AND(ISNUMBER(V19),ISNUMBER(AA19)),52/V19*AA19/60,"") | AC19: Staucheinheit (Stauchdorn, Stauchspindel, Elemente für Abdichthub von rechts); Pos. 29 Stauchspindel (Kugelgewindespindel) | AD19: 2 / 29 | AE19: Maßnahme | AG19: 3.1.6 | AH19: kontrolliere Getriebe (Sichtkontrolle auf Öl-Leckage ) | AI19: 14 | AJ19: =IF(ISNUMBER(R19),R19-AI19/100000,"")
A20: 3.1.7 | B20: Elektromotor kontrollieren (Funktion, Verschmutzung, Laufruhe, Kabel) | C20: Inspektion | G20: Motor sauber, ruhiger Lauf; Kabel unbeschädigt | H20: 4 | I20: 4 | J20: 4 | K20: 2 | L20: 1 | M20: 1 | N20: =IF(COUNT(H20:M20)=6,SQRT(SUMSQ(H20:M20))/2,"") | O20: 2 | P20: 4 | Q20: =P_SF | R20: =IF(COUNT(N20:Q20)=4,N20*O20*P20*Q20,"") | S20: =IF(R20="","unvollständig",IF(R20>P_Grenze_kritisch,"kritisch",IF(R20>=P_Grenze_hoch,"hoch",IF(R20>=P_Grenze_mittel,"mittel","gering")))) | T20: =IF(S20="unvollständig","Bewertung fehlt",INDEX(Kl_Intervall,MATCH(S20,Kl_Name,0))) | U20: =T20 | V20: =IFERROR(INDEX(Iv_Wochen,MATCH(U20,Iv_Name,0)),"") | X20: =TRIM(IF(N(K20)>=P_Krit,"AS ","")&IF(N(J20)>=P_Krit,"Q ","")&IF(N(L20)>=P_Krit,"US","")) | Y20: =IF(ISNUMBER(I20),INDEX(IH_Text,I20),"") | AB20: =IF(AND(ISNUMBER(V20),ISNUMBER(AA20)),52/V20*AA20/60,"") | AC20: Staucheinheit (Stauchdorn, Stauchspindel, Elemente für Abdichthub von rechts); Pos. 29 Stauchspindel (Kugelgewindespindel) | AD20: 2 / 29 | AE20: Maßnahme | AG20: 3.1.7 | AH20: Kontrolliere Elektromotor (Funktion/Verschmutzung/Laufruhe/Kabeln) | AI20: 15 | AJ20: =IF(ISNUMBER(R20),R20-AI20/100000,"")
A21: 4 | B21: Oberer und unterer Werkzeugträger | AC21: Oberer und unterer Werkzeugträger | AD21: 3 / 6 | AE21: Baugruppe | AG21: 4 | AH21: 3.) u. 6.) Oberer Werkzeugträger/Unterer Werkzeugträger | AI21: 16
A22: 4.1 | B22: Alle Werkzeugträger nach folgenden Kriterien inspizieren: | AC22: Oberer und unterer Werkzeugträger | AD22: 3 / 6 | AE22: Prüfgruppe | AG22: 4.1 | AH22: Inspiziere alle Werkzeugträger nach folgenden Kriterien: | AI22: 17
A23: 4.1.1 | B23: Spindel auf Beschädigungen prüfen: Oberfläche (Riefen, Kratzer), Geräusche, Laufruhe | C23: Inspektion | G23: Keine Riefen/Kratzer; ruhiger, geräuscharmer Lauf | H23: 5 | I23: 5 | J23: 3 | K23: 3 | L23: 2 | M23: 3 | N23: =IF(COUNT(H23:M23)=6,SQRT(SUMSQ(H23:M23))/2,"") | O23: 5 | P23: 4 | Q23: =P_SF | R23: =IF(COUNT(N23:Q23)=4,N23*O23*P23*Q23,"") | S23: =IF(R23="","unvollständig",IF(R23>P_Grenze_kritisch,"kritisch",IF(R23>=P_Grenze_hoch,"hoch",IF(R23>=P_Grenze_mittel,"mittel","gering")))) | T23: =IF(S23="unvollständig","Bewertung fehlt",INDEX(Kl_Intervall,MATCH(S23,Kl_Name,0))) | U23: =T23 | V23: =IFERROR(INDEX(Iv_Wochen,MATCH(U23,Iv_Name,0)),"") | X23: =TRIM(IF(N(K23)>=P_Krit,"AS ","")&IF(N(J23)>=P_Krit,"Q ","")&IF(N(L23)>=P_Krit,"US","")) | Y23: =IF(ISNUMBER(I23),INDEX(IH_Text,I23),"") | AB23: =IF(AND(ISNUMBER(V23),ISNUMBER(AA23)),52/V23*AA23/60,"") | AC23: Oberer und unterer Werkzeugträger | AD23: 3 / 6 | AE23: Maßnahme | AG23: 4.1.1 | AH23: Spindel auf Beschädigungen prüfen (Oberfläche (Riffen, Kratzer) d. Spindel prüfen; Stauchspindel auf Geräusche, Laufruhe prüfen | AI23: 18 | AJ23: =IF(ISNUMBER(R23),R23-AI23/100000,"")
A24: 4.1.2 | B24: Spindel auf Verschmutzung prüfen, ggf. reinigen | C24: Inspektion | G24: Spindel sauber, frei von Ablagerungen | H24: 2 | I24: 2 | J24: 1 | K24: 1 | L24: 3 | M24: 1 | N24: =IF(COUNT(H24:M24)=6,SQRT(SUMSQ(H24:M24))/2,"") | O24: 5 | P24: 2 | Q24: =P_SF | R24: =IF(COUNT(N24:Q24)=4,N24*O24*P24*Q24,"") | S24: =IF(R24="","unvollständig",IF(R24>P_Grenze_kritisch,"kritisch",IF(R24>=P_Grenze_hoch,"hoch",IF(R24>=P_Grenze_mittel,"mittel","gering")))) | T24: =IF(S24="unvollständig","Bewertung fehlt",INDEX(Kl_Intervall,MATCH(S24,Kl_Name,0))) | U24: =T24 | V24: =IFERROR(INDEX(Iv_Wochen,MATCH(U24,Iv_Name,0)),"") | X24: =TRIM(IF(N(K24)>=P_Krit,"AS ","")&IF(N(J24)>=P_Krit,"Q ","")&IF(N(L24)>=P_Krit,"US","")) | Y24: =IF(ISNUMBER(I24),INDEX(IH_Text,I24),"") | AB24: =IF(AND(ISNUMBER(V24),ISNUMBER(AA24)),52/V24*AA24/60,"") | AC24: Oberer und unterer Werkzeugträger | AD24: 3 / 6 | AE24: Maßnahme | AG24: 4.1.2 | AH24: Spindel auf Verschmutzung prüfen ggf. reinigen | AI24: 19 | AJ24: =IF(ISNUMBER(R24),R24-AI24/100000,"")
A25: 4.1.3 | B25: Spindel abschmieren (siehe Schmierplan): Spindelmutter Y-Schlitten, 6 Hübe je Schmiernippel. Werkzeugträger zusammenfahren und prüfen, ob genügend Schmierfilm auf der Spindel vorhanden ist; ggf. nochmals abschmieren | C25: Schmierung | D25: ⚠ Gefahrenstelle / ℹ Hinweis beachten | F25: Profi Spezial Grease (Profi Star) | G25: Ausreichender Schmierfilm auf der Spindel | H25: 5 | I25: 5 | J25: 3 | K25: 3 | L25: 2 | M25: 3 | N25: =IF(COUNT(H25:M25)=6,SQRT(SUMSQ(H25:M25))/2,"") | O25: 5 | P25: 2 | Q25: =P_SF | R25: =IF(COUNT(N25:Q25)=4,N25*O25*P25*Q25,"") | S25: =IF(R25="","unvollständig",IF(R25>P_Grenze_kritisch,"kritisch",IF(R25>=P_Grenze_hoch,"hoch",IF(R25>=P_Grenze_mittel,"mittel","gering")))) | T25: =IF(S25="unvollständig","Bewertung fehlt",INDEX(Kl_Intervall,MATCH(S25,Kl_Name,0))) | U25: =T25 | V25: =IFERROR(INDEX(Iv_Wochen,MATCH(U25,Iv_Name,0)),"") | X25: =TRIM(IF(N(K25)>=P_Krit,"AS ","")&IF(N(J25)>=P_Krit,"Q ","")&IF(N(L25)>=P_Krit,"US","")) | Y25: =IF(ISNUMBER(I25),INDEX(IH_Text,I25),"") | AB25: =IF(AND(ISNUMBER(V25),ISNUMBER(AA25)),52/V25*AA25/60,"") | AC25: Oberer und unterer Werkzeugträger | AD25: 3 / 6 | AE25: Maßnahme | AG25: 4.1.3 | AH25: Spindel abschmieren (siehe Schmierplan) Spindelmutter Y-Schlitten --> Schmieren (6) Hübe/Schmiernippel. Werkzuegträger zusammenfahren und überprüfen ob genügend Schmierfilm auf Spindel vorhanden ggf. nochmal abschmieren | AI25: 20 | AJ25: =IF(ISNUMBER(R25),R25-AI25/100000,"")
A26: 4.1.4 | B26: Hauptführung Y-Schlitten kontrollieren (!) – Schmierplan Pos. 1–5: Führungen abschmieren, 6 Hübe je Schmiernippel | C26: Schmierung | D26: ⚠ Gefahrenstelle / ℹ Hinweis beachten | F26: Profi Spezial Grease (Profi Star) | G26: abgeschmiert | H26: 5 | I26: 5 | J26: 3 | K26: 3 | L26: 2 | M26: 3 | N26: =IF(COUNT(H26:M26)=6,SQRT(SUMSQ(H26:M26))/2,"") | Q26: =P_SF | R26: =IF(COUNT(N26:Q26)=4,N26*O26*P26*Q26,"") | S26: =IF(R26="","unvollständig",IF(R26>P_Grenze_kritisch,"kritisch",IF(R26>=P_Grenze_hoch,"hoch",IF(R26>=P_Grenze_mittel,"mittel","gering")))) | T26: =IF(S26="unvollständig","Bewertung fehlt",INDEX(Kl_Intervall,MATCH(S26,Kl_Name,0))) | U26: =T26 | V26: =IFERROR(INDEX(Iv_Wochen,MATCH(U26,Iv_Name,0)),"") | X26: =TRIM(IF(N(K26)>=P_Krit,"AS ","")&IF(N(J26)>=P_Krit,"Q ","")&IF(N(L26)>=P_Krit,"US","")) | Y26: =IF(ISNUMBER(I26),INDEX(IH_Text,I26),"") | AB26: =IF(AND(ISNUMBER(V26),ISNUMBER(AA26)),52/V26*AA26/60,"") | AC26: Oberer und unterer Werkzeugträger | AD26: 3 / 6 | AE26: Maßnahme | AG26: 4.1.4 | AH26: Hauptführung Y-Schlitten kontrollieren !!! Schmierplan Pos. 1-5 Führungen abschmiern (6) Hübe/Schmiernippel | AI26: 21 | AJ26: =IF(ISNUMBER(R26),R26-AI26/100000,"")
A27: 4.1.5 | B27: Elektromotor kontrollieren (Funktion, Verschmutzung, Laufruhe, Kabel) | C27: Inspektion | G27: Motor sauber, ruhiger Lauf; Kabel unbeschädigt | H27: 3 | I27: 3 | J27: 2 | K27: 2 | L27: 2 | M27: 3 | N27: =IF(COUNT(H27:M27)=6,SQRT(SUMSQ(H27:M27))/2,"") | O27: 2 | P27: 3 | Q27: =P_SF | R27: =IF(COUNT(N27:Q27)=4,N27*O27*P27*Q27,"") | S27: =IF(R27="","unvollständig",IF(R27>P_Grenze_kritisch,"kritisch",IF(R27>=P_Grenze_hoch,"hoch",IF(R27>=P_Grenze_mittel,"mittel","gering")))) | T27: =IF(S27="unvollständig","Bewertung fehlt",INDEX(Kl_Intervall,MATCH(S27,Kl_Name,0))) | U27: =T27 | V27: =IFERROR(INDEX(Iv_Wochen,MATCH(U27,Iv_Name,0)),"") | X27: =TRIM(IF(N(K27)>=P_Krit,"AS ","")&IF(N(J27)>=P_Krit,"Q ","")&IF(N(L27)>=P_Krit,"US","")) | Y27: =IF(ISNUMBER(I27),INDEX(IH_Text,I27),"") | AB27: =IF(AND(ISNUMBER(V27),ISNUMBER(AA27)),52/V27*AA27/60,"") | AC27: Oberer und unterer Werkzeugträger | AD27: 3 / 6 | AE27: Maßnahme | AG27: 4.1.5 | AH27: Kontrolliere Elektromotor (Funktion/Verschmutzung/Laufruhe/Kabeln) | AI27: 22 | AJ27: =IF(ISNUMBER(R27),R27-AI27/100000,"")
A28: 5 | B28: Verschlussbalken | AC28: Verschlussbalken | AD28: 5 | AE28: Baugruppe | AG28: 5 | AH28: 5.) Verschlussbalken | AI28: 23
A29: 5.1 | B29: Verschlussbalken abschmieren, 6 Hübe je Schmiernippel | C29: Schmierung | D29: ℹ Hinweis beachten | F29: Profi Spezial Grease (Profi Star) | G29: Alle Schmierstellen abgeschmiert | H29: 5 | I29: 5 | J29: 3 | K29: 3 | L29: 2 | M29: 3 | N29: =IF(COUNT(H29:M29)=6,SQRT(SUMSQ(H29:M29))/2,"") | O29: 4 | P29: 4 | Q29: =P_SF | R29: =IF(COUNT(N29:Q29)=4,N29*O29*P29*Q29,"") | S29: =IF(R29="","unvollständig",IF(R29>P_Grenze_kritisch,"kritisch",IF(R29>=P_Grenze_hoch,"hoch",IF(R29>=P_Grenze_mittel,"mittel","gering")))) | T29: =IF(S29="unvollständig","Bewertung fehlt",INDEX(Kl_Intervall,MATCH(S29,Kl_Name,0))) | U29: =T29 | V29: =IFERROR(INDEX(Iv_Wochen,MATCH(U29,Iv_Name,0)),"") | X29: =TRIM(IF(N(K29)>=P_Krit,"AS ","")&IF(N(J29)>=P_Krit,"Q ","")&IF(N(L29)>=P_Krit,"US","")) | Y29: =IF(ISNUMBER(I29),INDEX(IH_Text,I29),"") | AB29: =IF(AND(ISNUMBER(V29),ISNUMBER(AA29)),52/V29*AA29/60,"") | AC29: Verschlussbalken | AD29: 5 | AE29: Maßnahme | AG29: 5.1.2 | AH29: Verschlußbalcken abschmieren (6) Hübe/Schmiernippel | AI29: 24 | AJ29: =IF(ISNUMBER(R29),R29-AI29/100000,"")
A30: 5.2 | B30: Alle Hydraulikzylinder nach folgenden Kriterien inspizieren: | AC30: Verschlussbalken | AD30: 5 | AE30: Prüfgruppe | AG30: 5.1.1 | AH30: Inspiziere alle Hydraulikzylinder nach folgenden Kriterien: | AI30: 25
A31: 5.2.1 | B31: Kolbenspiel kontrollieren | C31: Inspektion | G31: Kein unzulässiges Kolbenspiel | H31: 3 | I31: 4 | J31: 2 | K31: 2 | L31: 3 | M31: 3 | N31: =IF(COUNT(H31:M31)=6,SQRT(SUMSQ(H31:M31))/2,"") | O31: 3 | P31: 5 | Q31: =P_SF | R31: =IF(COUNT(N31:Q31)=4,N31*O31*P31*Q31,"") | S31: =IF(R31="","unvollständig",IF(R31>P_Grenze_kritisch,"kritisch",IF(R31>=P_Grenze_hoch,"hoch",IF(R31>=P_Grenze_mittel,"mittel","gering")))) | T31: =IF(S31="unvollständig","Bewertung fehlt",INDEX(Kl_Intervall,MATCH(S31,Kl_Name,0))) | U31: =T31 | V31: =IFERROR(INDEX(Iv_Wochen,MATCH(U31,Iv_Name,0)),"") | X31: =TRIM(IF(N(K31)>=P_Krit,"AS ","")&IF(N(J31)>=P_Krit,"Q ","")&IF(N(L31)>=P_Krit,"US","")) | Y31: =IF(ISNUMBER(I31),INDEX(IH_Text,I31),"") | AB31: =IF(AND(ISNUMBER(V31),ISNUMBER(AA31)),52/V31*AA31/60,"") | AC31: Verschlussbalken | AD31: 5 | AE31: Maßnahme | AG31: 5.1.3 | AH31: kontrolliere Kolbenspiel | AI31: 26 | AJ31: =IF(ISNUMBER(R31),R31-AI31/100000,"")
A32: 5.2.2 | B32: Dichtungen kontrollieren (Sichtkontrolle auf Öl-Leckage) | C32: Inspektion | G32: Keine Öl-Leckage | H32: 3 | I32: 4 | J32: 2 | K32: 3 | L32: 5 | M32: 3 | N32: =IF(COUNT(H32:M32)=6,SQRT(SUMSQ(H32:M32))/2,"") | O32: 3 | P32: 4 | Q32: =P_SF | R32: =IF(COUNT(N32:Q32)=4,N32*O32*P32*Q32,"") | S32: =IF(R32="","unvollständig",IF(R32>P_Grenze_kritisch,"kritisch",IF(R32>=P_Grenze_hoch,"hoch",IF(R32>=P_Grenze_mittel,"mittel","gering")))) | T32: =IF(S32="unvollständig","Bewertung fehlt",INDEX(Kl_Intervall,MATCH(S32,Kl_Name,0))) | U32: =T32 | V32: =IFERROR(INDEX(Iv_Wochen,MATCH(U32,Iv_Name,0)),"") | X32: =TRIM(IF(N(K32)>=P_Krit,"AS ","")&IF(N(J32)>=P_Krit,"Q ","")&IF(N(L32)>=P_Krit,"US","")) | Y32: =IF(ISNUMBER(I32),INDEX(IH_Text,I32),"") | AB32: =IF(AND(ISNUMBER(V32),ISNUMBER(AA32)),52/V32*AA32/60,"") | AC32: Verschlussbalken | AD32: 5 | AE32: Maßnahme | AG32: 5.1.4 | AH32: kontrolliere Dichtungen (Sichtkontrolle auf Öl-Leckage ) | AI32: 27 | AJ32: =IF(ISNUMBER(R32),R32-AI32/100000,"")
A33: 5.2.3 | B33: Anschlüsse auf Dichtheit und Beschädigungen prüfen | C33: Inspektion | G33: Dicht, unbeschädigt | H33: 3 | I33: 3 | J33: 2 | K33: 3 | L33: 5 | M33: 3 | N33: =IF(COUNT(H33:M33)=6,SQRT(SUMSQ(H33:M33))/2,"") | O33: 1 | P33: 5 | Q33: =P_SF | R33: =IF(COUNT(N33:Q33)=4,N33*O33*P33*Q33,"") | S33: =IF(R33="","unvollständig",IF(R33>P_Grenze_kritisch,"kritisch",IF(R33>=P_Grenze_hoch,"hoch",IF(R33>=P_Grenze_mittel,"mittel","gering")))) | T33: =IF(S33="unvollständig","Bewertung fehlt",INDEX(Kl_Intervall,MATCH(S33,Kl_Name,0))) | U33: =T33 | V33: =IFERROR(INDEX(Iv_Wochen,MATCH(U33,Iv_Name,0)),"") | X33: =TRIM(IF(N(K33)>=P_Krit,"AS ","")&IF(N(J33)>=P_Krit,"Q ","")&IF(N(L33)>=P_Krit,"US","")) | Y33: =IF(ISNUMBER(I33),INDEX(IH_Text,I33),"") | AB33: =IF(AND(ISNUMBER(V33),ISNUMBER(AA33)),52/V33*AA33/60,"") | AC33: Verschlussbalken | AD33: 5 | AE33: Maßnahme | AG33: 5.1.5 | AH33: Anschlüsse auf Dichtheit und Beschädigungen prüfen | AI33: 28 | AJ33: =IF(ISNUMBER(R33),R33-AI33/100000,"")
A34: 5.2.4 | B34: Befestigung des Zylinders prüfen (wenn möglich) | C34: Inspektion | G34: Fest, kein Spiel | H34: 3 | I34: 3 | J34: 2 | K34: 2 | L34: 3 | M34: 3 | N34: =IF(COUNT(H34:M34)=6,SQRT(SUMSQ(H34:M34))/2,"") | O34: 2 | P34: 4 | Q34: =P_SF | R34: =IF(COUNT(N34:Q34)=4,N34*O34*P34*Q34,"") | S34: =IF(R34="","unvollständig",IF(R34>P_Grenze_kritisch,"kritisch",IF(R34>=P_Grenze_hoch,"hoch",IF(R34>=P_Grenze_mittel,"mittel","gering")))) | T34: =IF(S34="unvollständig","Bewertung fehlt",INDEX(Kl_Intervall,MATCH(S34,Kl_Name,0))) | U34: =T34 | V34: =IFERROR(INDEX(Iv_Wochen,MATCH(U34,Iv_Name,0)),"") | X34: =TRIM(IF(N(K34)>=P_Krit,"AS ","")&IF(N(J34)>=P_Krit,"Q ","")&IF(N(L34)>=P_Krit,"US","")) | Y34: =IF(ISNUMBER(I34),INDEX(IH_Text,I34),"") | AB34: =IF(AND(ISNUMBER(V34),ISNUMBER(AA34)),52/V34*AA34/60,"") | AC34: Verschlussbalken | AD34: 5 | AE34: Maßnahme | AG34: 5.1.6 | AH34: überprüfe die Befestigung des Zylinders (wenn möglich) | AI34: 29 | AJ34: =IF(ISNUMBER(R34),R34-AI34/100000,"")
A35: 5.2.5 | B35: Funktion des Zylinders testen | C35: Funktionsprüfung | G35: Gleichmäßige Bewegung über den gesamten Hub | H35: 3 | I35: 3 | J35: 2 | K35: 1 | L35: 1 | M35: 3 | N35: =IF(COUNT(H35:M35)=6,SQRT(SUMSQ(H35:M35))/2,"") | O35: 2 | P35: 4 | Q35: =P_SF | R35: =IF(COUNT(N35:Q35)=4,N35*O35*P35*Q35,"") | S35: =IF(R35="","unvollständig",IF(R35>P_Grenze_kritisch,"kritisch",IF(R35>=P_Grenze_hoch,"hoch",IF(R35>=P_Grenze_mittel,"mittel","gering")))) | T35: =IF(S35="unvollständig","Bewertung fehlt",INDEX(Kl_Intervall,MATCH(S35,Kl_Name,0))) | U35: =T35 | V35: =IFERROR(INDEX(Iv_Wochen,MATCH(U35,Iv_Name,0)),"") | X35: =TRIM(IF(N(K35)>=P_Krit,"AS ","")&IF(N(J35)>=P_Krit,"Q ","")&IF(N(L35)>=P_Krit,"US","")) | Y35: =IF(ISNUMBER(I35),INDEX(IH_Text,I35),"") | AB35: =IF(AND(ISNUMBER(V35),ISNUMBER(AA35)),52/V35*AA35/60,"") | AC35: Verschlussbalken | AD35: 5 | AE35: Maßnahme | AG35: 5.1.7 | AH35: Funktion des Zylinders testen | AI35: 30 | AJ35: =IF(ISNUMBER(R35),R35-AI35/100000,"")
A36: 5.2.6 | B36: Hydraulikverschraubungen kontrollieren, ggf. nachziehen | C36: Inspektion | G36: Verschraubungen fest und dicht | H36: 3 | I36: 3 | J36: 2 | K36: 3 | L36: 4 | M36: 3 | N36: =IF(COUNT(H36:M36)=6,SQRT(SUMSQ(H36:M36))/2,"") | O36: 3 | P36: 4 | Q36: =P_SF | R36: =IF(COUNT(N36:Q36)=4,N36*O36*P36*Q36,"") | S36: =IF(R36="","unvollständig",IF(R36>P_Grenze_kritisch,"kritisch",IF(R36>=P_Grenze_hoch,"hoch",IF(R36>=P_Grenze_mittel,"mittel","gering")))) | T36: =IF(S36="unvollständig","Bewertung fehlt",INDEX(Kl_Intervall,MATCH(S36,Kl_Name,0))) | U36: =T36 | V36: =IFERROR(INDEX(Iv_Wochen,MATCH(U36,Iv_Name,0)),"") | X36: =TRIM(IF(N(K36)>=P_Krit,"AS ","")&IF(N(J36)>=P_Krit,"Q ","")&IF(N(L36)>=P_Krit,"US","")) | Y36: =IF(ISNUMBER(I36),INDEX(IH_Text,I36),"") | AB36: =IF(AND(ISNUMBER(V36),ISNUMBER(AA36)),52/V36*AA36/60,"") | AC36: Verschlussbalken | AD36: 5 | AE36: Maßnahme | AG36: 5.1.8 | AH36: kontrolliere Hydraulikverschraubungen ggf. nachziehen | AI36: 31 | AJ36: =IF(ISNUMBER(R36),R36-AI36/100000,"")
A37: 5.2.7 | B37: Hydraulikschläuche/-leitungen auf Dichtheit und Beschädigungen prüfen, ggf. nachziehen | C37: Inspektion | G37: Dicht; keine Scheuerstellen, Risse oder Knicke | H37: 3 | I37: 3 | J37: 2 | K37: 3 | L37: 5 | M37: 3 | N37: =IF(COUNT(H37:M37)=6,SQRT(SUMSQ(H37:M37))/2,"") | O37: 4 | P37: 4 | Q37: =P_SF | R37: =IF(COUNT(N37:Q37)=4,N37*O37*P37*Q37,"") | S37: =IF(R37="","unvollständig",IF(R37>P_Grenze_kritisch,"kritisch",IF(R37>=P_Grenze_hoch,"hoch",IF(R37>=P_Grenze_mittel,"mittel","gering")))) | T37: =IF(S37="unvollständig","Bewertung fehlt",INDEX(Kl_Intervall,MATCH(S37,Kl_Name,0))) | U37: =T37 | V37: =IFERROR(INDEX(Iv_Wochen,MATCH(U37,Iv_Name,0)),"") | X37: =TRIM(IF(N(K37)>=P_Krit,"AS ","")&IF(N(J37)>=P_Krit,"Q ","")&IF(N(L37)>=P_Krit,"US","")) | Y37: =IF(ISNUMBER(I37),INDEX(IH_Text,I37),"") | AB37: =IF(AND(ISNUMBER(V37),ISNUMBER(AA37)),52/V37*AA37/60,"") | AC37: Verschlussbalken | AD37: 5 | AE37: Maßnahme | AG37: 5.1.9 | AH37: Hydraulikschläuche/Hydraulikleitungen auf Dichtheit und Beschädigungen prüfen ggf. Nachziehen | AI37: 32 | AJ37: =IF(ISNUMBER(R37),R37-AI37/100000,"")
A38: 5.3 | B38: Alle Sensoren/Endschalter nach folgenden Kriterien inspizieren: | AC38: Verschlussbalken | AD38: 5 | AE38: Prüfgruppe | AG38: 5.2 | AH38: Inspiziere alle Sensoren/Endschalter nach folgenden Kriterien: | AI38: 33
A39: 5.3.1 | B39: Funktion testen | C39: Funktionsprüfung | G39: Schaltsignal kommt sicher | H39: 3 | I39: 1 | J39: 2 | K39: 4 | L39: 1 | M39: 3 | N39: =IF(COUNT(H39:M39)=6,SQRT(SUMSQ(H39:M39))/2,"") | O39: 3 | P39: 2 | Q39: =P_SF | R39: =IF(COUNT(N39:Q39)=4,N39*O39*P39*Q39,"") | S39: =IF(R39="","unvollständig",IF(R39>P_Grenze_kritisch,"kritisch",IF(R39>=P_Grenze_hoch,"hoch",IF(R39>=P_Grenze_mittel,"mittel","gering")))) | T39: =IF(S39="unvollständig","Bewertung fehlt",INDEX(Kl_Intervall,MATCH(S39,Kl_Name,0))) | U39: =T39 | V39: =IFERROR(INDEX(Iv_Wochen,MATCH(U39,Iv_Name,0)),"") | X39: =TRIM(IF(N(K39)>=P_Krit,"AS ","")&IF(N(J39)>=P_Krit,"Q ","")&IF(N(L39)>=P_Krit,"US","")) | Y39: =IF(ISNUMBER(I39),INDEX(IH_Text,I39),"") | AB39: =IF(AND(ISNUMBER(V39),ISNUMBER(AA39)),52/V39*AA39/60,"") | AC39: Verschlussbalken | AD39: 5 | AE39: Maßnahme | AG39: 5.2.1 | AH39: Funktion testen | AI39: 34 | AJ39: =IF(ISNUMBER(R39),R39-AI39/100000,"")
A40: 5.3.2 | B40: Anschlüsse kontrollieren | C40: Inspektion | G40: Stecker fest, unbeschädigt | H40: 3 | I40: 2 | J40: 2 | K40: 4 | L40: 1 | M40: 3 | N40: =IF(COUNT(H40:M40)=6,SQRT(SUMSQ(H40:M40))/2,"") | O40: 3 | P40: 5 | Q40: =P_SF | R40: =IF(COUNT(N40:Q40)=4,N40*O40*P40*Q40,"") | S40: =IF(R40="","unvollständig",IF(R40>P_Grenze_kritisch,"kritisch",IF(R40>=P_Grenze_hoch,"hoch",IF(R40>=P_Grenze_mittel,"mittel","gering")))) | T40: =IF(S40="unvollständig","Bewertung fehlt",INDEX(Kl_Intervall,MATCH(S40,Kl_Name,0))) | U40: =T40 | V40: =IFERROR(INDEX(Iv_Wochen,MATCH(U40,Iv_Name,0)),"") | X40: =TRIM(IF(N(K40)>=P_Krit,"AS ","")&IF(N(J40)>=P_Krit,"Q ","")&IF(N(L40)>=P_Krit,"US","")) | Y40: =IF(ISNUMBER(I40),INDEX(IH_Text,I40),"") | AB40: =IF(AND(ISNUMBER(V40),ISNUMBER(AA40)),52/V40*AA40/60,"") | AC40: Verschlussbalken | AD40: 5 | AE40: Maßnahme | AG40: 5.2.2 | AH40: Anschlüsse kontrollieren | AI40: 35 | AJ40: =IF(ISNUMBER(R40),R40-AI40/100000,"")
A41: 5.3.3 | B41: Befestigung und Position kontrollieren | C41: Inspektion | G41: Fest, Position unverändert | H41: 3 | I41: 2 | J41: 2 | K41: 3 | L41: 1 | M41: 3 | N41: =IF(COUNT(H41:M41)=6,SQRT(SUMSQ(H41:M41))/2,"") | O41: 3 | P41: 3 | Q41: =P_SF | R41: =IF(COUNT(N41:Q41)=4,N41*O41*P41*Q41,"") | S41: =IF(R41="","unvollständig",IF(R41>P_Grenze_kritisch,"kritisch",IF(R41>=P_Grenze_hoch,"hoch",IF(R41>=P_Grenze_mittel,"mittel","gering")))) | T41: =IF(S41="unvollständig","Bewertung fehlt",INDEX(Kl_Intervall,MATCH(S41,Kl_Name,0))) | U41: =T41 | V41: =IFERROR(INDEX(Iv_Wochen,MATCH(U41,Iv_Name,0)),"") | X41: =TRIM(IF(N(K41)>=P_Krit,"AS ","")&IF(N(J41)>=P_Krit,"Q ","")&IF(N(L41)>=P_Krit,"US","")) | Y41: =IF(ISNUMBER(I41),INDEX(IH_Text,I41),"") | AB41: =IF(AND(ISNUMBER(V41),ISNUMBER(AA41)),52/V41*AA41/60,"") | AC41: Verschlussbalken | AD41: 5 | AE41: Maßnahme | AG41: 5.2.3 | AH41: Befestigung und Position kontrollieren | AI41: 36 | AJ41: =IF(ISNUMBER(R41),R41-AI41/100000,"")
A42: 5.3.4 | B42: Sensor auf Beschädigung kontrollieren | C42: Inspektion | G42: Keine Beschädigung | H42: 3 | I42: 1 | J42: 2 | K42: 3 | L42: 1 | M42: 3 | N42: =IF(COUNT(H42:M42)=6,SQRT(SUMSQ(H42:M42))/2,"") | O42: 3 | P42: 3 | Q42: =P_SF | R42: =IF(COUNT(N42:Q42)=4,N42*O42*P42*Q42,"") | S42: =IF(R42="","unvollständig",IF(R42>P_Grenze_kritisch,"kritisch",IF(R42>=P_Grenze_hoch,"hoch",IF(R42>=P_Grenze_mittel,"mittel","gering")))) | T42: =IF(S42="unvollständig","Bewertung fehlt",INDEX(Kl_Intervall,MATCH(S42,Kl_Name,0))) | U42: =T42 | V42: =IFERROR(INDEX(Iv_Wochen,MATCH(U42,Iv_Name,0)),"") | X42: =TRIM(IF(N(K42)>=P_Krit,"AS ","")&IF(N(J42)>=P_Krit,"Q ","")&IF(N(L42)>=P_Krit,"US","")) | Y42: =IF(ISNUMBER(I42),INDEX(IH_Text,I42),"") | AB42: =IF(AND(ISNUMBER(V42),ISNUMBER(AA42)),52/V42*AA42/60,"") | AC42: Verschlussbalken | AD42: 5 | AE42: Maßnahme | AG42: 5.2.4 | AH42: Sensor auf Beschädigung kontrollieren | AI42: 37 | AJ42: =IF(ISNUMBER(R42),R42-AI42/100000,"")
A43: 5.3.5 | B43: Kabelklemmung, Knickschutz, Kabelkasten und Leitungen auf Beschädigung prüfen | C43: Inspektion | D43: ⚠ Gefahrenstelle | G43: Keine Beschädigung; Zugentlastung wirksam | H43: 3 | I43: 3 | J43: 2 | K43: 5 | L43: 1 | M43: 3 | N43: =IF(COUNT(H43:M43)=6,SQRT(SUMSQ(H43:M43))/2,"") | O43: 1 | P43: 3 | Q43: =P_SF | R43: =IF(COUNT(N43:Q43)=4,N43*O43*P43*Q43,"") | S43: =IF(R43="","unvollständig",IF(R43>P_Grenze_kritisch,"kritisch",IF(R43>=P_Grenze_hoch,"hoch",IF(R43>=P_Grenze_mittel,"mittel","gering")))) | T43: =IF(S43="unvollständig","Bewertung fehlt",INDEX(Kl_Intervall,MATCH(S43,Kl_Name,0))) | U43: =T43 | V43: =IFERROR(INDEX(Iv_Wochen,MATCH(U43,Iv_Name,0)),"") | X43: =TRIM(IF(N(K43)>=P_Krit,"AS ","")&IF(N(J43)>=P_Krit,"Q ","")&IF(N(L43)>=P_Krit,"US","")) | Y43: =IF(ISNUMBER(I43),INDEX(IH_Text,I43),"") | AB43: =IF(AND(ISNUMBER(V43),ISNUMBER(AA43)),52/V43*AA43/60,"") | AC43: Verschlussbalken | AD43: 5 | AE43: Maßnahme | AG43: 5.2.5 | AH43: Prüfe Kabelklemmung, Knickschutz, Kabelkasten und Leitungen auf Beschädigung | AI43: 38 | AJ43: =IF(ISNUMBER(R43),R43-AI43/100000,"")
A44: 6 | B44: Hydraulik-/Pneumatikzylinder (Baugruppe in der Vorversion nicht benannt) | AC44: Hydraulik-/Pneumatikzylinder (Baugruppe in der Vorversion nicht benannt) | AD44: – | AE44: Baugruppe | AG44: – | AH44: – (in Vorversion nicht vorhanden) | AI44: 39
A45: 6.1 | B45: Alle Hydraulik-/Pneumatikzylinder nach folgenden Kriterien inspizieren: | AC45: Hydraulik-/Pneumatikzylinder (Baugruppe in der Vorversion nicht benannt) | AD45: – | AE45: Prüfgruppe | AG45: 6.1 | AH45: Inspiziere alle Hydraulikzylinder/Pneumatikzylinder nach folgenden Kriterien: | AI45: 40
A46: 6.1.1 | B46: Kolbenspiel kontrollieren | C46: Inspektion | G46: Kein unzulässiges Kolbenspiel | H46: =H31 | I46: =I31 | J46: =J31 | K46: =K31 | L46: =L31 | M46: =M31 | N46: =IF(COUNT(H46:M46)=6,SQRT(SUMSQ(H46:M46))/2,"") | O46: =O31 | P46: =P31 | Q46: =P_SF | R46: =IF(COUNT(N46:Q46)=4,N46*O46*P46*Q46,"") | S46: =IF(R46="","unvollständig",IF(R46>P_Grenze_kritisch,"kritisch",IF(R46>=P_Grenze_hoch,"hoch",IF(R46>=P_Grenze_mittel,"mittel","gering")))) | T46: =IF(S46="unvollständig","Bewertung fehlt",INDEX(Kl_Intervall,MATCH(S46,Kl_Name,0))) | U46: =T46 | V46: =IFERROR(INDEX(Iv_Wochen,MATCH(U46,Iv_Name,0)),"") | X46: =TRIM(IF(N(K46)>=P_Krit,"AS ","")&IF(N(J46)>=P_Krit,"Q ","")&IF(N(L46)>=P_Krit,"US","")) | Y46: =IF(ISNUMBER(I46),INDEX(IH_Text,I46),"") | AB46: =IF(AND(ISNUMBER(V46),ISNUMBER(AA46)),52/V46*AA46/60,"") | AC46: Hydraulik-/Pneumatikzylinder (Baugruppe in der Vorversion nicht benannt) | AD46: – | AE46: Maßnahme | AF46: 5.2.1 | AG46: 6.1.1 | AH46: kontrolliere Kolbenspiel | AI46: 41 | AJ46: =IF(ISNUMBER(R46),R46-AI46/100000,"")
A47: 6.1.2 | B47: Dichtungen kontrollieren (Sichtkontrolle auf Öl-Leckage) | C47: Inspektion | G47: Keine Leckage | H47: =H32 | I47: =I32 | J47: =J32 | K47: =K32 | L47: =L32 | M47: =M32 | N47: =IF(COUNT(H47:M47)=6,SQRT(SUMSQ(H47:M47))/2,"") | O47: =O32 | P47: =P32 | Q47: =P_SF | R47: =IF(COUNT(N47:Q47)=4,N47*O47*P47*Q47,"") | S47: =IF(R47="","unvollständig",IF(R47>P_Grenze_kritisch,"kritisch",IF(R47>=P_Grenze_hoch,"hoch",IF(R47>=P_Grenze_mittel,"mittel","gering")))) | T47: =IF(S47="unvollständig","Bewertung fehlt",INDEX(Kl_Intervall,MATCH(S47,Kl_Name,0))) | U47: =T47 | V47: =IFERROR(INDEX(Iv_Wochen,MATCH(U47,Iv_Name,0)),"") | X47: =TRIM(IF(N(K47)>=P_Krit,"AS ","")&IF(N(J47)>=P_Krit,"Q ","")&IF(N(L47)>=P_Krit,"US","")) | Y47: =IF(ISNUMBER(I47),INDEX(IH_Text,I47),"") | AB47: =IF(AND(ISNUMBER(V47),ISNUMBER(AA47)),52/V47*AA47/60,"") | AC47: Hydraulik-/Pneumatikzylinder (Baugruppe in der Vorversion nicht benannt) | AD47: – | AE47: Maßnahme | AF47: 5.2.2 | AG47: 6.1.2 | AH47: kontrolliere Dichtungen (Sichtkontrolle auf Öl-Leckage ) | AI47: 42 | AJ47: =IF(ISNUMBER(R47),R47-AI47/100000,"")
A48: 6.1.3 | B48: Anschlüsse auf Dichtheit und Beschädigungen prüfen | C48: Inspektion | G48: Dicht, unbeschädigt | H48: =H33 | I48: =I33 | J48: =J33 | K48: =K33 | L48: =L33 | M48: =M33 | N48: =IF(COUNT(H48:M48)=6,SQRT(SUMSQ(H48:M48))/2,"") | O48: =O33 | P48: =P33 | Q48: =P_SF | R48: =IF(COUNT(N48:Q48)=4,N48*O48*P48*Q48,"") | S48: =IF(R48="","unvollständig",IF(R48>P_Grenze_kritisch,"kritisch",IF(R48>=P_Grenze_hoch,"hoch",IF(R48>=P_Grenze_mittel,"mittel","gering")))) | T48: =IF(S48="unvollständig","Bewertung fehlt",INDEX(Kl_Intervall,MATCH(S48,Kl_Name,0))) | U48: =T48 | V48: =IFERROR(INDEX(Iv_Wochen,MATCH(U48,Iv_Name,0)),"") | X48: =TRIM(IF(N(K48)>=P_Krit,"AS ","")&IF(N(J48)>=P_Krit,"Q ","")&IF(N(L48)>=P_Krit,"US","")) | Y48: =IF(ISNUMBER(I48),INDEX(IH_Text,I48),"") | AB48: =IF(AND(ISNUMBER(V48),ISNUMBER(AA48)),52/V48*AA48/60,"") | AC48: Hydraulik-/Pneumatikzylinder (Baugruppe in der Vorversion nicht benannt) | AD48: – | AE48: Maßnahme | AF48: 5.2.3 | AG48: 6.1.3 | AH48: Anschlüsse auf Dichtheit und Beschädigungen prüfen | AI48: 43 | AJ48: =IF(ISNUMBER(R48),R48-AI48/100000,"")
A49: 6.1.4 | B49: Befestigung des Zylinders prüfen (wenn möglich) | C49: Inspektion | G49: Fest, kein Spiel | H49: =H34 | I49: =I34 | J49: =J34 | K49: =K34 | L49: =L34 | M49: =M34 | N49: =IF(COUNT(H49:M49)=6,SQRT(SUMSQ(H49:M49))/2,"") | O49: =O34 | P49: =P34 | Q49: =P_SF | R49: =IF(COUNT(N49:Q49)=4,N49*O49*P49*Q49,"") | S49: =IF(R49="","unvollständig",IF(R49>P_Grenze_kritisch,"kritisch",IF(R49>=P_Grenze_hoch,"hoch",IF(R49>=P_Grenze_mittel,"mittel","gering")))) | T49: =IF(S49="unvollständig","Bewertung fehlt",INDEX(Kl_Intervall,MATCH(S49,Kl_Name,0))) | U49: =T49 | V49: =IFERROR(INDEX(Iv_Wochen,MATCH(U49,Iv_Name,0)),"") | X49: =TRIM(IF(N(K49)>=P_Krit,"AS ","")&IF(N(J49)>=P_Krit,"Q ","")&IF(N(L49)>=P_Krit,"US","")) | Y49: =IF(ISNUMBER(I49),INDEX(IH_Text,I49),"") | AB49: =IF(AND(ISNUMBER(V49),ISNUMBER(AA49)),52/V49*AA49/60,"") | AC49: Hydraulik-/Pneumatikzylinder (Baugruppe in der Vorversion nicht benannt) | AD49: – | AE49: Maßnahme | AF49: 5.2.4 | AG49: 6.1.4 | AH49: überprüfe die Befestigung des Zylinders (wenn möglich) | AI49: 44 | AJ49: =IF(ISNUMBER(R49),R49-AI49/100000,"")
A50: 6.1.5 | B50: Funktion des Zylinders testen | C50: Funktionsprüfung | G50: Gleichmäßige Bewegung über den gesamten Hub | H50: =H35 | I50: =I35 | J50: =J35 | K50: =K35 | L50: =L35 | M50: =M35 | N50: =IF(COUNT(H50:M50)=6,SQRT(SUMSQ(H50:M50))/2,"") | O50: =O35 | P50: =P35 | Q50: =P_SF | R50: =IF(COUNT(N50:Q50)=4,N50*O50*P50*Q50,"") | S50: =IF(R50="","unvollständig",IF(R50>P_Grenze_kritisch,"kritisch",IF(R50>=P_Grenze_hoch,"hoch",IF(R50>=P_Grenze_mittel,"mittel","gering")))) | T50: =IF(S50="unvollständig","Bewertung fehlt",INDEX(Kl_Intervall,MATCH(S50,Kl_Name,0))) | U50: =T50 | V50: =IFERROR(INDEX(Iv_Wochen,MATCH(U50,Iv_Name,0)),"") | X50: =TRIM(IF(N(K50)>=P_Krit,"AS ","")&IF(N(J50)>=P_Krit,"Q ","")&IF(N(L50)>=P_Krit,"US","")) | Y50: =IF(ISNUMBER(I50),INDEX(IH_Text,I50),"") | AB50: =IF(AND(ISNUMBER(V50),ISNUMBER(AA50)),52/V50*AA50/60,"") | AC50: Hydraulik-/Pneumatikzylinder (Baugruppe in der Vorversion nicht benannt) | AD50: – | AE50: Maßnahme | AF50: 5.2.5 | AG50: 6.1.5 | AH50: Funktion des Zylinders testen | AI50: 45 | AJ50: =IF(ISNUMBER(R50),R50-AI50/100000,"")
A51: 6.1.6 | B51: Hydraulikverschraubungen kontrollieren, ggf. nachziehen | C51: Inspektion | G51: Verschraubungen fest und dicht | H51: =H36 | I51: =I36 | J51: =J36 | K51: =K36 | L51: =L36 | M51: =M36 | N51: =IF(COUNT(H51:M51)=6,SQRT(SUMSQ(H51:M51))/2,"") | O51: =O36 | P51: =P36 | Q51: =P_SF | R51: =IF(COUNT(N51:Q51)=4,N51*O51*P51*Q51,"") | S51: =IF(R51="","unvollständig",IF(R51>P_Grenze_kritisch,"kritisch",IF(R51>=P_Grenze_hoch,"hoch",IF(R51>=P_Grenze_mittel,"mittel","gering")))) | T51: =IF(S51="unvollständig","Bewertung fehlt",INDEX(Kl_Intervall,MATCH(S51,Kl_Name,0))) | U51: =T51 | V51: =IFERROR(INDEX(Iv_Wochen,MATCH(U51,Iv_Name,0)),"") | X51: =TRIM(IF(N(K51)>=P_Krit,"AS ","")&IF(N(J51)>=P_Krit,"Q ","")&IF(N(L51)>=P_Krit,"US","")) | Y51: =IF(ISNUMBER(I51),INDEX(IH_Text,I51),"") | AB51: =IF(AND(ISNUMBER(V51),ISNUMBER(AA51)),52/V51*AA51/60,"") | AC51: Hydraulik-/Pneumatikzylinder (Baugruppe in der Vorversion nicht benannt) | AD51: – | AE51: Maßnahme | AF51: 5.2.6 | AG51: 6.1.6 | AH51: kontrolliere Hydraulikverschraubungen ggf. nachziehen | AI51: 46 | AJ51: =IF(ISNUMBER(R51),R51-AI51/100000,"")
A52: 6.1.7 | B52: Hydraulikschläuche/-leitungen auf Dichtheit und Beschädigungen prüfen, ggf. nachziehen | C52: Inspektion | G52: Dicht; keine Scheuerstellen, Risse oder Knicke | H52: =H37 | I52: =I37 | J52: =J37 | K52: =K37 | L52: =L37 | M52: =M37 | N52: =IF(COUNT(H52:M52)=6,SQRT(SUMSQ(H52:M52))/2,"") | O52: =O37 | P52: =P37 | Q52: =P_SF | R52: =IF(COUNT(N52:Q52)=4,N52*O52*P52*Q52,"") | S52: =IF(R52="","unvollständig",IF(R52>P_Grenze_kritisch,"kritisch",IF(R52>=P_Grenze_hoch,"hoch",IF(R52>=P_Grenze_mittel,"mittel","gering")))) | T52: =IF(S52="unvollständig","Bewertung fehlt",INDEX(Kl_Intervall,MATCH(S52,Kl_Name,0))) | U52: =T52 | V52: =IFERROR(INDEX(Iv_Wochen,MATCH(U52,Iv_Name,0)),"") | X52: =TRIM(IF(N(K52)>=P_Krit,"AS ","")&IF(N(J52)>=P_Krit,"Q ","")&IF(N(L52)>=P_Krit,"US","")) | Y52: =IF(ISNUMBER(I52),INDEX(IH_Text,I52),"") | AB52: =IF(AND(ISNUMBER(V52),ISNUMBER(AA52)),52/V52*AA52/60,"") | AC52: Hydraulik-/Pneumatikzylinder (Baugruppe in der Vorversion nicht benannt) | AD52: – | AE52: Maßnahme | AF52: 5.2.7 | AG52: 6.1.7 | AH52: Hydraulikschläuche/Hydraulikleitungen auf Dichtheit und Beschädigungen prüfen ggf. Nachziehen | AI52: 47 | AJ52: =IF(ISNUMBER(R52),R52-AI52/100000,"")
A53: 6.2 | B53: Alle Sensoren/Endschalter nach folgenden Kriterien inspizieren: | AC53: Hydraulik-/Pneumatikzylinder (Baugruppe in der Vorversion nicht benannt) | AD53: – | AE53: Prüfgruppe | AG53: 6.2 | AH53: Inspiziere alle Sensoren/Endschalter nach folgenden Kriterien: | AI53: 48
A54: 6.2.1 | B54: Funktion testen | C54: Funktionsprüfung | G54: Schaltsignal kommt sicher | H54: =H39 | I54: =I39 | J54: =J39 | K54: =K39 | L54: =L39 | M54: =M39 | N54: =IF(COUNT(H54:M54)=6,SQRT(SUMSQ(H54:M54))/2,"") | O54: =O39 | P54: =P39 | Q54: =P_SF | R54: =IF(COUNT(N54:Q54)=4,N54*O54*P54*Q54,"") | S54: =IF(R54="","unvollständig",IF(R54>P_Grenze_kritisch,"kritisch",IF(R54>=P_Grenze_hoch,"hoch",IF(R54>=P_Grenze_mittel,"mittel","gering")))) | T54: =IF(S54="unvollständig","Bewertung fehlt",INDEX(Kl_Intervall,MATCH(S54,Kl_Name,0))) | U54: =T54 | V54: =IFERROR(INDEX(Iv_Wochen,MATCH(U54,Iv_Name,0)),"") | X54: =TRIM(IF(N(K54)>=P_Krit,"AS ","")&IF(N(J54)>=P_Krit,"Q ","")&IF(N(L54)>=P_Krit,"US","")) | Y54: =IF(ISNUMBER(I54),INDEX(IH_Text,I54),"") | AB54: =IF(AND(ISNUMBER(V54),ISNUMBER(AA54)),52/V54*AA54/60,"") | AC54: Hydraulik-/Pneumatikzylinder (Baugruppe in der Vorversion nicht benannt) | AD54: – | AE54: Maßnahme | AF54: 5.3.1 | AG54: 6.2.1 | AH54: Funktion testen | AI54: 49 | AJ54: =IF(ISNUMBER(R54),R54-AI54/100000,"")
A55: 6.2.2 | B55: Anschlüsse kontrollieren | C55: Inspektion | G55: Stecker fest, unbeschädigt | H55: =H40 | I55: =I40 | J55: =J40 | K55: =K40 | L55: =L40 | M55: =M40 | N55: =IF(COUNT(H55:M55)=6,SQRT(SUMSQ(H55:M55))/2,"") | O55: =O40 | P55: =P40 | Q55: =P_SF | R55: =IF(COUNT(N55:Q55)=4,N55*O55*P55*Q55,"") | S55: =IF(R55="","unvollständig",IF(R55>P_Grenze_kritisch,"kritisch",IF(R55>=P_Grenze_hoch,"hoch",IF(R55>=P_Grenze_mittel,"mittel","gering")))) | T55: =IF(S55="unvollständig","Bewertung fehlt",INDEX(Kl_Intervall,MATCH(S55,Kl_Name,0))) | U55: =T55 | V55: =IFERROR(INDEX(Iv_Wochen,MATCH(U55,Iv_Name,0)),"") | X55: =TRIM(IF(N(K55)>=P_Krit,"AS ","")&IF(N(J55)>=P_Krit,"Q ","")&IF(N(L55)>=P_Krit,"US","")) | Y55: =IF(ISNUMBER(I55),INDEX(IH_Text,I55),"") | AB55: =IF(AND(ISNUMBER(V55),ISNUMBER(AA55)),52/V55*AA55/60,"") | AC55: Hydraulik-/Pneumatikzylinder (Baugruppe in der Vorversion nicht benannt) | AD55: – | AE55: Maßnahme | AF55: 5.3.2 | AG55: 6.2.2 | AH55: Anschlüsse kontrollieren | AI55: 50 | AJ55: =IF(ISNUMBER(R55),R55-AI55/100000,"")
A56: 6.2.3 | B56: Befestigung und Position kontrollieren | C56: Inspektion | G56: Fest, Position unverändert | H56: =H41 | I56: =I41 | J56: =J41 | K56: =K41 | L56: =L41 | M56: =M41 | N56: =IF(COUNT(H56:M56)=6,SQRT(SUMSQ(H56:M56))/2,"") | O56: =O41 | P56: =P41 | Q56: =P_SF | R56: =IF(COUNT(N56:Q56)=4,N56*O56*P56*Q56,"") | S56: =IF(R56="","unvollständig",IF(R56>P_Grenze_kritisch,"kritisch",IF(R56>=P_Grenze_hoch,"hoch",IF(R56>=P_Grenze_mittel,"mittel","gering")))) | T56: =IF(S56="unvollständig","Bewertung fehlt",INDEX(Kl_Intervall,MATCH(S56,Kl_Name,0))) | U56: =T56 | V56: =IFERROR(INDEX(Iv_Wochen,MATCH(U56,Iv_Name,0)),"") | X56: =TRIM(IF(N(K56)>=P_Krit,"AS ","")&IF(N(J56)>=P_Krit,"Q ","")&IF(N(L56)>=P_Krit,"US","")) | Y56: =IF(ISNUMBER(I56),INDEX(IH_Text,I56),"") | AB56: =IF(AND(ISNUMBER(V56),ISNUMBER(AA56)),52/V56*AA56/60,"") | AC56: Hydraulik-/Pneumatikzylinder (Baugruppe in der Vorversion nicht benannt) | AD56: – | AE56: Maßnahme | AF56: 5.3.3 | AG56: 6.2.3 | AH56: Befestigung und Position kontrollieren | AI56: 51 | AJ56: =IF(ISNUMBER(R56),R56-AI56/100000,"")
A57: 6.2.4 | B57: Sensor auf Beschädigung kontrollieren | C57: Inspektion | G57: Keine Beschädigung | H57: =H42 | I57: =I42 | J57: =J42 | K57: =K42 | L57: =L42 | M57: =M42 | N57: =IF(COUNT(H57:M57)=6,SQRT(SUMSQ(H57:M57))/2,"") | O57: =O42 | P57: =P42 | Q57: =P_SF | R57: =IF(COUNT(N57:Q57)=4,N57*O57*P57*Q57,"") | S57: =IF(R57="","unvollständig",IF(R57>P_Grenze_kritisch,"kritisch",IF(R57>=P_Grenze_hoch,"hoch",IF(R57>=P_Grenze_mittel,"mittel","gering")))) | T57: =IF(S57="unvollständig","Bewertung fehlt",INDEX(Kl_Intervall,MATCH(S57,Kl_Name,0))) | U57: =T57 | V57: =IFERROR(INDEX(Iv_Wochen,MATCH(U57,Iv_Name,0)),"") | X57: =TRIM(IF(N(K57)>=P_Krit,"AS ","")&IF(N(J57)>=P_Krit,"Q ","")&IF(N(L57)>=P_Krit,"US","")) | Y57: =IF(ISNUMBER(I57),INDEX(IH_Text,I57),"") | AB57: =IF(AND(ISNUMBER(V57),ISNUMBER(AA57)),52/V57*AA57/60,"") | AC57: Hydraulik-/Pneumatikzylinder (Baugruppe in der Vorversion nicht benannt) | AD57: – | AE57: Maßnahme | AF57: 5.3.4 | AG57: 6.2.4 | AH57: Sensor auf Beschädigung kontrollieren | AI57: 52 | AJ57: =IF(ISNUMBER(R57),R57-AI57/100000,"")
A58: 6.2.5 | B58: Kabelklemmung, Knickschutz, Kabelkasten und Leitungen auf Beschädigung prüfen | C58: Inspektion | D58: ⚠ Gefahrenstelle | G58: Keine Beschädigung; Zugentlastung wirksam | H58: =H43 | I58: =I43 | J58: =J43 | K58: =K43 | L58: =L43 | M58: =M43 | N58: =IF(COUNT(H58:M58)=6,SQRT(SUMSQ(H58:M58))/2,"") | O58: =O43 | P58: =P43 | Q58: =P_SF | R58: =IF(COUNT(N58:Q58)=4,N58*O58*P58*Q58,"") | S58: =IF(R58="","unvollständig",IF(R58>P_Grenze_kritisch,"kritisch",IF(R58>=P_Grenze_hoch,"hoch",IF(R58>=P_Grenze_mittel,"mittel","gering")))) | T58: =IF(S58="unvollständig","Bewertung fehlt",INDEX(Kl_Intervall,MATCH(S58,Kl_Name,0))) | U58: =T58 | V58: =IFERROR(INDEX(Iv_Wochen,MATCH(U58,Iv_Name,0)),"") | X58: =TRIM(IF(N(K58)>=P_Krit,"AS ","")&IF(N(J58)>=P_Krit,"Q ","")&IF(N(L58)>=P_Krit,"US","")) | Y58: =IF(ISNUMBER(I58),INDEX(IH_Text,I58),"") | AB58: =IF(AND(ISNUMBER(V58),ISNUMBER(AA58)),52/V58*AA58/60,"") | AC58: Hydraulik-/Pneumatikzylinder (Baugruppe in der Vorversion nicht benannt) | AD58: – | AE58: Maßnahme | AF58: 5.3.5 | AG58: 6.2.5 | AH58: Prüfe Kabelklemmung, Knickschutz, Kabelkasten und Leitungen auf Beschädigung | AI58: 53 | AJ58: =IF(ISNUMBER(R58),R58-AI58/100000,"")
A59: 7 | B59: Wasserbehälter für Umformmedium | AC59: Wasserbehälter für Umformmedium | AD59: 11 | AE59: Baugruppe | AG59: 7 | AH59: 11.) Wasserbehälter für Umformmedium | AI59: 54
A60: 7.1 | B60: Wasserbehälter auf Beschädigung kontrollieren | C60: Inspektion | G60: Keine Beschädigung, keine Leckage | H60: 3 | I60: 2 | J60: 3 | K60: 2 | L60: 4 | M60: 1 | N60: =IF(COUNT(H60:M60)=6,SQRT(SUMSQ(H60:M60))/2,"") | O60: 1 | P60: 3 | Q60: =P_SF | R60: =IF(COUNT(N60:Q60)=4,N60*O60*P60*Q60,"") | S60: =IF(R60="","unvollständig",IF(R60>P_Grenze_kritisch,"kritisch",IF(R60>=P_Grenze_hoch,"hoch",IF(R60>=P_Grenze_mittel,"mittel","gering")))) | T60: =IF(S60="unvollständig","Bewertung fehlt",INDEX(Kl_Intervall,MATCH(S60,Kl_Name,0))) | U60: =T60 | V60: =IFERROR(INDEX(Iv_Wochen,MATCH(U60,Iv_Name,0)),"") | X60: =TRIM(IF(N(K60)>=P_Krit,"AS ","")&IF(N(J60)>=P_Krit,"Q ","")&IF(N(L60)>=P_Krit,"US","")) | Y60: =IF(ISNUMBER(I60),INDEX(IH_Text,I60),"") | AB60: =IF(AND(ISNUMBER(V60),ISNUMBER(AA60)),52/V60*AA60/60,"") | AC60: Wasserbehälter für Umformmedium | AD60: 11 | AE60: Maßnahme | AG60: 7.1 | AH60: Wasserbehälter auf Beschädigung kontrollieren | AI60: 55 | AJ60: =IF(ISNUMBER(R60),R60-AI60/100000,"")
A61: 8 | B61: Auslaufrinne | D61: ℹ Hinweis beachten | AC61: Auslaufrinne | AD61: 13 | AE61: Baugruppe | AG61: 8 | AH61: 13.) Auslaufrinne | AI61: 56
A62: 8.1 | B62: Band auf Beschädigungen prüfen (starke Risse) | C62: Inspektion | G62: Keine starken Risse | H62: 2 | I62: 2 | J62: 2 | K62: 3 | L62: 1 | M62: 3 | N62: =IF(COUNT(H62:M62)=6,SQRT(SUMSQ(H62:M62))/2,"") | O62: 2 | P62: 2 | Q62: =P_SF | R62: =IF(COUNT(N62:Q62)=4,N62*O62*P62*Q62,"") | S62: =IF(R62="","unvollständig",IF(R62>P_Grenze_kritisch,"kritisch",IF(R62>=P_Grenze_hoch,"hoch",IF(R62>=P_Grenze_mittel,"mittel","gering")))) | T62: =IF(S62="unvollständig","Bewertung fehlt",INDEX(Kl_Intervall,MATCH(S62,Kl_Name,0))) | U62: =T62 | V62: =IFERROR(INDEX(Iv_Wochen,MATCH(U62,Iv_Name,0)),"") | X62: =TRIM(IF(N(K62)>=P_Krit,"AS ","")&IF(N(J62)>=P_Krit,"Q ","")&IF(N(L62)>=P_Krit,"US","")) | Y62: =IF(ISNUMBER(I62),INDEX(IH_Text,I62),"") | AB62: =IF(AND(ISNUMBER(V62),ISNUMBER(AA62)),52/V62*AA62/60,"") | AC62: Auslaufrinne | AD62: 13 | AE62: Maßnahme | AG62: 8.1 | AH62: Band auf Beschädigungen prüfen (starke Risse) | AI62: 57 | AJ62: =IF(ISNUMBER(R62),R62-AI62/100000,"")
A63: 8.2 | B63: Elektromotor kontrollieren (Funktion, Verschmutzung, Laufruhe, Kabel) | C63: Inspektion | G63: Motor sauber, ruhiger Lauf; Kabel unbeschädigt | H63: 3 | I63: 3 | J63: 2 | K63: 2 | L63: 2 | M63: 3 | N63: =IF(COUNT(H63:M63)=6,SQRT(SUMSQ(H63:M63))/2,"") | O63: 2 | P63: 3 | Q63: =P_SF | R63: =IF(COUNT(N63:Q63)=4,N63*O63*P63*Q63,"") | S63: =IF(R63="","unvollständig",IF(R63>P_Grenze_kritisch,"kritisch",IF(R63>=P_Grenze_hoch,"hoch",IF(R63>=P_Grenze_mittel,"mittel","gering")))) | T63: =IF(S63="unvollständig","Bewertung fehlt",INDEX(Kl_Intervall,MATCH(S63,Kl_Name,0))) | U63: =T63 | V63: =IFERROR(INDEX(Iv_Wochen,MATCH(U63,Iv_Name,0)),"") | X63: =TRIM(IF(N(K63)>=P_Krit,"AS ","")&IF(N(J63)>=P_Krit,"Q ","")&IF(N(L63)>=P_Krit,"US","")) | Y63: =IF(ISNUMBER(I63),INDEX(IH_Text,I63),"") | AB63: =IF(AND(ISNUMBER(V63),ISNUMBER(AA63)),52/V63*AA63/60,"") | AC63: Auslaufrinne | AD63: 13 | AE63: Maßnahme | AG63: 8.2 | AH63: Kontrolliere Elektromotor (Funktion/Verschmutzung/Laufruhe/Kabeln) | AI63: 58 | AJ63: =IF(ISNUMBER(R63),R63-AI63/100000,"")
A64: 9 | B64: Beladehandling (Handling Glattrohrgreifer) und Entnahmehandling (Handling Balggreifer) | AC64: Beladehandling (Handling Glattrohrgreifer) und Entnahmehandling (Handling Balggreifer) | AD64: 14 / 8 | AE64: Baugruppe | AG64: 9 | AH64: 14.) Beladehandling (Handling Glattrohrgreifer) 8.) Entnahmehandling (= Handling Balggreifer) | AI64: 59
A65: 9.1 | B65: Handling (Balg- und Glattrohrgreifer): Greifer auf Funktion prüfen; Minischlitten auf Spiel prüfen, ggf. festziehen (!) | C65: Funktionsprüfung | G65: Greifer greift sicher; Minischlitten ohne Spiel | H65: 4 | I65: 3 | J65: 3 | K65: 2 | L65: 2 | M65: 3 | N65: =IF(COUNT(H65:M65)=6,SQRT(SUMSQ(H65:M65))/2,"") | O65: 3 | P65: 3 | Q65: =P_SF | R65: =IF(COUNT(N65:Q65)=4,N65*O65*P65*Q65,"") | S65: =IF(R65="","unvollständig",IF(R65>P_Grenze_kritisch,"kritisch",IF(R65>=P_Grenze_hoch,"hoch",IF(R65>=P_Grenze_mittel,"mittel","gering")))) | T65: =IF(S65="unvollständig","Bewertung fehlt",INDEX(Kl_Intervall,MATCH(S65,Kl_Name,0))) | U65: =T65 | V65: =IFERROR(INDEX(Iv_Wochen,MATCH(U65,Iv_Name,0)),"") | X65: =TRIM(IF(N(K65)>=P_Krit,"AS ","")&IF(N(J65)>=P_Krit,"Q ","")&IF(N(L65)>=P_Krit,"US","")) | Y65: =IF(ISNUMBER(I65),INDEX(IH_Text,I65),"") | AB65: =IF(AND(ISNUMBER(V65),ISNUMBER(AA65)),52/V65*AA65/60,"") | AC65: Beladehandling (Handling Glattrohrgreifer) und Entnahmehandling (Handling Balggreifer) | AD65: 14 / 8 | AE65: Maßnahme | AG65: 9.01 | AH65: Handling (Balg & Glattrohr) - Greifer auf Funktion prüfen / Minischlitten auf Spiel prüfen ggf. festziehen!!! | AI65: 60 | AJ65: =IF(ISNUMBER(R65),R65-AI65/100000,"")
A66: 9.2 | B66: Stoßdämpfer/Minischlitten auf Funktion prüfen | C66: Funktionsprüfung | G66: Gedämpfte Endlage, kein Anschlagen | H66: 4 | I66: 3 | J66: 3 | K66: 2 | L66: 2 | M66: 3 | N66: =IF(COUNT(H66:M66)=6,SQRT(SUMSQ(H66:M66))/2,"") | O66: 3 | P66: 3 | Q66: =P_SF | R66: =IF(COUNT(N66:Q66)=4,N66*O66*P66*Q66,"") | S66: =IF(R66="","unvollständig",IF(R66>P_Grenze_kritisch,"kritisch",IF(R66>=P_Grenze_hoch,"hoch",IF(R66>=P_Grenze_mittel,"mittel","gering")))) | T66: =IF(S66="unvollständig","Bewertung fehlt",INDEX(Kl_Intervall,MATCH(S66,Kl_Name,0))) | U66: =T66 | V66: =IFERROR(INDEX(Iv_Wochen,MATCH(U66,Iv_Name,0)),"") | X66: =TRIM(IF(N(K66)>=P_Krit,"AS ","")&IF(N(J66)>=P_Krit,"Q ","")&IF(N(L66)>=P_Krit,"US","")) | Y66: =IF(ISNUMBER(I66),INDEX(IH_Text,I66),"") | AB66: =IF(AND(ISNUMBER(V66),ISNUMBER(AA66)),52/V66*AA66/60,"") | AC66: Beladehandling (Handling Glattrohrgreifer) und Entnahmehandling (Handling Balggreifer) | AD66: 14 / 8 | AE66: Maßnahme | AG66: 9.02 | AH66: Stoßdämpfer / Minischlitten auf Funktion prüfen | AI66: 61 | AJ66: =IF(ISNUMBER(R66),R66-AI66/100000,"")
A67: 9.3 | B67: Schwenkeinheit 66° und 12° auf Funktion prüfen; Stoßdämpfer auf Funktion prüfen | C67: Funktionsprüfung | G67: Schwenkwinkel 66° / 12° werden sicher erreicht | H67: 4 | I67: 3 | J67: 3 | K67: 2 | L67: 2 | M67: 3 | N67: =IF(COUNT(H67:M67)=6,SQRT(SUMSQ(H67:M67))/2,"") | O67: 3 | P67: 3 | Q67: =P_SF | R67: =IF(COUNT(N67:Q67)=4,N67*O67*P67*Q67,"") | S67: =IF(R67="","unvollständig",IF(R67>P_Grenze_kritisch,"kritisch",IF(R67>=P_Grenze_hoch,"hoch",IF(R67>=P_Grenze_mittel,"mittel","gering")))) | T67: =IF(S67="unvollständig","Bewertung fehlt",INDEX(Kl_Intervall,MATCH(S67,Kl_Name,0))) | U67: =T67 | V67: =IFERROR(INDEX(Iv_Wochen,MATCH(U67,Iv_Name,0)),"") | X67: =TRIM(IF(N(K67)>=P_Krit,"AS ","")&IF(N(J67)>=P_Krit,"Q ","")&IF(N(L67)>=P_Krit,"US","")) | Y67: =IF(ISNUMBER(I67),INDEX(IH_Text,I67),"") | AB67: =IF(AND(ISNUMBER(V67),ISNUMBER(AA67)),52/V67*AA67/60,"") | AC67: Beladehandling (Handling Glattrohrgreifer) und Entnahmehandling (Handling Balggreifer) | AD67: 14 / 8 | AE67: Maßnahme | AG67: 9.03 | AH67: Schwenkeinheit 66° & 12° auf Funktion prüfen Stoßdämpfer auf Funktion prüfen | AI67: 62 | AJ67: =IF(ISNUMBER(R67),R67-AI67/100000,"")
A68: 9.4 | B68: Alle Sensoren/Endschalter nach folgenden Kriterien inspizieren: | D68: ⚠ Gefahrenstelle | AC68: Beladehandling (Handling Glattrohrgreifer) und Entnahmehandling (Handling Balggreifer) | AD68: 14 / 8 | AE68: Prüfgruppe | AG68: 9.1 | AH68: Inspiziere alle Sensoren/Endschalter nach folgenden Kriterien: | AI68: 63
A69: 9.4.1 | B69: Funktion testen | C69: Funktionsprüfung | G69: Schaltsignal kommt sicher | H69: =H39 | I69: =I39 | J69: =J39 | K69: =K39 | L69: =L39 | M69: =M39 | N69: =IF(COUNT(H69:M69)=6,SQRT(SUMSQ(H69:M69))/2,"") | O69: =O39 | P69: =P39 | Q69: =P_SF | R69: =IF(COUNT(N69:Q69)=4,N69*O69*P69*Q69,"") | S69: =IF(R69="","unvollständig",IF(R69>P_Grenze_kritisch,"kritisch",IF(R69>=P_Grenze_hoch,"hoch",IF(R69>=P_Grenze_mittel,"mittel","gering")))) | T69: =IF(S69="unvollständig","Bewertung fehlt",INDEX(Kl_Intervall,MATCH(S69,Kl_Name,0))) | U69: =T69 | V69: =IFERROR(INDEX(Iv_Wochen,MATCH(U69,Iv_Name,0)),"") | X69: =TRIM(IF(N(K69)>=P_Krit,"AS ","")&IF(N(J69)>=P_Krit,"Q ","")&IF(N(L69)>=P_Krit,"US","")) | Y69: =IF(ISNUMBER(I69),INDEX(IH_Text,I69),"") | AB69: =IF(AND(ISNUMBER(V69),ISNUMBER(AA69)),52/V69*AA69/60,"") | AC69: Beladehandling (Handling Glattrohrgreifer) und Entnahmehandling (Handling Balggreifer) | AD69: 14 / 8 | AE69: Maßnahme | AF69: 5.3.1 | AG69: 9.1.1 | AH69: Funktion testen | AI69: 64 | AJ69: =IF(ISNUMBER(R69),R69-AI69/100000,"")
A70: 9.4.2 | B70: Anschlüsse kontrollieren | C70: Inspektion | G70: Stecker fest, unbeschädigt | H70: =H40 | I70: =I40 | J70: =J40 | K70: =K40 | L70: =L40 | M70: =M40 | N70: =IF(COUNT(H70:M70)=6,SQRT(SUMSQ(H70:M70))/2,"") | O70: =O40 | P70: =P40 | Q70: =P_SF | R70: =IF(COUNT(N70:Q70)=4,N70*O70*P70*Q70,"") | S70: =IF(R70="","unvollständig",IF(R70>P_Grenze_kritisch,"kritisch",IF(R70>=P_Grenze_hoch,"hoch",IF(R70>=P_Grenze_mittel,"mittel","gering")))) | T70: =IF(S70="unvollständig","Bewertung fehlt",INDEX(Kl_Intervall,MATCH(S70,Kl_Name,0))) | U70: =T70 | V70: =IFERROR(INDEX(Iv_Wochen,MATCH(U70,Iv_Name,0)),"") | X70: =TRIM(IF(N(K70)>=P_Krit,"AS ","")&IF(N(J70)>=P_Krit,"Q ","")&IF(N(L70)>=P_Krit,"US","")) | Y70: =IF(ISNUMBER(I70),INDEX(IH_Text,I70),"") | AB70: =IF(AND(ISNUMBER(V70),ISNUMBER(AA70)),52/V70*AA70/60,"") | AC70: Beladehandling (Handling Glattrohrgreifer) und Entnahmehandling (Handling Balggreifer) | AD70: 14 / 8 | AE70: Maßnahme | AF70: 5.3.2 | AG70: 9.1.2 | AH70: Anschlüsse kontrollieren | AI70: 65 | AJ70: =IF(ISNUMBER(R70),R70-AI70/100000,"")
A71: 9.4.3 | B71: Befestigung und Position kontrollieren | C71: Inspektion | G71: Fest, Position unverändert | H71: =H41 | I71: =I41 | J71: =J41 | K71: =K41 | L71: =L41 | M71: =M41 | N71: =IF(COUNT(H71:M71)=6,SQRT(SUMSQ(H71:M71))/2,"") | O71: =O41 | P71: =P41 | Q71: =P_SF | R71: =IF(COUNT(N71:Q71)=4,N71*O71*P71*Q71,"") | S71: =IF(R71="","unvollständig",IF(R71>P_Grenze_kritisch,"kritisch",IF(R71>=P_Grenze_hoch,"hoch",IF(R71>=P_Grenze_mittel,"mittel","gering")))) | T71: =IF(S71="unvollständig","Bewertung fehlt",INDEX(Kl_Intervall,MATCH(S71,Kl_Name,0))) | U71: =T71 | V71: =IFERROR(INDEX(Iv_Wochen,MATCH(U71,Iv_Name,0)),"") | X71: =TRIM(IF(N(K71)>=P_Krit,"AS ","")&IF(N(J71)>=P_Krit,"Q ","")&IF(N(L71)>=P_Krit,"US","")) | Y71: =IF(ISNUMBER(I71),INDEX(IH_Text,I71),"") | AB71: =IF(AND(ISNUMBER(V71),ISNUMBER(AA71)),52/V71*AA71/60,"") | AC71: Beladehandling (Handling Glattrohrgreifer) und Entnahmehandling (Handling Balggreifer) | AD71: 14 / 8 | AE71: Maßnahme | AF71: 5.3.3 | AG71: 9.1.3 | AH71: Befestigung und Position kontrollieren | AI71: 66 | AJ71: =IF(ISNUMBER(R71),R71-AI71/100000,"")
A72: 9.4.4 | B72: Sensor auf Beschädigung kontrollieren | C72: Inspektion | G72: Keine Beschädigung | H72: =H42 | I72: =I42 | J72: =J42 | K72: =K42 | L72: =L42 | M72: =M42 | N72: =IF(COUNT(H72:M72)=6,SQRT(SUMSQ(H72:M72))/2,"") | O72: =O42 | P72: 3 | Q72: =P_SF | R72: =IF(COUNT(N72:Q72)=4,N72*O72*P72*Q72,"") | S72: =IF(R72="","unvollständig",IF(R72>P_Grenze_kritisch,"kritisch",IF(R72>=P_Grenze_hoch,"hoch",IF(R72>=P_Grenze_mittel,"mittel","gering")))) | T72: =IF(S72="unvollständig","Bewertung fehlt",INDEX(Kl_Intervall,MATCH(S72,Kl_Name,0))) | U72: =T72 | V72: =IFERROR(INDEX(Iv_Wochen,MATCH(U72,Iv_Name,0)),"") | X72: =TRIM(IF(N(K72)>=P_Krit,"AS ","")&IF(N(J72)>=P_Krit,"Q ","")&IF(N(L72)>=P_Krit,"US","")) | Y72: =IF(ISNUMBER(I72),INDEX(IH_Text,I72),"") | AB72: =IF(AND(ISNUMBER(V72),ISNUMBER(AA72)),52/V72*AA72/60,"") | AC72: Beladehandling (Handling Glattrohrgreifer) und Entnahmehandling (Handling Balggreifer) | AD72: 14 / 8 | AE72: Maßnahme | AF72: 5.3.4 | AG72: 9.1.4 | AH72: Sensor auf Beschädigung kontrollieren | AI72: 67 | AJ72: =IF(ISNUMBER(R72),R72-AI72/100000,"")
A73: 9.4.5 | B73: Hydraulik- und Pneumatikleitungen/-anschlüsse kontrollieren | C73: Inspektion | G73: Dicht, unbeschädigt | H73: 3 | I73: 2 | J73: 2 | K73: 3 | L73: 3 | M73: 2 | N73: =IF(COUNT(H73:M73)=6,SQRT(SUMSQ(H73:M73))/2,"") | O73: 3 | P73: 3 | Q73: =P_SF | R73: =IF(COUNT(N73:Q73)=4,N73*O73*P73*Q73,"") | S73: =IF(R73="","unvollständig",IF(R73>P_Grenze_kritisch,"kritisch",IF(R73>=P_Grenze_hoch,"hoch",IF(R73>=P_Grenze_mittel,"mittel","gering")))) | T73: =IF(S73="unvollständig","Bewertung fehlt",INDEX(Kl_Intervall,MATCH(S73,Kl_Name,0))) | U73: =T73 | V73: =IFERROR(INDEX(Iv_Wochen,MATCH(U73,Iv_Name,0)),"") | X73: =TRIM(IF(N(K73)>=P_Krit,"AS ","")&IF(N(J73)>=P_Krit,"Q ","")&IF(N(L73)>=P_Krit,"US","")) | Y73: =IF(ISNUMBER(I73),INDEX(IH_Text,I73),"") | AB73: =IF(AND(ISNUMBER(V73),ISNUMBER(AA73)),52/V73*AA73/60,"") | AC73: Beladehandling (Handling Glattrohrgreifer) und Entnahmehandling (Handling Balggreifer) | AD73: 14 / 8 | AE73: Maßnahme | AG73: 9.1.5 | AH73: Hydraulikleitungen/Anschlüsse u. Pneumatikleitungen/Anschlüsse kontrollieren | AI73: 68 | AJ73: =IF(ISNUMBER(R73),R73-AI73/100000,"")
A74: 9.4.6 | B74: Kabelklemmung, Knickschutz, Kabelkasten und Leitungen auf Beschädigung prüfen | C74: Inspektion | D74: ⚠ Gefahrenstelle | G74: Keine Beschädigung; Zugentlastung wirksam | H74: =H43 | I74: =I43 | J74: =J43 | K74: =K43 | L74: =L43 | M74: =M43 | N74: =IF(COUNT(H74:M74)=6,SQRT(SUMSQ(H74:M74))/2,"") | O74: =O43 | P74: =P43 | Q74: =P_SF | R74: =IF(COUNT(N74:Q74)=4,N74*O74*P74*Q74,"") | S74: =IF(R74="","unvollständig",IF(R74>P_Grenze_kritisch,"kritisch",IF(R74>=P_Grenze_hoch,"hoch",IF(R74>=P_Grenze_mittel,"mittel","gering")))) | T74: =IF(S74="unvollständig","Bewertung fehlt",INDEX(Kl_Intervall,MATCH(S74,Kl_Name,0))) | U74: =T74 | V74: =IFERROR(INDEX(Iv_Wochen,MATCH(U74,Iv_Name,0)),"") | X74: =TRIM(IF(N(K74)>=P_Krit,"AS ","")&IF(N(J74)>=P_Krit,"Q ","")&IF(N(L74)>=P_Krit,"US","")) | Y74: =IF(ISNUMBER(I74),INDEX(IH_Text,I74),"") | AB74: =IF(AND(ISNUMBER(V74),ISNUMBER(AA74)),52/V74*AA74/60,"") | AC74: Beladehandling (Handling Glattrohrgreifer) und Entnahmehandling (Handling Balggreifer) | AD74: 14 / 8 | AE74: Maßnahme | AF74: 5.3.5 | AG74: 9.1.6 | AH74: Prüfe Kabelklemmung, Knickschutz, Kabelkasten und Leitungen auf Beschädigung | AI74: 69 | AJ74: =IF(ISNUMBER(R74),R74-AI74/100000,"")
A75: 10 | B75: Wartungseinheit (falls vorhanden) | AC75: Wartungseinheit (falls vorhanden) | AD75: 15 | AE75: Baugruppe | AG75: 10 | AH75: 15.) Wartungseinheit (falls vorhanden) | AI75: 70
A76: 10.1 | B76: Kondensat ablassen, Filter reinigen, Öl DTE 25 nachfüllen (0,05 l) | C76: Wartung | F76: Öl DTE 25; 0,05 l | G76: Kein Kondensat; Filter sauber; Ölstand i.O. | H76: 3 | I76: 2 | J76: 2 | K76: 2 | L76: 4 | M76: 2 | N76: =IF(COUNT(H76:M76)=6,SQRT(SUMSQ(H76:M76))/2,"") | O76: 2 | P76: 4 | Q76: =P_SF | R76: =IF(COUNT(N76:Q76)=4,N76*O76*P76*Q76,"") | S76: =IF(R76="","unvollständig",IF(R76>P_Grenze_kritisch,"kritisch",IF(R76>=P_Grenze_hoch,"hoch",IF(R76>=P_Grenze_mittel,"mittel","gering")))) | T76: =IF(S76="unvollständig","Bewertung fehlt",INDEX(Kl_Intervall,MATCH(S76,Kl_Name,0))) | U76: =T76 | V76: =IFERROR(INDEX(Iv_Wochen,MATCH(U76,Iv_Name,0)),"") | X76: =TRIM(IF(N(K76)>=P_Krit,"AS ","")&IF(N(J76)>=P_Krit,"Q ","")&IF(N(L76)>=P_Krit,"US","")) | Y76: =IF(ISNUMBER(I76),INDEX(IH_Text,I76),"") | AB76: =IF(AND(ISNUMBER(V76),ISNUMBER(AA76)),52/V76*AA76/60,"") | AC76: Wartungseinheit (falls vorhanden) | AD76: 15 | AE76: Maßnahme | AG76: 10.1 | AH76: Kondensat ablassen, Filter reinigen, Öl DTE 25 nachfüllen (0,05 Liter) | AI76: 71 | AJ76: =IF(ISNUMBER(R76),R76-AI76/100000,"")
A77: 11 | B77: Glattrohrzuführung und Vereinzeler/Rohrstopper | AC77: Glattrohrzuführung und Vereinzeler/Rohrstopper | AD77: 16 / 17 | AE77: Baugruppe | AG77: 11 | AH77: 16.) Glattrohrzuführung 17.) Vereinzeler/Rohrstopper | AI77: 72
A78: 11.1 | B78: Alle Pneumatikventile/Ventilinseln nach folgenden Kriterien prüfen: | AC78: Glattrohrzuführung und Vereinzeler/Rohrstopper | AD78: 16 / 17 | AE78: Prüfgruppe | AG78: 11.1.1 | AH78: Prüfe alle Pneumatikventile/Ventilinseln nach folgenden Kriterien: | AI78: 73
A79: 11.1.1 | B79: Anschlüsse auf Dichtheit und Beschädigungen prüfen | C79: Inspektion | G79: Dicht (keine hörbare Leckage), unbeschädigt | H79: =H33 | I79: =I33 | J79: =J33 | K79: =K33 | L79: =L33 | M79: =M33 | N79: =IF(COUNT(H79:M79)=6,SQRT(SUMSQ(H79:M79))/2,"") | O79: =O33 | P79: =P33 | Q79: =P_SF | R79: =IF(COUNT(N79:Q79)=4,N79*O79*P79*Q79,"") | S79: =IF(R79="","unvollständig",IF(R79>P_Grenze_kritisch,"kritisch",IF(R79>=P_Grenze_hoch,"hoch",IF(R79>=P_Grenze_mittel,"mittel","gering")))) | T79: =IF(S79="unvollständig","Bewertung fehlt",INDEX(Kl_Intervall,MATCH(S79,Kl_Name,0))) | U79: =T79 | V79: =IFERROR(INDEX(Iv_Wochen,MATCH(U79,Iv_Name,0)),"") | X79: =TRIM(IF(N(K79)>=P_Krit,"AS ","")&IF(N(J79)>=P_Krit,"Q ","")&IF(N(L79)>=P_Krit,"US","")) | Y79: =IF(ISNUMBER(I79),INDEX(IH_Text,I79),"") | AB79: =IF(AND(ISNUMBER(V79),ISNUMBER(AA79)),52/V79*AA79/60,"") | AC79: Glattrohrzuführung und Vereinzeler/Rohrstopper | AD79: 16 / 17 | AE79: Maßnahme | AF79: 5.2.3 | AG79: 11.1.2 | AH79: Anschlüsse auf Dichtheit und Beschädigungen prüfen | AI79: 74 | AJ79: =IF(ISNUMBER(R79),R79-AI79/100000,"")
A80: 11.1.2 | B80: Befestigung der Ventile prüfen | C80: Inspektion | G80: Fest | H80: =H34 | I80: =I34 | J80: =J34 | K80: =K34 | L80: =L34 | M80: =M34 | N80: =IF(COUNT(H80:M80)=6,SQRT(SUMSQ(H80:M80))/2,"") | O80: =O34 | P80: =P34 | Q80: =P_SF | R80: =IF(COUNT(N80:Q80)=4,N80*O80*P80*Q80,"") | S80: =IF(R80="","unvollständig",IF(R80>P_Grenze_kritisch,"kritisch",IF(R80>=P_Grenze_hoch,"hoch",IF(R80>=P_Grenze_mittel,"mittel","gering")))) | T80: =IF(S80="unvollständig","Bewertung fehlt",INDEX(Kl_Intervall,MATCH(S80,Kl_Name,0))) | U80: =T80 | V80: =IFERROR(INDEX(Iv_Wochen,MATCH(U80,Iv_Name,0)),"") | X80: =TRIM(IF(N(K80)>=P_Krit,"AS ","")&IF(N(J80)>=P_Krit,"Q ","")&IF(N(L80)>=P_Krit,"US","")) | Y80: =IF(ISNUMBER(I80),INDEX(IH_Text,I80),"") | AB80: =IF(AND(ISNUMBER(V80),ISNUMBER(AA80)),52/V80*AA80/60,"") | AC80: Glattrohrzuführung und Vereinzeler/Rohrstopper | AD80: 16 / 17 | AE80: Maßnahme | AF80: 5.2.4 | AG80: 11.1.3 | AH80: überprüfe die Befestigung d. Ventile | AI80: 75 | AJ80: =IF(ISNUMBER(R80),R80-AI80/100000,"")
A81: 11.1.3 | B81: Funktion der Ventile testen | C81: Funktionsprüfung | G81: Ventile schalten einwandfrei | H81: =H35 | I81: =I35 | J81: =J35 | K81: =K35 | L81: =L35 | M81: =M35 | N81: =IF(COUNT(H81:M81)=6,SQRT(SUMSQ(H81:M81))/2,"") | O81: =O35 | P81: =P35 | Q81: =P_SF | R81: =IF(COUNT(N81:Q81)=4,N81*O81*P81*Q81,"") | S81: =IF(R81="","unvollständig",IF(R81>P_Grenze_kritisch,"kritisch",IF(R81>=P_Grenze_hoch,"hoch",IF(R81>=P_Grenze_mittel,"mittel","gering")))) | T81: =IF(S81="unvollständig","Bewertung fehlt",INDEX(Kl_Intervall,MATCH(S81,Kl_Name,0))) | U81: =T81 | V81: =IFERROR(INDEX(Iv_Wochen,MATCH(U81,Iv_Name,0)),"") | X81: =TRIM(IF(N(K81)>=P_Krit,"AS ","")&IF(N(J81)>=P_Krit,"Q ","")&IF(N(L81)>=P_Krit,"US","")) | Y81: =IF(ISNUMBER(I81),INDEX(IH_Text,I81),"") | AB81: =IF(AND(ISNUMBER(V81),ISNUMBER(AA81)),52/V81*AA81/60,"") | AC81: Glattrohrzuführung und Vereinzeler/Rohrstopper | AD81: 16 / 17 | AE81: Maßnahme | AF81: 5.2.5 | AG81: 11.1.4 | AH81: Funktion d. Ventile testen | AI81: 76 | AJ81: =IF(ISNUMBER(R81),R81-AI81/100000,"")
A82: 11.2 | B82: Alle Sensoren/Endschalter nach folgenden Kriterien inspizieren: | AC82: Glattrohrzuführung und Vereinzeler/Rohrstopper | AD82: 16 / 17 | AE82: Prüfgruppe | AG82: 11.2 | AH82: Inspiziere alle Sensoren/Endschalter nach folgenden Kriterien: | AI82: 77
A83: 11.2.1 | B83: Funktion testen | C83: Funktionsprüfung | G83: Schaltsignal kommt sicher | H83: =H39 | I83: =I39 | J83: =J39 | K83: =K39 | L83: =L39 | M83: =M39 | N83: =IF(COUNT(H83:M83)=6,SQRT(SUMSQ(H83:M83))/2,"") | O83: =O39 | P83: =P39 | Q83: =P_SF | R83: =IF(COUNT(N83:Q83)=4,N83*O83*P83*Q83,"") | S83: =IF(R83="","unvollständig",IF(R83>P_Grenze_kritisch,"kritisch",IF(R83>=P_Grenze_hoch,"hoch",IF(R83>=P_Grenze_mittel,"mittel","gering")))) | T83: =IF(S83="unvollständig","Bewertung fehlt",INDEX(Kl_Intervall,MATCH(S83,Kl_Name,0))) | U83: =T83 | V83: =IFERROR(INDEX(Iv_Wochen,MATCH(U83,Iv_Name,0)),"") | X83: =TRIM(IF(N(K83)>=P_Krit,"AS ","")&IF(N(J83)>=P_Krit,"Q ","")&IF(N(L83)>=P_Krit,"US","")) | Y83: =IF(ISNUMBER(I83),INDEX(IH_Text,I83),"") | AB83: =IF(AND(ISNUMBER(V83),ISNUMBER(AA83)),52/V83*AA83/60,"") | AC83: Glattrohrzuführung und Vereinzeler/Rohrstopper | AD83: 16 / 17 | AE83: Maßnahme | AF83: 5.3.1 | AG83: 11.2.1 | AH83: Funktion testen | AI83: 78 | AJ83: =IF(ISNUMBER(R83),R83-AI83/100000,"")
A84: 11.2.2 | B84: Anschlüsse kontrollieren | C84: Inspektion | G84: Stecker fest, unbeschädigt | H84: =H40 | I84: =I40 | J84: =J40 | K84: =K40 | L84: =L40 | M84: =M40 | N84: =IF(COUNT(H84:M84)=6,SQRT(SUMSQ(H84:M84))/2,"") | O84: =O40 | P84: =P40 | Q84: =P_SF | R84: =IF(COUNT(N84:Q84)=4,N84*O84*P84*Q84,"") | S84: =IF(R84="","unvollständig",IF(R84>P_Grenze_kritisch,"kritisch",IF(R84>=P_Grenze_hoch,"hoch",IF(R84>=P_Grenze_mittel,"mittel","gering")))) | T84: =IF(S84="unvollständig","Bewertung fehlt",INDEX(Kl_Intervall,MATCH(S84,Kl_Name,0))) | U84: =T84 | V84: =IFERROR(INDEX(Iv_Wochen,MATCH(U84,Iv_Name,0)),"") | X84: =TRIM(IF(N(K84)>=P_Krit,"AS ","")&IF(N(J84)>=P_Krit,"Q ","")&IF(N(L84)>=P_Krit,"US","")) | Y84: =IF(ISNUMBER(I84),INDEX(IH_Text,I84),"") | AB84: =IF(AND(ISNUMBER(V84),ISNUMBER(AA84)),52/V84*AA84/60,"") | AC84: Glattrohrzuführung und Vereinzeler/Rohrstopper | AD84: 16 / 17 | AE84: Maßnahme | AF84: 5.3.2 | AG84: 11.2.2 | AH84: Anschlüsse kontrollieren | AI84: 79 | AJ84: =IF(ISNUMBER(R84),R84-AI84/100000,"")
A85: 11.2.3 | B85: Befestigung und Position kontrollieren | C85: Inspektion | G85: Fest, Position unverändert | H85: =H41 | I85: =I41 | J85: =J41 | K85: =K41 | L85: =L41 | M85: =M41 | N85: =IF(COUNT(H85:M85)=6,SQRT(SUMSQ(H85:M85))/2,"") | O85: =O41 | P85: =P41 | Q85: =P_SF | R85: =IF(COUNT(N85:Q85)=4,N85*O85*P85*Q85,"") | S85: =IF(R85="","unvollständig",IF(R85>P_Grenze_kritisch,"kritisch",IF(R85>=P_Grenze_hoch,"hoch",IF(R85>=P_Grenze_mittel,"mittel","gering")))) | T85: =IF(S85="unvollständig","Bewertung fehlt",INDEX(Kl_Intervall,MATCH(S85,Kl_Name,0))) | U85: =T85 | V85: =IFERROR(INDEX(Iv_Wochen,MATCH(U85,Iv_Name,0)),"") | X85: =TRIM(IF(N(K85)>=P_Krit,"AS ","")&IF(N(J85)>=P_Krit,"Q ","")&IF(N(L85)>=P_Krit,"US","")) | Y85: =IF(ISNUMBER(I85),INDEX(IH_Text,I85),"") | AB85: =IF(AND(ISNUMBER(V85),ISNUMBER(AA85)),52/V85*AA85/60,"") | AC85: Glattrohrzuführung und Vereinzeler/Rohrstopper | AD85: 16 / 17 | AE85: Maßnahme | AF85: 5.3.3 | AG85: 11.2.3 | AH85: Befestigung und Position kontrollieren | AI85: 80 | AJ85: =IF(ISNUMBER(R85),R85-AI85/100000,"")
A86: 11.2.4 | B86: Sensor auf Beschädigung kontrollieren | C86: Inspektion | G86: Keine Beschädigung | H86: =H42 | I86: =I42 | J86: =J42 | K86: =K42 | L86: =L42 | M86: =M42 | N86: =IF(COUNT(H86:M86)=6,SQRT(SUMSQ(H86:M86))/2,"") | O86: =O42 | P86: =P42 | Q86: =P_SF | R86: =IF(COUNT(N86:Q86)=4,N86*O86*P86*Q86,"") | S86: =IF(R86="","unvollständig",IF(R86>P_Grenze_kritisch,"kritisch",IF(R86>=P_Grenze_hoch,"hoch",IF(R86>=P_Grenze_mittel,"mittel","gering")))) | T86: =IF(S86="unvollständig","Bewertung fehlt",INDEX(Kl_Intervall,MATCH(S86,Kl_Name,0))) | U86: =T86 | V86: =IFERROR(INDEX(Iv_Wochen,MATCH(U86,Iv_Name,0)),"") | X86: =TRIM(IF(N(K86)>=P_Krit,"AS ","")&IF(N(J86)>=P_Krit,"Q ","")&IF(N(L86)>=P_Krit,"US","")) | Y86: =IF(ISNUMBER(I86),INDEX(IH_Text,I86),"") | AB86: =IF(AND(ISNUMBER(V86),ISNUMBER(AA86)),52/V86*AA86/60,"") | AC86: Glattrohrzuführung und Vereinzeler/Rohrstopper | AD86: 16 / 17 | AE86: Maßnahme | AF86: 5.3.4 | AG86: 11.2.4 | AH86: Sensor auf Beschädigung kontrollieren | AI86: 81 | AJ86: =IF(ISNUMBER(R86),R86-AI86/100000,"")
A87: 11.2.5 | B87: Kabelklemmung, Knickschutz, Kabelkasten und Leitungen auf Beschädigung prüfen | C87: Inspektion | D87: ⚠ Gefahrenstelle | G87: Keine Beschädigung; Zugentlastung wirksam | H87: =H43 | I87: =I43 | J87: =J43 | K87: =K43 | L87: =L43 | M87: =M43 | N87: =IF(COUNT(H87:M87)=6,SQRT(SUMSQ(H87:M87))/2,"") | O87: =O43 | P87: =P43 | Q87: =P_SF | R87: =IF(COUNT(N87:Q87)=4,N87*O87*P87*Q87,"") | S87: =IF(R87="","unvollständig",IF(R87>P_Grenze_kritisch,"kritisch",IF(R87>=P_Grenze_hoch,"hoch",IF(R87>=P_Grenze_mittel,"mittel","gering")))) | T87: =IF(S87="unvollständig","Bewertung fehlt",INDEX(Kl_Intervall,MATCH(S87,Kl_Name,0))) | U87: =T87 | V87: =IFERROR(INDEX(Iv_Wochen,MATCH(U87,Iv_Name,0)),"") | X87: =TRIM(IF(N(K87)>=P_Krit,"AS ","")&IF(N(J87)>=P_Krit,"Q ","")&IF(N(L87)>=P_Krit,"US","")) | Y87: =IF(ISNUMBER(I87),INDEX(IH_Text,I87),"") | AB87: =IF(AND(ISNUMBER(V87),ISNUMBER(AA87)),52/V87*AA87/60,"") | AC87: Glattrohrzuführung und Vereinzeler/Rohrstopper | AD87: 16 / 17 | AE87: Maßnahme | AF87: 5.3.5 | AG87: 11.2.5 | AH87: Prüfe Kabelklemmung, Knickschutz, Kabelkasten und Leitungen auf Beschädigung | AI87: 82 | AJ87: =IF(ISNUMBER(R87),R87-AI87/100000,"")
A88: 12 | B88: Handbediengerät | AC88: Handbediengerät | AD88: 19 | AE88: Baugruppe | AG88: 12 | AH88: 19.) Handbediengerät | AI88: 83
A89: 12.1 | B89: Funktion aller Bedienelemente prüfen | C89: Funktionsprüfung | G89: Alle Bedienelemente schalten einwandfrei; keine Beschädigung | H89: =H9 | I89: =I9 | J89: =J9 | K89: =K9 | L89: =L9 | M89: =M9 | N89: =IF(COUNT(H89:M89)=6,SQRT(SUMSQ(H89:M89))/2,"") | O89: =O9 | P89: =P9 | Q89: =P_SF | R89: =IF(COUNT(N89:Q89)=4,N89*O89*P89*Q89,"") | S89: =IF(R89="","unvollständig",IF(R89>P_Grenze_kritisch,"kritisch",IF(R89>=P_Grenze_hoch,"hoch",IF(R89>=P_Grenze_mittel,"mittel","gering")))) | T89: =IF(S89="unvollständig","Bewertung fehlt",INDEX(Kl_Intervall,MATCH(S89,Kl_Name,0))) | U89: =T89 | V89: =IFERROR(INDEX(Iv_Wochen,MATCH(U89,Iv_Name,0)),"") | X89: =TRIM(IF(N(K89)>=P_Krit,"AS ","")&IF(N(J89)>=P_Krit,"Q ","")&IF(N(L89)>=P_Krit,"US","")) | Y89: =IF(ISNUMBER(I89),INDEX(IH_Text,I89),"") | AB89: =IF(AND(ISNUMBER(V89),ISNUMBER(AA89)),52/V89*AA89/60,"") | AC89: Handbediengerät | AD89: 19 | AE89: Maßnahme | AF89: 2.1 | AG89: 12.1 | AH89: Prüfe die Funktion aller Bedienelemente | AI89: 84 | AJ89: =IF(ISNUMBER(R89),R89-AI89/100000,"")
A90: 12.2 | B90: Handbediengerät reinigen | C90: Reinigung | G90: Sauber; Anzeige lesbar | H90: =H10 | I90: =I10 | J90: =J10 | K90: =K10 | L90: =L10 | M90: =M10 | N90: =IF(COUNT(H90:M90)=6,SQRT(SUMSQ(H90:M90))/2,"") | O90: =O10 | P90: =P10 | Q90: =P_SF | R90: =IF(COUNT(N90:Q90)=4,N90*O90*P90*Q90,"") | S90: =IF(R90="","unvollständig",IF(R90>P_Grenze_kritisch,"kritisch",IF(R90>=P_Grenze_hoch,"hoch",IF(R90>=P_Grenze_mittel,"mittel","gering")))) | T90: =IF(S90="unvollständig","Bewertung fehlt",INDEX(Kl_Intervall,MATCH(S90,Kl_Name,0))) | U90: =T90 | V90: =IFERROR(INDEX(Iv_Wochen,MATCH(U90,Iv_Name,0)),"") | X90: =TRIM(IF(N(K90)>=P_Krit,"AS ","")&IF(N(J90)>=P_Krit,"Q ","")&IF(N(L90)>=P_Krit,"US","")) | Y90: =IF(ISNUMBER(I90),INDEX(IH_Text,I90),"") | AB90: =IF(AND(ISNUMBER(V90),ISNUMBER(AA90)),52/V90*AA90/60,"") | AC90: Handbediengerät | AD90: 19 | AE90: Maßnahme | AF90: 2.2 | AG90: 12.2 | AH90: Bedienpult reinigen | AI90: 85 | AJ90: =IF(ISNUMBER(R90),R90-AI90/100000,"")
A91: 13 | B91: Klimagerät für Schaltschrank | AC91: Klimagerät für Schaltschrank | AD91: 20 | AE91: Baugruppe | AG91: 13 | AH91: 20.) Klimagerät für Schaltschrank | AI91: 86
A92: 13.1 | B92: Filtermatten tauschen | C92: Austausch | G92: Neue Filtermatten eingesetzt | H92: 4 | I92: 3 | J92: 1 | K92: 2 | L92: 2 | M92: 3 | N92: =IF(COUNT(H92:M92)=6,SQRT(SUMSQ(H92:M92))/2,"") | O92: 2 | P92: 2 | Q92: =P_SF | R92: =IF(COUNT(N92:Q92)=4,N92*O92*P92*Q92,"") | S92: =IF(R92="","unvollständig",IF(R92>P_Grenze_kritisch,"kritisch",IF(R92>=P_Grenze_hoch,"hoch",IF(R92>=P_Grenze_mittel,"mittel","gering")))) | T92: =IF(S92="unvollständig","Bewertung fehlt",INDEX(Kl_Intervall,MATCH(S92,Kl_Name,0))) | U92: =T92 | V92: =IFERROR(INDEX(Iv_Wochen,MATCH(U92,Iv_Name,0)),"") | X92: =TRIM(IF(N(K92)>=P_Krit,"AS ","")&IF(N(J92)>=P_Krit,"Q ","")&IF(N(L92)>=P_Krit,"US","")) | Y92: =IF(ISNUMBER(I92),INDEX(IH_Text,I92),"") | AB92: =IF(AND(ISNUMBER(V92),ISNUMBER(AA92)),52/V92*AA92/60,"") | AC92: Klimagerät für Schaltschrank | AD92: 20 | AE92: Maßnahme | AG92: 13.1 | AH92: tausche Filtermatten | AI92: 87 | AJ92: =IF(ISNUMBER(R92),R92-AI92/100000,"")
A93: 14 | B93: Schaltschrank | D93: ⚡ Elektrische Spannung | AC93: Schaltschrank | AD93: 22 | AE93: Baugruppe | AG93: 14 | AH93: 22.) Schaltschrank | AI93: 88
A94: 14.1 | B94: Filtermatten (falls vorhanden) austauschen | C94: Austausch | D94: ⚡ Elektrische Spannung | G94: Neue Filtermatten eingesetzt | H94: =H92 | I94: =I92 | J94: =J92 | K94: =K92 | L94: =L92 | M94: =M92 | N94: =IF(COUNT(H94:M94)=6,SQRT(SUMSQ(H94:M94))/2,"") | O94: =O92 | P94: =P92 | Q94: =P_SF | R94: =IF(COUNT(N94:Q94)=4,N94*O94*P94*Q94,"") | S94: =IF(R94="","unvollständig",IF(R94>P_Grenze_kritisch,"kritisch",IF(R94>=P_Grenze_hoch,"hoch",IF(R94>=P_Grenze_mittel,"mittel","gering")))) | T94: =IF(S94="unvollständig","Bewertung fehlt",INDEX(Kl_Intervall,MATCH(S94,Kl_Name,0))) | U94: =T94 | V94: =IFERROR(INDEX(Iv_Wochen,MATCH(U94,Iv_Name,0)),"") | X94: =TRIM(IF(N(K94)>=P_Krit,"AS ","")&IF(N(J94)>=P_Krit,"Q ","")&IF(N(L94)>=P_Krit,"US","")) | Y94: =IF(ISNUMBER(I94),INDEX(IH_Text,I94),"") | AB94: =IF(AND(ISNUMBER(V94),ISNUMBER(AA94)),52/V94*AA94/60,"") | AC94: Schaltschrank | AD94: 22 | AE94: Maßnahme | AF94: 13.1 | AG94: 14.1 | AH94: Filtermatten, wenn vorhanden austauschen | AI94: 89 | AJ94: =IF(ISNUMBER(R94),R94-AI94/100000,"")
A95: 14.2 | B95: Staub absaugen | C95: Reinigung | D95: ⚡ Elektrische Spannung | G95: Schaltschrank staubfrei | H95: 1 | I95: 2 | J95: 1 | K95: 1 | L95: 2 | M95: 3 | N95: =IF(COUNT(H95:M95)=6,SQRT(SUMSQ(H95:M95))/2,"") | O95: 2 | P95: 3 | Q95: =P_SF | R95: =IF(COUNT(N95:Q95)=4,N95*O95*P95*Q95,"") | S95: =IF(R95="","unvollständig",IF(R95>P_Grenze_kritisch,"kritisch",IF(R95>=P_Grenze_hoch,"hoch",IF(R95>=P_Grenze_mittel,"mittel","gering")))) | T95: =IF(S95="unvollständig","Bewertung fehlt",INDEX(Kl_Intervall,MATCH(S95,Kl_Name,0))) | U95: =T95 | V95: =IFERROR(INDEX(Iv_Wochen,MATCH(U95,Iv_Name,0)),"") | X95: =TRIM(IF(N(K95)>=P_Krit,"AS ","")&IF(N(J95)>=P_Krit,"Q ","")&IF(N(L95)>=P_Krit,"US","")) | Y95: =IF(ISNUMBER(I95),INDEX(IH_Text,I95),"") | AB95: =IF(AND(ISNUMBER(V95),ISNUMBER(AA95)),52/V95*AA95/60,"") | AC95: Schaltschrank | AD95: 22 | AE95: Maßnahme | AG95: 14.2 | AH95: Staub absaugen | AI95: 90 | AJ95: =IF(ISNUMBER(R95),R95-AI95/100000,"")
A96: 14.3 | B96: Dichtheit von Gehäuse und Tür prüfen | C96: Inspektion | D96: ⚡ Elektrische Spannung | G96: Dichtungen intakt, Tür schließt dicht | H96: 1 | I96: 2 | J96: 1 | K96: 2 | L96: 2 | M96: 3 | N96: =IF(COUNT(H96:M96)=6,SQRT(SUMSQ(H96:M96))/2,"") | O96: 1 | P96: 3 | Q96: =P_SF | R96: =IF(COUNT(N96:Q96)=4,N96*O96*P96*Q96,"") | S96: =IF(R96="","unvollständig",IF(R96>P_Grenze_kritisch,"kritisch",IF(R96>=P_Grenze_hoch,"hoch",IF(R96>=P_Grenze_mittel,"mittel","gering")))) | T96: =IF(S96="unvollständig","Bewertung fehlt",INDEX(Kl_Intervall,MATCH(S96,Kl_Name,0))) | U96: =T96 | V96: =IFERROR(INDEX(Iv_Wochen,MATCH(U96,Iv_Name,0)),"") | X96: =TRIM(IF(N(K96)>=P_Krit,"AS ","")&IF(N(J96)>=P_Krit,"Q ","")&IF(N(L96)>=P_Krit,"US","")) | Y96: =IF(ISNUMBER(I96),INDEX(IH_Text,I96),"") | AB96: =IF(AND(ISNUMBER(V96),ISNUMBER(AA96)),52/V96*AA96/60,"") | AC96: Schaltschrank | AD96: 22 | AE96: Maßnahme | AG96: 14.3 | AH96: Prüfe Dichtheit von Gehäuse und Tür | AI96: 91 | AJ96: =IF(ISNUMBER(R96),R96-AI96/100000,"")
A97: 14.4 | B97: Sichtkontrolle der elektrischen Komponenten | C97: Inspektion | G97: Keine Verfärbungen, Schmorstellen oder losen Leitungen | H97: 2 | I97: 3 | J97: 1 | K97: 3 | L97: 1 | M97: 4 | N97: =IF(COUNT(H97:M97)=6,SQRT(SUMSQ(H97:M97))/2,"") | O97: 2 | P97: 2 | Q97: =P_SF | R97: =IF(COUNT(N97:Q97)=4,N97*O97*P97*Q97,"") | S97: =IF(R97="","unvollständig",IF(R97>P_Grenze_kritisch,"kritisch",IF(R97>=P_Grenze_hoch,"hoch",IF(R97>=P_Grenze_mittel,"mittel","gering")))) | T97: =IF(S97="unvollständig","Bewertung fehlt",INDEX(Kl_Intervall,MATCH(S97,Kl_Name,0))) | U97: =T97 | V97: =IFERROR(INDEX(Iv_Wochen,MATCH(U97,Iv_Name,0)),"") | X97: =TRIM(IF(N(K97)>=P_Krit,"AS ","")&IF(N(J97)>=P_Krit,"Q ","")&IF(N(L97)>=P_Krit,"US","")) | Y97: =IF(ISNUMBER(I97),INDEX(IH_Text,I97),"") | AB97: =IF(AND(ISNUMBER(V97),ISNUMBER(AA97)),52/V97*AA97/60,"") | AC97: Schaltschrank | AD97: 22 | AE97: Maßnahme | AG97: 14.4 | AH97: Sichtkontrolle der elek. Komponenten | AI97: 92 | AJ97: =IF(ISNUMBER(R97),R97-AI97/100000,"")
A98: 14.5 | B98: Lüfter auf Funktion prüfen | C98: Funktionsprüfung | G98: Lüfter läuft | H98: =H92 | I98: =I92 | J98: =J92 | K98: =K92 | L98: =L92 | M98: =M92 | N98: =IF(COUNT(H98:M98)=6,SQRT(SUMSQ(H98:M98))/2,"") | O98: =O92 | P98: =P92 | Q98: =P_SF | R98: =IF(COUNT(N98:Q98)=4,N98*O98*P98*Q98,"") | S98: =IF(R98="","unvollständig",IF(R98>P_Grenze_kritisch,"kritisch",IF(R98>=P_Grenze_hoch,"hoch",IF(R98>=P_Grenze_mittel,"mittel","gering")))) | T98: =IF(S98="unvollständig","Bewertung fehlt",INDEX(Kl_Intervall,MATCH(S98,Kl_Name,0))) | U98: =T98 | V98: =IFERROR(INDEX(Iv_Wochen,MATCH(U98,Iv_Name,0)),"") | X98: =TRIM(IF(N(K98)>=P_Krit,"AS ","")&IF(N(J98)>=P_Krit,"Q ","")&IF(N(L98)>=P_Krit,"US","")) | Y98: =IF(ISNUMBER(I98),INDEX(IH_Text,I98),"") | AB98: =IF(AND(ISNUMBER(V98),ISNUMBER(AA98)),52/V98*AA98/60,"") | AC98: Schaltschrank | AD98: 22 | AE98: Maßnahme | AF98: 13.1 | AG98: 14.5 | AH98: Prüfe Lüfter auf Funktion | AI98: 93 | AJ98: =IF(ISNUMBER(R98),R98-AI98/100000,"")
A99: 15 | B99: Ölkühler/Wasserkühler | AC99: Ölkühler/Wasserkühler | AD99: 24 | AE99: Baugruppe | AG99: 15 | AH99: 24.) Ölkühler/Wasserkühler | AI99: 94
A100: 15.1 | B100: Filtermatten tauschen | C100: Austausch | D100: ℹ Hinweis beachten | G100: Neue Filtermatten eingesetzt | H100: 4 | I100: 3 | J100: 4 | K100: 3 | L100: 4 | M100: 4 | N100: =IF(COUNT(H100:M100)=6,SQRT(SUMSQ(H100:M100))/2,"") | O100: 5 | P100: 3 | Q100: =P_SF | R100: =IF(COUNT(N100:Q100)=4,N100*O100*P100*Q100,"") | S100: =IF(R100="","unvollständig",IF(R100>P_Grenze_kritisch,"kritisch",IF(R100>=P_Grenze_hoch,"hoch",IF(R100>=P_Grenze_mittel,"mittel","gering")))) | T100: =IF(S100="unvollständig","Bewertung fehlt",INDEX(Kl_Intervall,MATCH(S100,Kl_Name,0))) | U100: =T100 | V100: =IFERROR(INDEX(Iv_Wochen,MATCH(U100,Iv_Name,0)),"") | X100: =TRIM(IF(N(K100)>=P_Krit,"AS ","")&IF(N(J100)>=P_Krit,"Q ","")&IF(N(L100)>=P_Krit,"US","")) | Y100: =IF(ISNUMBER(I100),INDEX(IH_Text,I100),"") | AB100: =IF(AND(ISNUMBER(V100),ISNUMBER(AA100)),52/V100*AA100/60,"") | AC100: Ölkühler/Wasserkühler | AD100: 24 | AE100: Maßnahme | AG100: 15.1 | AH100: tausche Filtermatten | AI100: 95 | AJ100: =IF(ISNUMBER(R100),R100-AI100/100000,"")
...

Sheet Durchführungsnachweis
A1: Durchführungsnachweis – Status der Wartungsmaßnahmen
A2: ="Maschine: "&M_Name&" · Stichtag: "&TEXT(TODAY(),"DD.MM.YYYY")&" · Vorwarnzeit: "&P_Vorwarn&" Tage"
A3: Nach jeder Durchführung Datum, Befund und Namen eintragen (gelbe Felder). Fälligkeit und Status werden automatisch berechnet. Für eine lückenlose Historie die Zeile vor dem Überschreiben z. B. in SAP-PM rückmelden oder als PDF archivieren.
A5: Nr. | B5: Baugruppe | C5: Maßnahme | D5: Intervall festgelegt | E5: Intervall [Wochen] | F5: Ausführung durch | G5: Letzte Durchführung | H5: Nächste Fälligkeit | I5: Tage bis Fälligkeit | J5: Status | K5: Befund | L5: Durchgeführt von | M5: Bemerkung / Folgeauftrag (SAP-Nr.)
A6: 1.1 | B6: =IFERROR(INDEX(Wartungsplan!$AC$6:$AC$323,MATCH($A6,Wartungsplan!$A$6:$A$323,0)),"") | C6: =IFERROR(INDEX(Wartungsplan!$B$6:$B$323,MATCH($A6,Wartungsplan!$A$6:$A$323,0)),"") | D6: =IFERROR(INDEX(Wartungsplan!$U$6:$U$323,MATCH($A6,Wartungsplan!$A$6:$A$323,0)),"") | E6: =IFERROR(INDEX(Wartungsplan!$V$6:$V$323,MATCH($A6,Wartungsplan!$A$6:$A$323,0)),"") | F6: =IFERROR(IF(INDEX(Wartungsplan!$Z$6:$Z$323,MATCH($A6,Wartungsplan!$A$6:$A$323,0))="","",INDEX(Wartungsplan!$Z$6:$Z$323,MATCH($A6,Wartungsplan!$A$6:$A$323,0))),"") | H6: =IF(OR(G6="",NOT(ISNUMBER(E6))),"",G6+E6*7) | I6: =IF(H6="","",H6-TODAY()) | J6: =IF(NOT(ISNUMBER(E6)),"Intervall fehlt",IF(G6="","nicht erfasst",IF(I6<0,"überfällig",IF(I6<=P_Vorwarn,"bald fällig","in Ordnung"))))
A7: 2.1 | B7: =IFERROR(INDEX(Wartungsplan!$AC$6:$AC$323,MATCH($A7,Wartungsplan!$A$6:$A$323,0)),"") | C7: =IFERROR(INDEX(Wartungsplan!$B$6:$B$323,MATCH($A7,Wartungsplan!$A$6:$A$323,0)),"") | D7: =IFERROR(INDEX(Wartungsplan!$U$6:$U$323,MATCH($A7,Wartungsplan!$A$6:$A$323,0)),"") | E7: =IFERROR(INDEX(Wartungsplan!$V$6:$V$323,MATCH($A7,Wartungsplan!$A$6:$A$323,0)),"") | F7: =IFERROR(IF(INDEX(Wartungsplan!$Z$6:$Z$323,MATCH($A7,Wartungsplan!$A$6:$A$323,0))="","",INDEX(Wartungsplan!$Z$6:$Z$323,MATCH($A7,Wartungsplan!$A$6:$A$323,0))),"") | H7: =IF(OR(G7="",NOT(ISNUMBER(E7))),"",G7+E7*7) | I7: =IF(H7="","",H7-TODAY()) | J7: =IF(NOT(ISNUMBER(E7)),"Intervall fehlt",IF(G7="","nicht erfasst",IF(I7<0,"überfällig",IF(I7<=P_Vorwarn,"bald fällig","in Ordnung"))))
A8: 2.2 | B8: =IFERROR(INDEX(Wartungsplan!$AC$6:$AC$323,MATCH($A8,Wartungsplan!$A$6:$A$323,0)),"") | C8: =IFERROR(INDEX(Wartungsplan!$B$6:$B$323,MATCH($A8,Wartungsplan!$A$6:$A$323,0)),"") | D8: =IFERROR(INDEX(Wartungsplan!$U$6:$U$323,MATCH($A8,Wartungsplan!$A$6:$A$323,0)),"") | E8: =IFERROR(INDEX(Wartungsplan!$V$6:$V$323,MATCH($A8,Wartungsplan!$A$6:$A$323,0)),"") | F8: =IFERROR(IF(INDEX(Wartungsplan!$Z$6:$Z$323,MATCH($A8,Wartungsplan!$A$6:$A$323,0))="","",INDEX(Wartungsplan!$Z$6:$Z$323,MATCH($A8,Wartungsplan!$A$6:$A$323,0))),"") | H8: =IF(OR(G8="",NOT(ISNUMBER(E8))),"",G8+E8*7) | I8: =IF(H8="","",H8-TODAY()) | J8: =IF(NOT(ISNUMBER(E8)),"Intervall fehlt",IF(G8="","nicht erfasst",IF(I8<0,"überfällig",IF(I8<=P_Vorwarn,"bald fällig","in Ordnung"))))
A9: 2.3 | B9: =IFERROR(INDEX(Wartungsplan!$AC$6:$AC$323,MATCH($A9,Wartungsplan!$A$6:$A$323,0)),"") | C9: =IFERROR(INDEX(Wartungsplan!$B$6:$B$323,MATCH($A9,Wartungsplan!$A$6:$A$323,0)),"") | D9: =IFERROR(INDEX(Wartungsplan!$U$6:$U$323,MATCH($A9,Wartungsplan!$A$6:$A$323,0)),"") | E9: =IFERROR(INDEX(Wartungsplan!$V$6:$V$323,MATCH($A9,Wartungsplan!$A$6:$A$323,0)),"") | F9: =IFERROR(IF(INDEX(Wartungsplan!$Z$6:$Z$323,MATCH($A9,Wartungsplan!$A$6:$A$323,0))="","",INDEX(Wartungsplan!$Z$6:$Z$323,MATCH($A9,Wartungsplan!$A$6:$A$323,0))),"") | H9: =IF(OR(G9="",NOT(ISNUMBER(E9))),"",G9+E9*7) | I9: =IF(H9="","",H9-TODAY()) | J9: =IF(NOT(ISNUMBER(E9)),"Intervall fehlt",IF(G9="","nicht erfasst",IF(I9<0,"überfällig",IF(I9<=P_Vorwarn,"bald fällig","in Ordnung"))))
A10: 3.1.1 | B10: =IFERROR(INDEX(Wartungsplan!$AC$6:$AC$323,MATCH($A10,Wartungsplan!$A$6:$A$323,0)),"") | C10: =IFERROR(INDEX(Wartungsplan!$B$6:$B$323,MATCH($A10,Wartungsplan!$A$6:$A$323,0)),"") | D10: =IFERROR(INDEX(Wartungsplan!$U$6:$U$323,MATCH($A10,Wartungsplan!$A$6:$A$323,0)),"") | E10: =IFERROR(INDEX(Wartungsplan!$V$6:$V$323,MATCH($A10,Wartungsplan!$A$6:$A$323,0)),"") | F10: =IFERROR(IF(INDEX(Wartungsplan!$Z$6:$Z$323,MATCH($A10,Wartungsplan!$A$6:$A$323,0))="","",INDEX(Wartungsplan!$Z$6:$Z$323,MATCH($A10,Wartungsplan!$A$6:$A$323,0))),"") | H10: =IF(OR(G10="",NOT(ISNUMBER(E10))),"",G10+E10*7) | I10: =IF(H10="","",H10-TODAY()) | J10: =IF(NOT(ISNUMBER(E10)),"Intervall fehlt",IF(G10="","nicht erfasst",IF(I10<0,"überfällig",IF(I10<=P_Vorwarn,"bald fällig","in Ordnung"))))
A11: 3.1.2 | B11: =IFERROR(INDEX(Wartungsplan!$AC$6:$AC$323,MATCH($A11,Wartungsplan!$A$6:$A$323,0)),"") | C11: =IFERROR(INDEX(Wartungsplan!$B$6:$B$323,MATCH($A11,Wartungsplan!$A$6:$A$323,0)),"") | D11: =IFERROR(INDEX(Wartungsplan!$U$6:$U$323,MATCH($A11,Wartungsplan!$A$6:$A$323,0)),"") | E11: =IFERROR(INDEX(Wartungsplan!$V$6:$V$323,MATCH($A11,Wartungsplan!$A$6:$A$323,0)),"") | F11: =IFERROR(IF(INDEX(Wartungsplan!$Z$6:$Z$323,MATCH($A11,Wartungsplan!$A$6:$A$323,0))="","",INDEX(Wartungsplan!$Z$6:$Z$323,MATCH($A11,Wartungsplan!$A$6:$A$323,0))),"") | H11: =IF(OR(G11="",NOT(ISNUMBER(E11))),"",G11+E11*7) | I11: =IF(H11="","",H11-TODAY()) | J11: =IF(NOT(ISNUMBER(E11)),"Intervall fehlt",IF(G11="","nicht erfasst",IF(I11<0,"überfällig",IF(I11<=P_Vorwarn,"bald fällig","in Ordnung"))))
A12: 3.1.3 | B12: =IFERROR(INDEX(Wartungsplan!$AC$6:$AC$323,MATCH($A12,Wartungsplan!$A$6:$A$323,0)),"") | C12: =IFERROR(INDEX(Wartungsplan!$B$6:$B$323,MATCH($A12,Wartungsplan!$A$6:$A$323,0)),"") | D12: =IFERROR(INDEX(Wartungsplan!$U$6:$U$323,MATCH($A12,Wartungsplan!$A$6:$A$323,0)),"") | E12: =IFERROR(INDEX(Wartungsplan!$V$6:$V$323,MATCH($A12,Wartungsplan!$A$6:$A$323,0)),"") | F12: =IFERROR(IF(INDEX(Wartungsplan!$Z$6:$Z$323,MATCH($A12,Wartungsplan!$A$6:$A$323,0))="","",INDEX(Wartungsplan!$Z$6:$Z$323,MATCH($A12,Wartungsplan!$A$6:$A$323,0))),"") | H12: =IF(OR(G12="",NOT(ISNUMBER(E12))),"",G12+E12*7) | I12: =IF(H12="","",H12-TODAY()) | J12: =IF(NOT(ISNUMBER(E12)),"Intervall fehlt",IF(G12="","nicht erfasst",IF(I12<0,"überfällig",IF(I12<=P_Vorwarn,"bald fällig","in Ordnung"))))
A13: 3.1.4 | B13: =IFERROR(INDEX(Wartungsplan!$AC$6:$AC$323,MATCH($A13,Wartungsplan!$A$6:$A$323,0)),"") | C13: =IFERROR(INDEX(Wartungsplan!$B$6:$B$323,MATCH($A13,Wartungsplan!$A$6:$A$323,0)),"") | D13: =IFERROR(INDEX(Wartungsplan!$U$6:$U$323,MATCH($A13,Wartungsplan!$A$6:$A$323,0)),"") | E13: =IFERROR(INDEX(Wartungsplan!$V$6:$V$323,MATCH($A13,Wartungsplan!$A$6:$A$323,0)),"") | F13: =IFERROR(IF(INDEX(Wartungsplan!$Z$6:$Z$323,MATCH($A13,Wartungsplan!$A$6:$A$323,0))="","",INDEX(Wartungsplan!$Z$6:$Z$323,MATCH($A13,Wartungsplan!$A$6:$A$323,0))),"") | H13: =IF(OR(G13="",NOT(ISNUMBER(E13))),"",G13+E13*7) | I13: =IF(H13="","",H13-TODAY()) | J13: =IF(NOT(ISNUMBER(E13)),"Intervall fehlt",IF(G13="","nicht erfasst",IF(I13<0,"überfällig",IF(I13<=P_Vorwarn,"bald fällig","in Ordnung"))))
A14: 3.1.5 | B14: =IFERROR(INDEX(Wartungsplan!$AC$6:$AC$323,MATCH($A14,Wartungsplan!$A$6:$A$323,0)),"") | C14: =IFERROR(INDEX(Wartungsplan!$B$6:$B$323,MATCH($A14,Wartungsplan!$A$6:$A$323,0)),"") | D14: =IFERROR(INDEX(Wartungsplan!$U$6:$U$323,MATCH($A14,Wartungsplan!$A$6:$A$323,0)),"") | E14: =IFERROR(INDEX(Wartungsplan!$V$6:$V$323,MATCH($A14,Wartungsplan!$A$6:$A$323,0)),"") | F14: =IFERROR(IF(INDEX(Wartungsplan!$Z$6:$Z$323,MATCH($A14,Wartungsplan!$A$6:$A$323,0))="","",INDEX(Wartungsplan!$Z$6:$Z$323,MATCH($A14,Wartungsplan!$A$6:$A$323,0))),"") | H14: =IF(OR(G14="",NOT(ISNUMBER(E14))),"",G14+E14*7) | I14: =IF(H14="","",H14-TODAY()) | J14: =IF(NOT(ISNUMBER(E14)),"Intervall fehlt",IF(G14="","nicht erfasst",IF(I14<0,"überfällig",IF(I14<=P_Vorwarn,"bald fällig","in Ordnung"))))
A15: 3.1.6 | B15: =IFERROR(INDEX(Wartungsplan!$AC$6:$AC$323,MATCH($A15,Wartungsplan!$A$6:$A$323,0)),"") | C15: =IFERROR(INDEX(Wartungsplan!$B$6:$B$323,MATCH($A15,Wartungsplan!$A$6:$A$323,0)),"") | D15: =IFERROR(INDEX(Wartungsplan!$U$6:$U$323,MATCH($A15,Wartungsplan!$A$6:$A$323,0)),"") | E15: =IFERROR(INDEX(Wartungsplan!$V$6:$V$323,MATCH($A15,Wartungsplan!$A$6:$A$323,0)),"") | F15: =IFERROR(IF(INDEX(Wartungsplan!$Z$6:$Z$323,MATCH($A15,Wartungsplan!$A$6:$A$323,0))="","",INDEX(Wartungsplan!$Z$6:$Z$323,MATCH($A15,Wartungsplan!$A$6:$A$323,0))),"") | H15: =IF(OR(G15="",NOT(ISNUMBER(E15))),"",G15+E15*7) | I15: =IF(H15="","",H15-TODAY()) | J15: =IF(NOT(ISNUMBER(E15)),"Intervall fehlt",IF(G15="","nicht erfasst",IF(I15<0,"überfällig",IF(I15<=P_Vorwarn,"bald fällig","in Ordnung"))))
A16: 3.1.7 | B16: =IFERROR(INDEX(Wartungsplan!$AC$6:$AC$323,MATCH($A16,Wartungsplan!$A$6:$A$323,0)),"") | C16: =IFERROR(INDEX(Wartungsplan!$B$6:$B$323,MATCH($A16,Wartungsplan!$A$6:$A$323,0)),"") | D16: =IFERROR(INDEX(Wartungsplan!$U$6:$U$323,MATCH($A16,Wartungsplan!$A$6:$A$323,0)),"") | E16: =IFERROR(INDEX(Wartungsplan!$V$6:$V$323,MATCH($A16,Wartungsplan!$A$6:$A$323,0)),"") | F16: =IFERROR(IF(INDEX(Wartungsplan!$Z$6:$Z$323,MATCH($A16,Wartungsplan!$A$6:$A$323,0))="","",INDEX(Wartungsplan!$Z$6:$Z$323,MATCH($A16,Wartungsplan!$A$6:$A$323,0))),"") | H16: =IF(OR(G16="",NOT(ISNUMBER(E16))),"",G16+E16*7) | I16: =IF(H16="","",H16-TODAY()) | J16: =IF(NOT(ISNUMBER(E16)),"Intervall fehlt",IF(G16="","nicht erfasst",IF(I16<0,"überfällig",IF(I16<=P_Vorwarn,"bald fällig","in Ordnung"))))
A17: 4.1.1 | B17: =IFERROR(INDEX(Wartungsplan!$AC$6:$AC$323,MATCH($A17,Wartungsplan!$A$6:$A$323,0)),"") | C17: =IFERROR(INDEX(Wartungsplan!$B$6:$B$323,MATCH($A17,Wartungsplan!$A$6:$A$323,0)),"") | D17: =IFERROR(INDEX(Wartungsplan!$U$6:$U$323,MATCH($A17,Wartungsplan!$A$6:$A$323,0)),"") | E17: =IFERROR(INDEX(Wartungsplan!$V$6:$V$323,MATCH($A17,Wartungsplan!$A$6:$A$323,0)),"") | F17: =IFERROR(IF(INDEX(Wartungsplan!$Z$6:$Z$323,MATCH($A17,Wartungsplan!$A$6:$A$323,0))="","",INDEX(Wartungsplan!$Z$6:$Z$323,MATCH($A17,Wartungsplan!$A$6:$A$323,0))),"") | H17: =IF(OR(G17="",NOT(ISNUMBER(E17))),"",G17+E17*7) | I17: =IF(H17="","",H17-TODAY()) | J17: =IF(NOT(ISNUMBER(E17)),"Intervall fehlt",IF(G17="","nicht erfasst",IF(I17<0,"überfällig",IF(I17<=P_Vorwarn,"bald fällig","in Ordnung"))))
... A93: 21.3 | B93: =IFERROR(INDEX(Wartungsplan!$AC$6:$AC$323,MATCH($A93,Wartungsplan!$A$6:$A$323,0)),"") | C93: =IFERROR(INDEX(Wartungsplan!$B$6:$B$323,MATCH($A93,Wartungsplan!$A$6:$A$323,0)),"") | D93: =IFERROR(INDEX(Wartungsplan!$U$6:$U$323,MATCH($A93,Wartungsplan!$A$6:$A$323,0)),"") | E93: =IFERROR(INDEX(Wartungsplan!$V$6:$V$323,MATCH($A93,Wartungsplan!$A$6:$A$323,0)),"") | F93: =IFERROR(IF(INDEX(Wartungsplan!$Z$6:$Z$323,MATCH($A93,Wartungsplan!$A$6:$A$323,0))="","",INDEX(Wartungsplan!$Z$6:$Z$323,MATCH($A93,Wartungsplan!$A$6:$A$323,0))),"") | H93: =IF(OR(G93="",NOT(ISNUMBER(E93))),"",G93+E93*7) | I93: =IF(H93="","",H93-TODAY()) | J93: =IF(NOT(ISNUMBER(E93)),"Intervall fehlt",IF(G93="","nicht erfasst",IF(I93<0,"überfällig",IF(I93<=P_Vorwarn,"bald fällig","in Ordnung"))))

Sheet Anlagenübersicht
B1: Anlagenübersicht – Positionen der Übersichtszeichnung
B2: Zuordnung der Positionsnummern zu den Abschnitten des Wartungsplans (Zeichnung aus der Vorversion)
K5: Pos. | L5: Baugruppe | M5: Abschnitt im Plan | N5: Status
K6: 1 | L6: Bedienpult | M6: 2 | N6: im Wartungsplan enthalten
K7: 2 | L7: Staucheinheit | M7: 3 | N7: im Wartungsplan enthalten
K8: 3 | L8: Oberer Werkzeugträger | M8: 4 | N8: im Wartungsplan enthalten
K9: 4 | L9: (Bezeichnung in der Vorversion nicht angegeben) | M9: – | N9: nicht im Wartungsplan – prüfen
K10: 5 | L10: Verschlussbalken | M10: 5 | N10: im Wartungsplan enthalten
K11: 6 | L11: Unterer Werkzeugträger | M11: 4 | N11: im Wartungsplan enthalten
K12: 7 | L12: (Bezeichnung in der Vorversion nicht angegeben) | M12: – | N12: nicht im Wartungsplan – prüfen
K13: 8 | L13: Entnahmehandling (Handling Balggreifer) | M13: 9 | N13: im Wartungsplan enthalten
K14: 9 | L14: (Bezeichnung in der Vorversion nicht angegeben) | M14: – | N14: nicht im Wartungsplan – prüfen
K15: 10 | L15: (Bezeichnung in der Vorversion nicht angegeben) | M15: – | N15: nicht im Wartungsplan – prüfen
K16: 11 | L16: Wasserbehälter für Umformmedium | M16: 7 | N16: im Wartungsplan enthalten
K17: 12 | L17: (Bezeichnung in der Vorversion nicht angegeben) | M17: – | N17: nicht im Wartungsplan – prüfen
... K31: 26 | L31: Hydraulik-Druckfilter (mit Filtereinsatz) | M31: 17 | N31: im Wartungsplan enthalten
B32: Hinweis: Die Positionen 4, 7, 9, 10, 12, 18, 21, 23, 27 und 28 sind in der Zeichnung nummeriert, aber im Wartungsplan nicht berücksichtigt. Bitte im Team klären, ob dort Wartungsbedarf besteht (siehe Blatt „Offene Punkte“). | K32: 27 | L32: (Bezeichnung in der Vorversion nicht angegeben) | M32: – | N32: nicht im Wartungsplan – prüfen
K33: 28 | L33: (Bezeichnung in der Vorversion nicht angegeben) | M33: – | N33: nicht im Wartungsplan – prüfen
K34: 29 | L34: Stauchspindel (Kugelgewindespindel) | M34: 3 | N34: im Wartungsplan enthalten
K35: 30 | L35: Druckübersetzer | M35: 18 | N35: im Wartungsplan enthalten
K37: Ergänzend: Pos. 33 = Schmierbohrung in der Stauchspindel (Detailbild bei Maßnahme 3.1.5). Abschnitte 1 (Not-Aus), 6 (Zylinder), 19 (Schmierung allgemein), 20 (Schutzeinrichtungen) und 21 (Kühlaggregat) sind keiner Position zugeordnet.

Sheet Bewertungskatalog
B1: Bewertungskatalog – Skalen 1 bis 5
B2: Konsolidiert aus den 8 Einzelblättern der Vorversion (Bedeutung F, IH, Q, AS, US, S · Ausfallwahrscheinlichkeit A · Entdeckungswahrscheinlichkeit E)
B5: Kürzel | C5: Kriterium | D5: Leitfrage | E5: 1 | F5: 2 | G5: 3 | H5: 4 | I5: 5
D6: Ausprägung des Risikos | E6: sehr gering | F6: gering | G6: mittel | H6: hoch | I6: sehr hoch
D7: Einstufung (Bezeichnung der Vorversion) | E7: sehr gut | F7: gut | G7: mittel | H7: schlecht | I7: sehr schlecht
B8: Bedeutung B – Folgen eines Ausfalls (fließen über B = √(F²+IH²+Q²+AS²+US²+S²)/2 in die RPZ ein)
B9: F | C9: Funktionalität der Anlage | D9: Welche Auswirkung hat der Ausfall auf die Funktion der Anlage? | E9: kaum wahrnehmbare Auswirkungen | F9: geringe Auswirkungen auf die Funktionalität der Anlage | G9: mäßige Auswirkungen auf die Funktionalität der Anlage | H9: hohe Auswirkungen auf die Funktionalität der Anlage | I9: Anlage wird zerstört; Verschleiß ist enorm hoch
B10: IH | C10: Instandsetzungsaufwand bei Ausfall (Dauer / Personal) | D10: Wie lange dauert die Instandsetzung und wer kann sie durchführen? | E10: Zeit < 10 min; kann durch geschulten Anlagenbediener durchgeführt werden | F10: Zeit 10–30 min; kann vom Instandhalter allein durchgeführt werden | G10: Zeit 30–60 min; kann von Instandhalter und Anlagenbediener durchgeführt werden | H10: Zeit 1–3 h; mindestens 2 Mitarbeiter erforderlich | I10: Zeit > 3 h; mindestens 2 Mitarbeiter / Spezialisten erforderlich
B11: Q | C11: Qualität (Auswirkung auf den Kunden) | D11: Welche Auswirkung hat der Ausfall auf die Produktqualität beim Kunden? | E11: kaum wahrnehmbare Auswirkungen | F11: geringe Auswirkungen auf den Kunden | G11: mäßige Auswirkungen auf den Kunden | H11: Verärgerung des Kunden | I11: Verlust des Kunden
B12: AS | C12: Arbeitssicherheit | D12: Welche Gefährdung für Personen entsteht? | E12: kaum wahrnehmbare Auswirkungen | F12: geringe Auswirkungen auf die Arbeitssicherheit | G12: mäßige Auswirkungen auf die Arbeitssicherheit | H12: hohe Auswirkungen auf die Arbeitssicherheit | I12: Schaden an Leib und Leben
B13: US | C13: Umweltschutz | D13: Welche Umweltauswirkung entsteht (z. B. Öl-/Wasseraustritt)? | E13: kaum wahrnehmbare Auswirkungen | F13: geringe Auswirkungen auf den Umweltschutz | G13: mäßige Auswirkungen auf den Umweltschutz | H13: hohe Auswirkungen auf den Umweltschutz | I13: sehr hohe Auswirkungen auf den Umweltschutz / Umweltschutzbehörde betroffen
B14: S | C14: Höhe des Schadens bei Ausfall | D14: Wie hoch ist der Sachschaden bei einem Ausfall? | E14: kaum wahrnehmbare Auswirkungen | F14: geringe Auswirkungen | G14: mäßige Auswirkungen | H14: hohe Auswirkungen | I14: sehr hohe Auswirkungen / Generalüberholung notwendig
B15: Wahrscheinlichkeiten (fließen direkt als Faktoren in die RPZ ein)
B16: A | C16: Ausfallwahrscheinlichkeit | D16: Mit welcher Wahrscheinlichkeit tritt der Fehler / Ausfall auf (Erfahrungswerte)? | E16: Auftreten des Ausfalls ist unwahrscheinlich (Zeit > 3 Jahre) | F16: Ausfall tritt nur äußerst selten oder unter bestimmten Umständen auf (Zeit > 1 Jahr) | G16: Ausfall tritt gelegentlich / sporadisch auf (Zeit 4–12 Monate) | H16: Ausfall tritt wiederholt, aber unregelmäßig auf (alle 8–16 Wochen) | I16: Ausfall tritt häufig und regelmäßig auf (alle 6–8 Wochen)
B17: E | C17: Entdeckungswahrscheinlichkeit | D17: Mit welcher Wahrscheinlichkeit wird der Fehler erkannt (Zeit bis zur Entdeckung)? | E17: Entdeckungswahrscheinlichkeit sehr hoch (sofort) | F17: Entdeckungswahrscheinlichkeit hoch (nach ca. 10 min) | G17: Entdeckungswahrscheinlichkeit mäßig (nach ca. 7 Std.) | H17: Entdeckungswahrscheinlichkeit gering (nach ca. 1 Woche) | I17: Entdeckungswahrscheinlichkeit sehr gering (nach ca. 1 Monat)
B19: Schichtfaktor SF (fließt als Faktor in die RPZ ein)
B20: SF | C20: 1-Schicht-Betrieb | D20: 0,33
B21: SF | C21: 2-Schicht-Betrieb | D21: 0,66
B22: SF | C22: 3-Schicht-Betrieb | D22: 1,00
B24: Bewertungsregeln (neu ergänzt)
B25: • Bewertung im interdisziplinären Team (Instandhaltung, Produktion, Qualitätsmanagement; bei AS/US ≥ 4 Fachkraft für Arbeitssicherheit / Umweltbeauftragte hinzuziehen).
B26: • Es wird immer die realistisch schlimmste Folge eines Ausfalls des betrachteten Objekts bewertet – nicht der Aufwand der Wartungsmaßnahme selbst.
B27: • A möglichst aus Störungshistorie (z. B. SAP-PM, Störmeldungen) ableiten; ohne Daten Erfahrungswert des Teams verwenden und kennzeichnen.
B28: • Gleichartige Objekte (z. B. Sensoren, Zylinder) dürfen Bewertungen übernehmen; die Übernahme ist in Spalte „Bewertung übernommen von“ dokumentiert und ist je Baugruppe zu plausibilisieren.
B29: • Überprüfung der Bewertung: jährlich sowie nach Störungen, Anlagenänderungen, Reklamationen oder Unfällen.

Sheet RPZ-Methodik
B1: RPZ-Methodik – Berechnung der Risikoprioritätszahl
B2: Wie aus der Bewertung das Wartungsintervall entsteht
B5: RPZ = B × A × E × SF
B7: Größe | C7: Bezeichnung | D7: Berechnung / Skala
B8: B | C8: Bedeutung | D8: B = √(F² + IH² + Q² + AS² + US² + S²) / 2 – Wertebereich 1,22 (alle Kriterien = 1) bis 6,12 (alle = 5)
B9: A | C9: Ausfallwahrscheinlichkeit | D9: 1 … 5 – mit welcher Wahrscheinlichkeit tritt der Fehler / Ausfall auf (Erfahrungswerte)
B10: E | C10: Entdeckungswahrscheinlichkeit | D10: 1 … 5 – mit welcher Wahrscheinlichkeit / wie schnell wird der Fehler erkannt
B11: SF | C11: Schichtfaktor | D11: 0,33 (1-Schicht) · 0,66 (2-Schicht) · 1 (3-Schicht)
B12: RPZ | C12: Risikoprioritätszahl | D12: Wertebereich 0,40 (Minimum bei 1-Schicht) bis 153 (Maximum bei 3-Schicht)
B14: Kriterien der Bedeutung B
B15: F | C15: Einfluss auf die Funktionalität der Anlage
B16: IH | C16: Instandsetzungsaufwand bei Ausfall
B17: Q | C17: Einfluss auf die Produktqualität
B18: AS | C18: Einfluss auf die Arbeitssicherheit
B19: US | C19: Einfluss auf den Umweltschutz
B20: S | C20: Höhe des Schadens bei Ausfall
B22: Auswertung: RPZ → Risikoklasse → Wartungsintervall
B23: Risikoklasse | C23: RPZ von | D23: RPZ bis | E23: Intervall | F23: Handlungsbedarf
B24: =Parameter!B13 | C24: =Parameter!C13 | D24: =Parameter!D13 | E24: =Parameter!E13 | F24: =Parameter!F13
B25: =Parameter!B14 | C25: =Parameter!C14 | D25: =Parameter!D14 | E25: =Parameter!E14 | F25: =Parameter!F14
B26: =Parameter!B15 | C26: =Parameter!C15 | D26: =Parameter!D15 | E26: =Parameter!E15 | F26: =Parameter!F15
B27: =Parameter!B16 | C27: =Parameter!C16 | D27: =Parameter!D16 | E27: =Parameter!E16 | F27: =Parameter!F16
B29: Hinweis: Die Vorversion dokumentierte die Grenzen als „RPZ < 15 / 16 < RPZ < 65 / 66 < RPZ < 125“; die hinterlegte Formel arbeitete jedoch mit ≥ 15 bzw. ≥ 66. Die Grenzen wurden auf die Formellogik vereinheitlicht – alle Ergebnisse bleiben identisch. RPZ > 125 bzw. < 1 lieferte in der Vorversion keine Auswertung; diese Lücke ist jetzt geschlossen (Klasse „kritisch“ bzw. „gering“).
B33: Rechenbeispiel (live aus dem Wartungsplan, Maßnahme 1.1 Not-Aus)
B34: F | C34: IH | D34: Q | E34: AS | F34: US | G34: S
B35: =Wartungsplan!H7 | C35: =Wartungsplan!I7 | D35: =Wartungsplan!J7 | E35: =Wartungsplan!K7 | F35: =Wartungsplan!L7 | G35: =Wartungsplan!M7
B37: B = √(F²+IH²+Q²+AS²+US²+S²) / 2 | C37: =SQRT(SUMSQ(B35:G35))/2
B38: A (Ausfallwahrscheinlichkeit) | C38: =Wartungsplan!O7
B39: E (Entdeckungswahrscheinlichkeit) | C39: =Wartungsplan!P7
B40: SF (Schichtfaktor) | C40: =Wartungsplan!Q7
B41: RPZ = B × A × E × SF | C41: =C37*C38*C39*C40
B42: Risikoklasse | C42: =Wartungsplan!S7
B43: Wartungsintervall | C43: =Wartungsplan!T7
B45: Methodische Hinweise
B46: • Die RPZ ist eine Priorisierungshilfe, kein absolutes Risikomaß: gleiche RPZ können unterschiedliche Risiken bedeuten. Deshalb zusätzlich die Spalte „Relevanz AS/Q/US“ beachten – Maßnahmen mit AS = 5 (Schaden an Leib und Leben) sind unabhängig von der RPZ sicherheitsrelevant.
B47: • B kann Werte über 5 annehmen (max. 6,12). Das ist methodisch so gewollt und wurde aus der Vorversion unverändert übernommen.
B48: • Ein niedriger Schichtfaktor senkt die RPZ und verlängert damit das Intervall – bei Wechsel des Schichtmodells ändert sich die Einstufung aller Maßnahmen automatisch.
B49: • Die Entdeckungswahrscheinlichkeit E ist umgekehrt skaliert: 1 = Fehler wird sofort erkannt (gut), 5 = Fehler wird erst nach ca. einem Monat erkannt (schlecht).

Sheet Parameter
B1: Parameter & Auswahllisten
B2: Zentrale Stellgrößen der Bewertung. Änderungen hier wirken auf alle Blätter. Gelbe Zellen sind änderbar.
B5: 1 Grenzwerte der Risikoprioritätszahl (RPZ)
B6: Grenzwert | C6: Wert | F6: Bedeutung | G6: Herkunft
B7: Untergrenze „mittel“ (RPZ ≥) | C7: 15 | F7: ab diesem Wert: mittlere Risikolage | G7: Vorversion (Formel Spalte Auswertung)
B8: Untergrenze „hoch“ (RPZ ≥) | C8: 66 | F8: ab diesem Wert: hohes Risiko | G8: Vorversion (Formel Spalte Auswertung)
B9: Obergrenze „hoch“ (RPZ ≤) | C9: 125 | F9: darüber: kritisch | G9: Vorversion (Formel lieferte darüber keine Auswertung)
B11: 2 Risikoklassen und Wartungsintervalle
B12: Risikoklasse | C12: RPZ von | D12: RPZ bis | E12: Intervall | F12: Bewertung / Handlungsbedarf | G12: Herkunft
B13: gering | C13: =0 | D13: ="< "&P_Grenze_mittel | E13: jährlich | F13: Risiko gering; jährliche Wartung genügt | G13: Vorversion
B14: mittel | C14: =P_Grenze_mittel | D14: ="< "&P_Grenze_hoch | E14: 16 Wochen | F14: Mittlere Risikolage; Inspektion/Wartung nötig (Intervall 9–16 Wochen) | G14: Vorversion
B15: hoch | C15: =P_Grenze_hoch | D15: ="≤ "&P_Grenze_kritisch | E15: 8 Wochen | F15: Hohes Risiko; Inspektion/Wartung nötig (Intervall 1–8 Wochen) | G15: Vorversion
B16: kritisch | C16: ="> "&P_Grenze_kritisch | D16: – | E16: 4 Wochen | F16: Sehr hohes Risiko; Intervall ≤ 4 Wochen UND technische Maßnahme zur Risikominderung prüfen (z. B. Zustandsüberwachung, Konstruktionsänderung) | G16: NEU – Vorschlag (Lücke der Vorversion geschlossen)
B18: 3 Intervallkatalog (Auswahl für „Intervall festgelegt“)
B19: Intervall | C19: Wochen | D19: Durchf./Jahr | F19: Verwendung
B20: täglich | C20: =1/7 | D20: =52/C20 | F20: Bedienerprüfung je Produktionstag (z. B. Not-Aus, Sichtkontrolle)
B21: wöchentlich | C21: 1 | D21: =52/C21 | F21: Bediener-/TPM-Aufgaben
B22: 4 Wochen | C22: 4 | D22: =52/C22 | F22: Risikoklasse „kritisch“ (neu)
B23: 8 Wochen | C23: 8 | D23: =52/C23 | F23: Risikoklasse „hoch“
B24: 16 Wochen | C24: 16 | D24: =52/C24 | F24: Risikoklasse „mittel“
B25: halbjährlich | C25: 26 | D25: =52/C25 | F25: manuelle Festlegung (z. B. Herstellervorgabe)
B26: jährlich | C26: 52 | D26: =52/C26 | F26: Risikoklasse „gering“
B28: 4 Schichtfaktor SF
B29: Schichtmodell | C29: SF | F29: Erläuterung | G29: Herkunft
B30: 1-Schicht | C30: 0.33 | F30: SF 0,33 bei 1 Schichtbetrieb | G30: Vorversion (Kommentar „Schichtfaktor“)
B31: 2-Schicht | C31: 0.66 | F31: SF 0,66 bei 2 Schichtbetrieb | G31: Vorversion (Kommentar „Schichtfaktor“)
B32: 3-Schicht | C32: 1 | F32: SF 1 bei 3 Schichtbetrieb | G32: Vorversion (Kommentar „Schichtfaktor“)
B34: 5 Instandsetzungsaufwand bei Ausfall (aus Kriterium IH)
B35: IH-Stufe | C35: Kurztext | F35: Bedeutung (Bewertungskatalog)
B36: 1 | C36: < 10 min · Bediener | F36: Zeit < 10 min; kann durch geschulten Anlagenbediener durchgeführt werden
B37: 2 | C37: 10–30 min · IH allein | F37: Zeit 10–30 min; kann vom Instandhalter allein durchgeführt werden
B38: 3 | C38: 30–60 min · IH + Bediener | F38: Zeit 30–60 min; kann von Instandhalter und Anlagenbediener durchgeführt werden
B39: 4 | C39: 1–3 h · mind. 2 MA | F39: Zeit 1–3 h; mindestens 2 Mitarbeiter erforderlich
B40: 5 | C40: > 3 h · Spezialisten | F40: Zeit > 3 h; mindestens 2 Mitarbeiter / Spezialisten erforderlich
B42: 6 Sonstige Einstellungen
B43: Einstellung | C43: Wert | F43: Erläuterung
B44: Relevanzschwelle AS/Q/US (≥) | C44: 4 | F44: Ab dieser Bewertung gilt eine Maßnahme als arbeitssicherheits-, qualitäts- bzw. umweltrelevant (Spalte „Relevanz“).
B45: Vorwarnzeit Fälligkeit [Tage] | C45: 14 | F45: Maßnahmen, die innerhalb dieser Frist fällig werden, erscheinen als „bald fällig“.
B47: 7 Auswahllisten
B48: Art der Maßnahme | D48: Ausführung durch | F48: Befund (Nachweis) | G48: Status (Offene Punkte)
B49: Inspektion | D49: Anlagenbediener | F49: i.O. | G49: offen
B50: Funktionsprüfung | D50: IH Mechanik | F50: n.i.O. – behoben | G50: in Arbeit
B51: Messung | D51: IH Elektrik | F51: n.i.O. – Folgeauftrag | G51: erledigt
B52: Schmierung | D52: IH Mechanik + Elektrik | G52: verworfen
B53: Reinigung | D53: Fremdfirma
B54: Wartung
B55: Austausch

Sheet Offene Punkte
B1: Offene Punkte – Befunde aus der Überarbeitung
B2: Lücken und Unstimmigkeiten der Vorversion, die fachlich durch das Bewertungsteam zu klären sind. Gelbe Spalten pflegen.
B5: Nr. | C5: Bereich / Maßnahme | D5: Befund | E5: Auswirkung | F5: Empfohlene Maßnahme | G5: Priorität | H5: Verantwortlich | I5: Termin | J5: Status
B6: 1 | C6: 4.1.4 (alt 4.1.4) | D6: Hauptführung Y-Schlitten: Ausfall- (A) und Entdeckungswahrscheinlichkeit (E) fehlen. Vorversion errechnete RPZ = 0 und kein Intervall. | E6: Maßnahme wird ohne Intervall geplant; floss mit RPZ 0 in den Mittelwert ein. | F6: A und E im Team bewerten (Vergleich: 4.1.3 Spindel abschmieren A = 5, E = 2 → RPZ 45 → 16 Wochen). | G6: hoch | J6: offen
B7: 2 | C7: 17.1 (alt 17) | D7: Hydraulik-Druckfilter: Tätigkeit stand nur in der Überschrift, ohne Bewertung. | E7: Kein Intervall ermittelbar. | F7: Maßnahme bewerten; zusätzlich Filterelementwechsel (nach Verschmutzungsanzeige bzw. Herstellerintervall) aufnehmen. | G7: hoch | J7: offen
B8: 3 | C8: Abschnitt 6 (alt 6.x) | D8: Baugruppe der Zylinder/Sensoren in Abschnitt 6 ist in der Vorversion nicht benannt. | E8: Zuordnung an der Anlage unklar. | F8: Baugruppe benennen (z. B. Position in Übersichtszeichnung) und Bezeichnung in Spalte Baugruppe eintragen. | G8: mittel | J8: offen
B9: 4 | C9: 11.1.x (Pneumatik) | D9: Bewertungen der Pneumatikventile wurden 1:1 von Hydraulikzylindern übernommen (z. B. US = 5 für Anschlüsse). | E9: Umweltrisiko von Druckluftleckagen vermutlich überbewertet → zu kurzes Intervall. | F9: Bewertung für Pneumatik eigenständig plausibilisieren. | G9: mittel | J9: offen
B10: 5 | C10: 6.x, 9.4.x, 11.x, 12.x, 14.x | D10: 29 Bewertungen werden per Verknüpfung von anderen Maßnahmen übernommen (Spalte „Bewertung übernommen von“). | E10: Änderung der Quelle ändert unbemerkt alle Folgemaßnahmen; Übertragbarkeit nicht immer gegeben (z. B. 14.5 Lüfter = Filtermatten). | F10: Je Baugruppe prüfen, ob Übernahme fachlich passt; ggf. eigene Werte eintragen. | G10: mittel | J10: offen
B11: 6 | C11: 1.1 Not-Aus | D11: Berechnetes Intervall „jährlich“; Sollzustand fordert tägliche Prüfung vor Arbeitsbeginn. | E11: Tägliche Bedienerprüfung ist nicht im Plan terminiert. | F11: Tägliche Prüfung in Bediener-/TPM-Checkliste aufnehmen; jährliche Prüfung durch befähigte Person (BetrSichV) beibehalten. | G11: hoch | J11: offen
B12: 7 | C12: 21.2 | D12: Maßnahme „Wasserventile und Hydraulikventile“ ohne Tätigkeitsbeschreibung. | E12: Ausführung nicht eindeutig; Überschneidung mit 21.3. | F12: Tätigkeit konkretisieren oder mit 21.3 zusammenführen. | G12: niedrig | J12: offen
B13: 8 | C13: 12.2 | D13: Unter „Handbediengerät“ stand „Bedienpult reinigen“ (vermutlich Kopierfehler). | E13: Missverständlich. | F13: Geändert in „Handbediengerät reinigen“ – bitte bestätigen. | G13: niedrig | J13: offen
B14: 9 | C14: 4.1.1 | D14: Text nennt „Stauchspindel“ statt Spindel des Werkzeugträgers (Kopierfehler). | E14: Missverständlich. | F14: Auf „Spindel“ vereinheitlicht – bitte bestätigen. | G14: niedrig | J14: offen
B15: 10 | C15: Anlagenübersicht | D15: Positionen 4, 7, 9, 10, 12, 18, 21, 23, 27, 28 sind in der Zeichnung nummeriert, aber im Plan nicht berücksichtigt. | E15: Mögliche Wartungslücken. | F15: Positionen benennen und Wartungsbedarf im Team bewerten. | G15: mittel | J15: offen
B16: 11 | C16: Stammdaten | D16: Equipmentnummer, Standort, Hersteller/Baujahr fehlen. | E16: Keine eindeutige Zuordnung zu SAP-PM / Audit-Nachweis. | F16: Auf dem Deckblatt ergänzen. | G16: mittel | J16: offen
B17: 12 | C17: Sollzustände | D17: In der Vorversion nur bei 2 Maßnahmen Sollzustand angegeben; neue Vorschläge (grau kursiv) ergänzt. | E17: Ohne Prüfkriterium keine objektive i.O./n.i.O.-Entscheidung. | F17: Vorschläge prüfen, mit Messwerten/Toleranzen (Drücke, Spiel, Temperaturen) konkretisieren und freigeben. | G17: mittel | J17: offen
B18: 13 | C18: Hydraulik / Gesetzliche Prüfungen | D18: Ölwechsel/Ölanalyse, Austausch von Hydraulikschlauchleitungen (Verwendungsdauer, DGUV Regel 113-020), DGUV V3 (Elektrik) und BetrSichV-Prüfungen sind nicht enthalten. | E18: Gesetzliche/normative Pflichten nicht nachweisbar. | F18: Ergänzen bzw. auf bestehende Prüfpläne verweisen (siehe Blatt Weiterentwicklung). | G18: hoch | J18: offen

Sheet Weiterentwicklung
B1: Weiterentwicklung – Vorschläge für zusätzliche Kriterien und Kennzahlen
B2: Ausrichtung auf IATF 16949 (Kap. 8.5.1.5 TPM, 7.1.3, 8.5.1.6, 10.2), TPM und datenbasierte Instandhaltung
B5: A Zusätzliche Bewertungs- und Planungskriterien
B6: Kriterium | C6: Nutzen | D6: Umsetzung | E6: Bezug | F6: Status in Datei
B7: Ausführung durch (Qualifikation) | C7: Klare Zuständigkeit Bediener / IH Mechanik / IH Elektrik / Fremdfirma; Basis für TPM-Aufteilung | D7: Spalte „Ausführung durch“ (Auswahlliste) | E7: IATF 8.5.1.5, 7.2 | F7: umgesetzt (Eingabe)
B8: Plan-Zeit je Durchführung | C8: Kapazitäts- und Stillstandsplanung, Jahresaufwand | D8: Spalte „Plan-Zeit [min]“ → „Aufwand [h/Jahr]“ und Dashboard | E8: IATF 8.5.1.5 | F8: umgesetzt (Eingabe)
B9: Abweichendes Intervall mit Begründung | C9: Herstellervorgaben, gesetzliche Fristen, Erfahrung können RPZ-Ergebnis übersteuern – nachvollziehbar | D9: Spalten „Intervall festgelegt“ + „Begründung“ | E9: IATF 7.5, 8.5.1.5 | F9: umgesetzt
B10: Relevanz für Arbeitssicherheit / Qualität / Umwelt | C10: Sicherheits- und qualitätskritische Maßnahmen unabhängig von der RPZ sichtbar | D10: Spalte „Relevanz AS/Q/US“ + Dashboard | E10: IATF 8.5.1.5, ISO 45001/14001 | F10: umgesetzt
B11: Maschinenzustand bei Durchführung | C11: Betrieb / Stillstand / LOTO (Lockout-Tagout) – Arbeitsschutz und Stillstandsplanung | D11: Neue Spalte mit Auswahlliste | E11: DGUV, BetrSichV | F11: vorgeschlagen
B12: Gesetzliche / normative Prüfpflicht | C12: Kennzeichnung z. B. BetrSichV, DGUV V3, DGUV Regel 113-020 (Hydraulikschläuche), Druckgeräte | D12: Neue Spalte „Prüfgrundlage“ + Frist | E12: Rechtspflicht | F12: vorgeschlagen
B13: Ersatzteile / Material (SAP-Nr.) | C13: Teileverfügbarkeit sicherstellen; Bezug zu kritischen Ersatzteilen | D13: Neue Spalte „Material/Ersatzteil“ | E13: IATF 8.5.1.5 (Ersatzteilverfügbarkeit) | F13: vorgeschlagen
B14: Ersatzteil-Wiederbeschaffungszeit | C14: Lange Lieferzeit erhöht das Ausfallrisiko → als Zusatzkriterium oder in S bewerten | D14: Zusatzkriterium oder Faktor | E14: IATF 8.5.1.5 | F14: vorgeschlagen
B15: Mess-/Prüfmittel und Grenzwerte | C15: Objektive i.O.-Entscheidung (z. B. Öltemperatur < 75 °C, Drücke, Spiel) | D15: Spalte Sollzustand konkretisieren; Prüfmittel in Hilfsmittel | E15: IATF 7.1.5 | F15: teilweise (Vorschläge grau)
B16: Bezug zu FMEA / Control Plan | C16: Maßnahmen mit Q ≥ 4 mit besonderen Merkmalen verknüpfen | D16: Spalte „Bezug PFMEA/CP“ | E16: IATF 8.3.5.2, 8.5.1.1 | F16: vorgeschlagen
B17: Zustandsorientierte Instandhaltung | C17: Für A ≥ 4 und E ≥ 4: Sensorik, Thermografie, Schwingungs-/Ölanalyse statt fixer Intervalle | D17: Risikomatrix im Dashboard zeigt Kandidaten | E17: IATF 8.5.1.5 (vorausschauende IH) | F17: vorbereitet
B18: Validierung A aus Störhistorie | C18: A aus SAP-PM-Störmeldungen (MTBF) statt Schätzung | D18: Import Störhistorie, Abgleich je Baugruppe | E18: IATF 8.5.1.5, 10.2 | F18: vorgeschlagen
B20: B Kennzahlen (KPI) für Instandhaltung und Management
B21: Kennzahl | C21: Definition | D21: Datenquelle | E21: Zielwert (Vorschlag) | F21: Status in Datei
B22: Termintreue / PM-Compliance | C22: durchgeführte fristgerechte Wartungen / fällige Wartungen | D22: Durchführungsnachweis | E22: ≥ 95 % | F22: umgesetzt
B23: Überfällige Maßnahmen | C23: Anzahl Maßnahmen mit überschrittener Fälligkeit | D23: Durchführungsnachweis | E23: 0 | F23: umgesetzt
B24: Anteil hoch/kritisch | C24: Maßnahmen mit Risikoklasse hoch oder kritisch / alle Maßnahmen | D24: Wartungsplan | E24: sinkend (Risikominderung) | F24: umgesetzt
B25: Ø RPZ je Baugruppe | C25: Mittelwert RPZ je Baugruppe – zeigt Schwerpunkte | D25: Wartungsplan | E25: Trend sinkend | F25: umgesetzt
B26: Befundquote n.i.O. | C26: Durchführungen mit Befund n.i.O. / alle Durchführungen | D26: Durchführungsnachweis | E26: Trend beobachten | F26: umgesetzt
B27: Geplanter Wartungsaufwand | C27: Σ (52 / Intervall × Plan-Zeit) | D27: Wartungsplan | E27: ≤ verfügbare IH-Kapazität | F27: umgesetzt (nach Erfassung Plan-Zeiten)
B28: OEE (Gesamtanlageneffektivität) | C28: Verfügbarkeit × Leistung × Qualität | D28: MES / BDE | E28: anlagenspezifisch, z. B. ≥ 85 % | F28: vorgeschlagen
B29: MTBF | C29: Betriebszeit / Anzahl Ausfälle | D29: SAP-PM Störmeldungen | E29: steigend | F29: vorgeschlagen
B30: MTTR | C30: Σ Reparaturzeit / Anzahl Ausfälle | D30: SAP-PM Störmeldungen | E30: sinkend | F30: vorgeschlagen
B31: Anteil geplanter Instandhaltung | C31: geplante IH-Stunden / gesamte IH-Stunden | D31: SAP-PM Rückmeldungen | E31: ≥ 70 % | F31: vorgeschlagen

Sheet Änderungsprotokoll
B1: Änderungsprotokoll – Stand 01 (03.02.2009) → Stand 02 (Entwurf 17.10.2026)
B2: Alle wesentlichen Änderungen mit Begründung. Kein Inhalt und keine Bewertung der Vorversion wurde entfernt.
B5: Nr. | C5: Bereich | D5: Änderung | E5: Begründung / Nutzen
B6: 1 | C6: Struktur | D6: 8 Einzelblätter (Bedeutung F, IH, Q, AS, US, S, A, E) zu einem Blatt „Bewertungskatalog“ zusammengeführt; Inhalte vollständig übernommen. | E6: Alle Skalen auf einen Blick vergleichbar; weniger Blattwechsel beim Bewerten.
B7: 2 | C7: Struktur | D7: Neue Blätter Deckblatt, Dashboard, Durchführungsnachweis, Anlagenübersicht, Parameter, Offene Punkte, Weiterentwicklung, Änderungsprotokoll. | E7: Klare Trennung nach Zielgruppe: Management (Dashboard), Ausführung (Plan, Nachweis), Methode (Katalog, Methodik), Steuerung (Parameter).
B8: 3 | C8: Wartungsplan | D8: Übersichtszeichnung aus dem Kopf des Plans in eigenes Blatt „Anlagenübersicht“ verschoben, mit Positionsliste und Zuordnung. | E8: Plan beginnt direkt mit Maßnahmen; Positionen sind auffindbar; Lücken (nicht berücksichtigte Positionen) werden sichtbar.
B9: 4 | C9: Wartungsplan | D9: Nummerierung vereinheitlicht (Baugruppe → Prüfgruppe → Maßnahme): z. B. 5.1.1 (Überschrift) → 5.2, 9.01–9.03 → 9.1–9.3, 11.1.1 (Überschrift) → 11.1. Alte Nr. in Spalte „Nr. Vorversion“ erhalten. | E9: Eindeutige, hierarchische Gliederung; Rückverfolgbarkeit zur Vorversion bleibt erhalten.
B10: 5 | C10: Wartungsplan | D10: Positionsnummern aus Baugruppentiteln („1.)“, „3.) u. 6.)“ …) in eigene Spalte „Pos. Übersicht“ übernommen. | E10: Titel lesbarer; Positionsbezug filterbar.
B11: 6 | C11: Wartungsplan | D11: Formulierungen vereinheitlicht (Objekt + Tätigkeit im Infinitiv, z. B. „Kolbenspiel kontrollieren“), Rechtschreibfehler korrigiert (Verschlußbalcken, Werkzuegträger, abschmiern, Riffen, vorn Arbeitsbegin …). Originaltext je Zeile in Spalte „Originaltext Vorversion“. | E11: Einheitlicher, professioneller Sprachgebrauch; kein Informationsverlust.
B12: 7 | C12: Wartungsplan | D12: Maßnahme „Verschlussbalken abschmieren“ vor die Prüfgruppe Hydraulikzylinder gestellt (war fälschlich darunter einsortiert). | E12: Logische Zuordnung.
B13: 8 | C13: Wartungsplan | D13: Hilfsmittel und Sollwert bei 16.2 getrennt: Hilfsmittel „Lasertemperatur-Messgerät“, Sollzustand „Öltemperatur < 75 °C“. | E13: Prüfkriterium eindeutig.
B14: 9 | C14: Wartungsplan | D14: Leere Zeile 38 entfernt; Abschnitt 17 (nur Überschrift) in Baugruppe + Maßnahme 17.1 aufgeteilt. | E14: Saubere Datenstruktur; fehlende Bewertung wird als „unvollständig“ sichtbar.
B15: 10 | C15: Wartungsplan | D15: Neue Spalten: Art der Maßnahme, Hinweis (ersetzt Warn-/Info-Symbole durch filterbaren Text), Risikoklasse (Ampel), Intervall festgelegt + Begründung, Intervall [Wochen], Relevanz AS/Q/US, Instandsetzung bei Ausfall, Ausführung durch, Plan-Zeit, Aufwand, Baugruppe, Zeilentyp, Bewertung übernommen von. | E15: Plan wird filter- und auswertbar; Grundlage für Dashboard, Kapazitätsplanung und Auditnachweis.
B16: 11 | C16: Wartungsplan | D16: Sollzustände für alle Maßnahmen als Vorschlag ergänzt (grau kursiv); vorhandene Sollzustände unverändert. | E16: Objektive i.O./n.i.O.-Entscheidung möglich; Vorschlagscharakter klar erkennbar.
B17: 12 | C17: Wartungsplan | D17: Als Excel-Tabelle (tblWartungsplan) mit Filter, fixierten Kopfzeilen/Spalten, Eingabeprüfung 1–5 und Eingabehilfen je Kriterium angelegt. Druck: A3 quer, Wiederholungszeilen. | E17: Fehleingaben werden verhindert; Bewertung ohne Blattwechsel; druckfähig.
... B30: 25 | C30: Dokumentenlenkung | D30: Deckblatt mit Stammdaten, Version, Freigabe (IH, Produktion, QM, Arbeitssicherheit/Umwelt), nächster Überprüfung und Änderungshistorie; einheitliche Fußzeile auf allen Blättern. | E30: Gelenktes Dokument nach IATF 16949 / ISO 9001 Kap. 7.5.
