Workbook
Name Iv_Name: Einstellungen!$B$7:$B$26
Name Iv_Anzahl: Einstellungen!$C$7:$C$26
Name Iv_Einheit: Einstellungen!$D$7:$D$26
Name Iv_Liste: OFFSET(Einstellungen!$B$7,0,0,MAX(1,COUNTA(Einstellungen!$B$7:$B$26)),1)
Name P_Grenze_mittel: Einstellungen!$C$32
Name P_Grenze_hoch: Einstellungen!$C$33
Name P_Grenze_kritisch: Einstellungen!$C$34
Name Kl_Name: Einstellungen!$B$37:$B$40
Name Kl_Intervall: Einstellungen!$E$37:$E$40
Name P_Vorwarn: Einstellungen!$C$46
Name P_Krit: Einstellungen!$C$47
Name SF_Modell: Einstellungen!$B$51:$B$53
Name SF_Wert: Einstellungen!$C$51:$C$53
Name IH_Text: Einstellungen!$C$57:$C$61
Name L_Art: Einstellungen!$B$65:$B$71
Name L_Ausfuehrung: Einstellungen!$D$65:$D$69
Name L_Befund: Einstellungen!$F$65:$F$67
Name P_SF: Start!$C$28
Name M_Name: Start!$C$23
Name M_Equipment: Start!$C$24

Sheet Start
B2: Wartungsplan – große Wartung
B3: Horizontale hydraulische Simultanbalgmaschine (HSIM) · Intervalle, Termine und risikobasierte Bewertung (RPZ)
B6: So funktioniert der Plan – 3 Schritte im Alltag
B7: 1 Intervall wählen | C7: Im Blatt „Wartungsplan“ in der Spalte Intervall aus der Liste wählen (wöchentlich … jährlich) oder frei eintippen, z. B. „2 Jahre“. Vorbelegt ist das empfohlene Intervall aus der Risikobewertung.
B8: 2 Datum eintragen | C8: Nach jeder Durchführung das Datum in „Zuletzt durchgeführt“ eintragen – dazu Befund und Namen.
B9: 3 Ampel beachten | C9: Nächster Termin und Status werden automatisch berechnet: rot = überfällig, gelb = fällig, grün = in Ordnung. Das Dashboard zeigt alle fälligen Maßnahmen auf einen Blick.
B11: Legende
B12: Eingabe | C12: gelb = hier eintragen oder auswählen
B13: Formel | C13: weiß = wird automatisch berechnet
B14: Vorschlag | C14: grau kursiv = Vorschlag, durch Instandhaltung freizugeben
B15: überfällig | C15: Fälligkeitstermin überschritten – sofort durchführen
B16: fällig | C16: wird innerhalb der Vorwarnzeit fällig – einplanen
B17: in Ordnung | C17: fristgerecht durchgeführt
B18: nicht erfasst | C18: noch kein Datum der letzten Durchführung eingetragen
B19: Intervall prüfen | C19: Intervall-Eingabe nicht erkannt (Schreibweise: Zahl + Einheit, z. B. „2 Jahre“)
B20: Intervall fehlt | C20: kein Intervall festgelegt (z. B. weil die Risikobewertung unvollständig ist)
B22: Stammdaten der Anlage
B23: Maschinenbezeichnung | C23: Horizontale hydraulische Simultanbalgmaschine (HSIM)
B24: Equipmentnummer (SAP)
B25: Standort / Kostenstelle
B26: Hersteller / Baujahr
B27: Schichtmodell | C27: 3-Schicht
B28: Schichtfaktor SF (automatisch) | C28: =IFERROR(INDEX(SF_Wert,MATCH(C27,SF_Modell,0)),1)
B30: Dokumentenlenkung & Freigabe
B31: Verantwortlich für Änderungen | C31: fz-pA / H. Mrugalla
B32: Stand / Version | C32: 03 (Entwurf – Freigabe ausstehend)
B33: Datum Stand | C33: =DATE(2026,10,17)
B34: Überarbeitet von
B35: Nächste Überprüfung der Bewertung | C35: =EDATE(C33,12)
B37: Freigabe durch | C37: Name | D37: Datum | E37: Unterschrift
B38: Instandhaltung (Ersteller)
B39: Produktion / Fertigung
B40: Qualitätsmanagement
B41: Arbeitssicherheit / Umwelt
B43: Änderungshistorie
B44: Stand | C44: Datum | D44: Änderung | G44: Bearbeiter
B45: 01 | C45: 03.02.2009 | D45: Ersterstellung Wartungsintervallberechnung | G45: fz-pA / H. Mrugalla
B46: 02 | C46: 17.10.2026 | D46: Strukturelle Überarbeitung, Ampellogik, Dashboard, Bewertungskatalog, offene Punkte (Entwurf)
B47: 03 (Entwurf) | C47: 17.10.2026 | D47: Vereinfachung: 7 statt 11 Blätter; Plan und Durchführungsnachweis zusammengeführt; flexible Intervalle (Standardliste + freie Eingabe, kalendergenaue Termine); Status-Ampel; Dashboard mit Fälligkeitsliste und Erfüllungsgrad.
B49: Blätter dieser Datei
B50: Dashboard | C50: Status heute, fällige Maßnahmen, Intervalle, Erfüllungsgrad, Risikoauswertung
B51: Wartungsplan | C51: Arbeitsblatt für alles: Maßnahmen, Intervall, Termine, Status, Nachweis – Risikobewertung per [+] einblendbar
B52: Bewertung & Methodik | C52: Bewertungsskalen 1–5, Berechnung der RPZ, Rechenbeispiel, Bewertungsregeln
B53: Anlagenübersicht | C53: Übersichtszeichnung mit Positionen und Zuordnung zum Plan
B54: Einstellungen | C54: Intervallkatalog, Grenzwerte, empfohlene Intervalle, Schichtfaktor, Auswahllisten
B55: Dokumentation | C55: Offene Punkte, Änderungsprotokoll, Vorschläge zur Weiterentwicklung

Sheet Dashboard
B1: Dashboard – Wartungsplan HSIM
B2: =M_Name&" · Equipment-Nr.: "&IF(M_Equipment="","–",M_Equipment)&" · Stand: "&TEXT(TODAY(),"DD.MM.YYYY")
B5: Status heute
B6: ÜBERFÄLLIG | E6: FÄLLIG | H6: IN ORDNUNG | K6: ERFÜLLUNGSGRAD
B7: =COUNTIF(Wartungsplan!$L$6:$L$323,"überfällig") | E7: =COUNTIF(Wartungsplan!$L$6:$L$323,"fällig") | H7: =COUNTIF(Wartungsplan!$L$6:$L$323,"in Ordnung") | K7: =IFERROR((COUNTIF(Wartungsplan!$L$6:$L$323,"in Ordnung")+COUNTIF(Wartungsplan!$L$6:$L$323,"fällig"))/(COUNTIF(Wartungsplan!$L$6:$L$323,"in Ordnung")+COUNTIF(Wartungsplan!$L$6:$L$323,"fällig")+COUNTIF(Wartungsplan!$L$6:$L$323,"überfällig")),"–")
B9: Termin überschritten | E9: ="in den nächsten "&P_Vorwarn&" Tagen" | H9: fristgerecht erledigt | K9: nicht überfällig / erfasste Maßnahmen
B11: MASSNAHMEN GESAMT | E11: NOCH NICHT ERFASST | H11: INTERVALL FEHLT / PRÜFEN | K11: ERFASSUNGSGRAD
B12: =COUNTIF(Wartungsplan!$AH$6:$AH$323,"Maßnahme") | E12: =COUNTIF(Wartungsplan!$L$6:$L$323,"nicht erfasst") | H12: =COUNTIF(Wartungsplan!$L$6:$L$323,"Intervall fehlt")+COUNTIF(Wartungsplan!$L$6:$L$323,"Intervall prüfen") | K12: =IFERROR(1-COUNTIF(Wartungsplan!$L$6:$L$323,"nicht erfasst")/COUNTIF(Wartungsplan!$AH$6:$AH$323,"Maßnahme"),0)
B14: im Wartungsplan | E14: ohne Datum der letzten Durchführung | H14: siehe Spalte Status | K14: Maßnahmen mit Durchführungsdatum
B16: ="Soll-Durchführungen pro Jahr: "&TEXT(SUM(Wartungsplan!$AL$6:$AL$323),"0")&" · Geplanter Aufwand: "&TEXT(SUM(Wartungsplan!$AM$6:$AM$323),"0.0")&" h/Jahr (Plan-Zeit bei "&COUNT(Wartungsplan!$AE$6:$AE$323)&" von "&COUNTIF(Wartungsplan!$AH$6:$AH$323,"Maßnahme")&" Maßnahmen erfasst) · Abweichend von RPZ-Empfehlung festgelegt: "&SUMPRODUCT((Wartungsplan!$AH$6:$AH$323="Maßnahme")*(Wartungsplan!$H$6:$H$323<>"")*(Wartungsplan!$H$6:$H$323<>Wartungsplan!$G$6:$G$323))
B18: Zu erledigen: überfällige und fällige Maßnahmen (nach Termin sortiert)
B19: Nr. | C19: Maßnahme | H19: Baugruppe | J19: Termin | K19: Tage | L19: Status | M19: Ausführung
B20: =IFERROR(INDEX(Wartungsplan!$A$6:$A$323,MATCH(SMALL(Wartungsplan!$AO$6:$AO$323,1),Wartungsplan!$AO$6:$AO$323,0)),"") | C20: =IFERROR(INDEX(Wartungsplan!$B$6:$B$323,MATCH(SMALL(Wartungsplan!$AO$6:$AO$323,1),Wartungsplan!$AO$6:$AO$323,0)),"") | H20: =IFERROR(INDEX(Wartungsplan!$AG$6:$AG$323,MATCH(SMALL(Wartungsplan!$AO$6:$AO$323,1),Wartungsplan!$AO$6:$AO$323,0)),"") | J20: =IFERROR(INDEX(Wartungsplan!$J$6:$J$323,MATCH(SMALL(Wartungsplan!$AO$6:$AO$323,1),Wartungsplan!$AO$6:$AO$323,0)),"") | K20: =IFERROR(INDEX(Wartungsplan!$K$6:$K$323,MATCH(SMALL(Wartungsplan!$AO$6:$AO$323,1),Wartungsplan!$AO$6:$AO$323,0)),"") | L20: =IFERROR(INDEX(Wartungsplan!$L$6:$L$323,MATCH(SMALL(Wartungsplan!$AO$6:$AO$323,1),Wartungsplan!$AO$6:$AO$323,0)),"") | M20: =IFERROR(INDEX(Wartungsplan!$M$6:$M$323,MATCH(SMALL(Wartungsplan!$AO$6:$AO$323,1),Wartungsplan!$AO$6:$AO$323,0)),"")
B21: =IFERROR(INDEX(Wartungsplan!$A$6:$A$323,MATCH(SMALL(Wartungsplan!$AO$6:$AO$323,2),Wartungsplan!$AO$6:$AO$323,0)),"") | C21: =IFERROR(INDEX(Wartungsplan!$B$6:$B$323,MATCH(SMALL(Wartungsplan!$AO$6:$AO$323,2),Wartungsplan!$AO$6:$AO$323,0)),"") | H21: =IFERROR(INDEX(Wartungsplan!$AG$6:$AG$323,MATCH(SMALL(Wartungsplan!$AO$6:$AO$323,2),Wartungsplan!$AO$6:$AO$323,0)),"") | J21: =IFERROR(INDEX(Wartungsplan!$J$6:$J$323,MATCH(SMALL(Wartungsplan!$AO$6:$AO$323,2),Wartungsplan!$AO$6:$AO$323,0)),"") | K21: =IFERROR(INDEX(Wartungsplan!$K$6:$K$323,MATCH(SMALL(Wartungsplan!$AO$6:$AO$323,2),Wartungsplan!$AO$6:$AO$323,0)),"") | L21: =IFERROR(INDEX(Wartungsplan!$L$6:$L$323,MATCH(SMALL(Wartungsplan!$AO$6:$AO$323,2),Wartungsplan!$AO$6:$AO$323,0)),"") | M21: =IFERROR(INDEX(Wartungsplan!$M$6:$M$323,MATCH(SMALL(Wartungsplan!$AO$6:$AO$323,2),Wartungsplan!$AO$6:$AO$323,0)),"")
B22: =IFERROR(INDEX(Wartungsplan!$A$6:$A$323,MATCH(SMALL(Wartungsplan!$AO$6:$AO$323,3),Wartungsplan!$AO$6:$AO$323,0)),"") | C22: =IFERROR(INDEX(Wartungsplan!$B$6:$B$323,MATCH(SMALL(Wartungsplan!$AO$6:$AO$323,3),Wartungsplan!$AO$6:$AO$323,0)),"") | H22: =IFERROR(INDEX(Wartungsplan!$AG$6:$AG$323,MATCH(SMALL(Wartungsplan!$AO$6:$AO$323,3),Wartungsplan!$AO$6:$AO$323,0)),"") | J22: =IFERROR(INDEX(Wartungsplan!$J$6:$J$323,MATCH(SMALL(Wartungsplan!$AO$6:$AO$323,3),Wartungsplan!$AO$6:$AO$323,0)),"") | K22: =IFERROR(INDEX(Wartungsplan!$K$6:$K$323,MATCH(SMALL(Wartungsplan!$AO$6:$AO$323,3),Wartungsplan!$AO$6:$AO$323,0)),"") | L22: =IFERROR(INDEX(Wartungsplan!$L$6:$L$323,MATCH(SMALL(Wartungsplan!$AO$6:$AO$323,3),Wartungsplan!$AO$6:$AO$323,0)),"") | M22: =IFERROR(INDEX(Wartungsplan!$M$6:$M$323,MATCH(SMALL(Wartungsplan!$AO$6:$AO$323,3),Wartungsplan!$AO$6:$AO$323,0)),"")
B23: =IFERROR(INDEX(Wartungsplan!$A$6:$A$323,MATCH(SMALL(Wartungsplan!$AO$6:$AO$323,4),Wartungsplan!$AO$6:$AO$323,0)),"") | C23: =IFERROR(INDEX(Wartungsplan!$B$6:$B$323,MATCH(SMALL(Wartungsplan!$AO$6:$AO$323,4),Wartungsplan!$AO$6:$AO$323,0)),"") | H23: =IFERROR(INDEX(Wartungsplan!$AG$6:$AG$323,MATCH(SMALL(Wartungsplan!$AO$6:$AO$323,4),Wartungsplan!$AO$6:$AO$323,0)),"") | J23: =IFERROR(INDEX(Wartungsplan!$J$6:$J$323,MATCH(SMALL(Wartungsplan!$AO$6:$AO$323,4),Wartungsplan!$AO$6:$AO$323,0)),"") | K23: =IFERROR(INDEX(Wartungsplan!$K$6:$K$323,MATCH(SMALL(Wartungsplan!$AO$6:$AO$323,4),Wartungsplan!$AO$6:$AO$323,0)),"") | L23: =IFERROR(INDEX(Wartungsplan!$L$6:$L$323,MATCH(SMALL(Wartungsplan!$AO$6:$AO$323,4),Wartungsplan!$AO$6:$AO$323,0)),"") | M23: =IFERROR(INDEX(Wartungsplan!$M$6:$M$323,MATCH(SMALL(Wartungsplan!$AO$6:$AO$323,4),Wartungsplan!$AO$6:$AO$323,0)),"")
B24: =IFERROR(INDEX(Wartungsplan!$A$6:$A$323,MATCH(SMALL(Wartungsplan!$AO$6:$AO$323,5),Wartungsplan!$AO$6:$AO$323,0)),"") | C24: =IFERROR(INDEX(Wartungsplan!$B$6:$B$323,MATCH(SMALL(Wartungsplan!$AO$6:$AO$323,5),Wartungsplan!$AO$6:$AO$323,0)),"") | H24: =IFERROR(INDEX(Wartungsplan!$AG$6:$AG$323,MATCH(SMALL(Wartungsplan!$AO$6:$AO$323,5),Wartungsplan!$AO$6:$AO$323,0)),"") | J24: =IFERROR(INDEX(Wartungsplan!$J$6:$J$323,MATCH(SMALL(Wartungsplan!$AO$6:$AO$323,5),Wartungsplan!$AO$6:$AO$323,0)),"") | K24: =IFERROR(INDEX(Wartungsplan!$K$6:$K$323,MATCH(SMALL(Wartungsplan!$AO$6:$AO$323,5),Wartungsplan!$AO$6:$AO$323,0)),"") | L24: =IFERROR(INDEX(Wartungsplan!$L$6:$L$323,MATCH(SMALL(Wartungsplan!$AO$6:$AO$323,5),Wartungsplan!$AO$6:$AO$323,0)),"") | M24: =IFERROR(INDEX(Wartungsplan!$M$6:$M$323,MATCH(SMALL(Wartungsplan!$AO$6:$AO$323,5),Wartungsplan!$AO$6:$AO$323,0)),"")
B25: =IFERROR(INDEX(Wartungsplan!$A$6:$A$323,MATCH(SMALL(Wartungsplan!$AO$6:$AO$323,6),Wartungsplan!$AO$6:$AO$323,0)),"") | C25: =IFERROR(INDEX(Wartungsplan!$B$6:$B$323,MATCH(SMALL(Wartungsplan!$AO$6:$AO$323,6),Wartungsplan!$AO$6:$AO$323,0)),"") | H25: =IFERROR(INDEX(Wartungsplan!$AG$6:$AG$323,MATCH(SMALL(Wartungsplan!$AO$6:$AO$323,6),Wartungsplan!$AO$6:$AO$323,0)),"") | J25: =IFERROR(INDEX(Wartungsplan!$J$6:$J$323,MATCH(SMALL(Wartungsplan!$AO$6:$AO$323,6),Wartungsplan!$AO$6:$AO$323,0)),"") | K25: =IFERROR(INDEX(Wartungsplan!$K$6:$K$323,MATCH(SMALL(Wartungsplan!$AO$6:$AO$323,6),Wartungsplan!$AO$6:$AO$323,0)),"") | L25: =IFERROR(INDEX(Wartungsplan!$L$6:$L$323,MATCH(SMALL(Wartungsplan!$AO$6:$AO$323,6),Wartungsplan!$AO$6:$AO$323,0)),"") | M25: =IFERROR(INDEX(Wartungsplan!$M$6:$M$323,MATCH(SMALL(Wartungsplan!$AO$6:$AO$323,6),Wartungsplan!$AO$6:$AO$323,0)),"")
B26: =IFERROR(INDEX(Wartungsplan!$A$6:$A$323,MATCH(SMALL(Wartungsplan!$AO$6:$AO$323,7),Wartungsplan!$AO$6:$AO$323,0)),"") | C26: =IFERROR(INDEX(Wartungsplan!$B$6:$B$323,MATCH(SMALL(Wartungsplan!$AO$6:$AO$323,7),Wartungsplan!$AO$6:$AO$323,0)),"") | H26: =IFERROR(INDEX(Wartungsplan!$AG$6:$AG$323,MATCH(SMALL(Wartungsplan!$AO$6:$AO$323,7),Wartungsplan!$AO$6:$AO$323,0)),"") | J26: =IFERROR(INDEX(Wartungsplan!$J$6:$J$323,MATCH(SMALL(Wartungsplan!$AO$6:$AO$323,7),Wartungsplan!$AO$6:$AO$323,0)),"") | K26: =IFERROR(INDEX(Wartungsplan!$K$6:$K$323,MATCH(SMALL(Wartungsplan!$AO$6:$AO$323,7),Wartungsplan!$AO$6:$AO$323,0)),"") | L26: =IFERROR(INDEX(Wartungsplan!$L$6:$L$323,MATCH(SMALL(Wartungsplan!$AO$6:$AO$323,7),Wartungsplan!$AO$6:$AO$323,0)),"") | M26: =IFERROR(INDEX(Wartungsplan!$M$6:$M$323,MATCH(SMALL(Wartungsplan!$AO$6:$AO$323,7),Wartungsplan!$AO$6:$AO$323,0)),"")
B27: =IFERROR(INDEX(Wartungsplan!$A$6:$A$323,MATCH(SMALL(Wartungsplan!$AO$6:$AO$323,8),Wartungsplan!$AO$6:$AO$323,0)),"") | C27: =IFERROR(INDEX(Wartungsplan!$B$6:$B$323,MATCH(SMALL(Wartungsplan!$AO$6:$AO$323,8),Wartungsplan!$AO$6:$AO$323,0)),"") | H27: =IFERROR(INDEX(Wartungsplan!$AG$6:$AG$323,MATCH(SMALL(Wartungsplan!$AO$6:$AO$323,8),Wartungsplan!$AO$6:$AO$323,0)),"") | J27: =IFERROR(INDEX(Wartungsplan!$J$6:$J$323,MATCH(SMALL(Wartungsplan!$AO$6:$AO$323,8),Wartungsplan!$AO$6:$AO$323,0)),"") | K27: =IFERROR(INDEX(Wartungsplan!$K$6:$K$323,MATCH(SMALL(Wartungsplan!$AO$6:$AO$323,8),Wartungsplan!$AO$6:$AO$323,0)),"") | L27: =IFERROR(INDEX(Wartungsplan!$L$6:$L$323,MATCH(SMALL(Wartungsplan!$AO$6:$AO$323,8),Wartungsplan!$AO$6:$AO$323,0)),"") | M27: =IFERROR(INDEX(Wartungsplan!$M$6:$M$323,MATCH(SMALL(Wartungsplan!$AO$6:$AO$323,8),Wartungsplan!$AO$6:$AO$323,0)),"")
B28: =IFERROR(INDEX(Wartungsplan!$A$6:$A$323,MATCH(SMALL(Wartungsplan!$AO$6:$AO$323,9),Wartungsplan!$AO$6:$AO$323,0)),"") | C28: =IFERROR(INDEX(Wartungsplan!$B$6:$B$323,MATCH(SMALL(Wartungsplan!$AO$6:$AO$323,9),Wartungsplan!$AO$6:$AO$323,0)),"") | H28: =IFERROR(INDEX(Wartungsplan!$AG$6:$AG$323,MATCH(SMALL(Wartungsplan!$AO$6:$AO$323,9),Wartungsplan!$AO$6:$AO$323,0)),"") | J28: =IFERROR(INDEX(Wartungsplan!$J$6:$J$323,MATCH(SMALL(Wartungsplan!$AO$6:$AO$323,9),Wartungsplan!$AO$6:$AO$323,0)),"") | K28: =IFERROR(INDEX(Wartungsplan!$K$6:$K$323,MATCH(SMALL(Wartungsplan!$AO$6:$AO$323,9),Wartungsplan!$AO$6:$AO$323,0)),"") | L28: =IFERROR(INDEX(Wartungsplan!$L$6:$L$323,MATCH(SMALL(Wartungsplan!$AO$6:$AO$323,9),Wartungsplan!$AO$6:$AO$323,0)),"") | M28: =IFERROR(INDEX(Wartungsplan!$M$6:$M$323,MATCH(SMALL(Wartungsplan!$AO$6:$AO$323,9),Wartungsplan!$AO$6:$AO$323,0)),"")
B29: =IFERROR(INDEX(Wartungsplan!$A$6:$A$323,MATCH(SMALL(Wartungsplan!$AO$6:$AO$323,10),Wartungsplan!$AO$6:$AO$323,0)),"") | C29: =IFERROR(INDEX(Wartungsplan!$B$6:$B$323,MATCH(SMALL(Wartungsplan!$AO$6:$AO$323,10),Wartungsplan!$AO$6:$AO$323,0)),"") | H29: =IFERROR(INDEX(Wartungsplan!$AG$6:$AG$323,MATCH(SMALL(Wartungsplan!$AO$6:$AO$323,10),Wartungsplan!$AO$6:$AO$323,0)),"") | J29: =IFERROR(INDEX(Wartungsplan!$J$6:$J$323,MATCH(SMALL(Wartungsplan!$AO$6:$AO$323,10),Wartungsplan!$AO$6:$AO$323,0)),"") | K29: =IFERROR(INDEX(Wartungsplan!$K$6:$K$323,MATCH(SMALL(Wartungsplan!$AO$6:$AO$323,10),Wartungsplan!$AO$6:$AO$323,0)),"") | L29: =IFERROR(INDEX(Wartungsplan!$L$6:$L$323,MATCH(SMALL(Wartungsplan!$AO$6:$AO$323,10),Wartungsplan!$AO$6:$AO$323,0)),"") | M29: =IFERROR(INDEX(Wartungsplan!$M$6:$M$323,MATCH(SMALL(Wartungsplan!$AO$6:$AO$323,10),Wartungsplan!$AO$6:$AO$323,0)),"")
B30: =IFERROR(INDEX(Wartungsplan!$A$6:$A$323,MATCH(SMALL(Wartungsplan!$AO$6:$AO$323,11),Wartungsplan!$AO$6:$AO$323,0)),"") | C30: =IFERROR(INDEX(Wartungsplan!$B$6:$B$323,MATCH(SMALL(Wartungsplan!$AO$6:$AO$323,11),Wartungsplan!$AO$6:$AO$323,0)),"") | H30: =IFERROR(INDEX(Wartungsplan!$AG$6:$AG$323,MATCH(SMALL(Wartungsplan!$AO$6:$AO$323,11),Wartungsplan!$AO$6:$AO$323,0)),"") | J30: =IFERROR(INDEX(Wartungsplan!$J$6:$J$323,MATCH(SMALL(Wartungsplan!$AO$6:$AO$323,11),Wartungsplan!$AO$6:$AO$323,0)),"") | K30: =IFERROR(INDEX(Wartungsplan!$K$6:$K$323,MATCH(SMALL(Wartungsplan!$AO$6:$AO$323,11),Wartungsplan!$AO$6:$AO$323,0)),"") | L30: =IFERROR(INDEX(Wartungsplan!$L$6:$L$323,MATCH(SMALL(Wartungsplan!$AO$6:$AO$323,11),Wartungsplan!$AO$6:$AO$323,0)),"") | M30: =IFERROR(INDEX(Wartungsplan!$M$6:$M$323,MATCH(SMALL(Wartungsplan!$AO$6:$AO$323,11),Wartungsplan!$AO$6:$AO$323,0)),"")
B31: =IFERROR(INDEX(Wartungsplan!$A$6:$A$323,MATCH(SMALL(Wartungsplan!$AO$6:$AO$323,12),Wartungsplan!$AO$6:$AO$323,0)),"") | C31: =IFERROR(INDEX(Wartungsplan!$B$6:$B$323,MATCH(SMALL(Wartungsplan!$AO$6:$AO$323,12),Wartungsplan!$AO$6:$AO$323,0)),"") | H31: =IFERROR(INDEX(Wartungsplan!$AG$6:$AG$323,MATCH(SMALL(Wartungsplan!$AO$6:$AO$323,12),Wartungsplan!$AO$6:$AO$323,0)),"") | J31: =IFERROR(INDEX(Wartungsplan!$J$6:$J$323,MATCH(SMALL(Wartungsplan!$AO$6:$AO$323,12),Wartungsplan!$AO$6:$AO$323,0)),"") | K31: =IFERROR(INDEX(Wartungsplan!$K$6:$K$323,MATCH(SMALL(Wartungsplan!$AO$6:$AO$323,12),Wartungsplan!$AO$6:$AO$323,0)),"") | L31: =IFERROR(INDEX(Wartungsplan!$L$6:$L$323,MATCH(SMALL(Wartungsplan!$AO$6:$AO$323,12),Wartungsplan!$AO$6:$AO$323,0)),"") | M31: =IFERROR(INDEX(Wartungsplan!$M$6:$M$323,MATCH(SMALL(Wartungsplan!$AO$6:$AO$323,12),Wartungsplan!$AO$6:$AO$323,0)),"")
B32: =IFERROR(INDEX(Wartungsplan!$A$6:$A$323,MATCH(SMALL(Wartungsplan!$AO$6:$AO$323,13),Wartungsplan!$AO$6:$AO$323,0)),"") | C32: =IFERROR(INDEX(Wartungsplan!$B$6:$B$323,MATCH(SMALL(Wartungsplan!$AO$6:$AO$323,13),Wartungsplan!$AO$6:$AO$323,0)),"") | H32: =IFERROR(INDEX(Wartungsplan!$AG$6:$AG$323,MATCH(SMALL(Wartungsplan!$AO$6:$AO$323,13),Wartungsplan!$AO$6:$AO$323,0)),"") | J32: =IFERROR(INDEX(Wartungsplan!$J$6:$J$323,MATCH(SMALL(Wartungsplan!$AO$6:$AO$323,13),Wartungsplan!$AO$6:$AO$323,0)),"") | K32: =IFERROR(INDEX(Wartungsplan!$K$6:$K$323,MATCH(SMALL(Wartungsplan!$AO$6:$AO$323,13),Wartungsplan!$AO$6:$AO$323,0)),"") | L32: =IFERROR(INDEX(Wartungsplan!$L$6:$L$323,MATCH(SMALL(Wartungsplan!$AO$6:$AO$323,13),Wartungsplan!$AO$6:$AO$323,0)),"") | M32: =IFERROR(INDEX(Wartungsplan!$M$6:$M$323,MATCH(SMALL(Wartungsplan!$AO$6:$AO$323,13),Wartungsplan!$AO$6:$AO$323,0)),"")
B33: =IFERROR(INDEX(Wartungsplan!$A$6:$A$323,MATCH(SMALL(Wartungsplan!$AO$6:$AO$323,14),Wartungsplan!$AO$6:$AO$323,0)),"") | C33: =IFERROR(INDEX(Wartungsplan!$B$6:$B$323,MATCH(SMALL(Wartungsplan!$AO$6:$AO$323,14),Wartungsplan!$AO$6:$AO$323,0)),"") | H33: =IFERROR(INDEX(Wartungsplan!$AG$6:$AG$323,MATCH(SMALL(Wartungsplan!$AO$6:$AO$323,14),Wartungsplan!$AO$6:$AO$323,0)),"") | J33: =IFERROR(INDEX(Wartungsplan!$J$6:$J$323,MATCH(SMALL(Wartungsplan!$AO$6:$AO$323,14),Wartungsplan!$AO$6:$AO$323,0)),"") | K33: =IFERROR(INDEX(Wartungsplan!$K$6:$K$323,MATCH(SMALL(Wartungsplan!$AO$6:$AO$323,14),Wartungsplan!$AO$6:$AO$323,0)),"") | L33: =IFERROR(INDEX(Wartungsplan!$L$6:$L$323,MATCH(SMALL(Wartungsplan!$AO$6:$AO$323,14),Wartungsplan!$AO$6:$AO$323,0)),"") | M33: =IFERROR(INDEX(Wartungsplan!$M$6:$M$323,MATCH(SMALL(Wartungsplan!$AO$6:$AO$323,14),Wartungsplan!$AO$6:$AO$323,0)),"")
B34: =IFERROR(INDEX(Wartungsplan!$A$6:$A$323,MATCH(SMALL(Wartungsplan!$AO$6:$AO$323,15),Wartungsplan!$AO$6:$AO$323,0)),"") | C34: =IFERROR(INDEX(Wartungsplan!$B$6:$B$323,MATCH(SMALL(Wartungsplan!$AO$6:$AO$323,15),Wartungsplan!$AO$6:$AO$323,0)),"") | H34: =IFERROR(INDEX(Wartungsplan!$AG$6:$AG$323,MATCH(SMALL(Wartungsplan!$AO$6:$AO$323,15),Wartungsplan!$AO$6:$AO$323,0)),"") | J34: =IFERROR(INDEX(Wartungsplan!$J$6:$J$323,MATCH(SMALL(Wartungsplan!$AO$6:$AO$323,15),Wartungsplan!$AO$6:$AO$323,0)),"") | K34: =IFERROR(INDEX(Wartungsplan!$K$6:$K$323,MATCH(SMALL(Wartungsplan!$AO$6:$AO$323,15),Wartungsplan!$AO$6:$AO$323,0)),"") | L34: =IFERROR(INDEX(Wartungsplan!$L$6:$L$323,MATCH(SMALL(Wartungsplan!$AO$6:$AO$323,15),Wartungsplan!$AO$6:$AO$323,0)),"") | M34: =IFERROR(INDEX(Wartungsplan!$M$6:$M$323,MATCH(SMALL(Wartungsplan!$AO$6:$AO$323,15),Wartungsplan!$AO$6:$AO$323,0)),"")
B35: =IF(COUNT(Wartungsplan!$AO$6:$AO$323)>15,"… weitere "&(COUNT(Wartungsplan!$AO$6:$AO$323)-15)&" Maßnahmen – im Wartungsplan nach Status filtern",IF(COUNT(Wartungsplan!$AO$6:$AO$323)=0,"Aktuell keine fälligen oder überfälligen Maßnahmen.",""))
B37: Maßnahmen pro Intervall
B38: Intervall | D38: Gruppe | E38: Anzahl | F38: Anteil
B39: =IF(Einstellungen!B7="","",Einstellungen!B7) | D39: =IF(Einstellungen!B7="","",Einstellungen!E7) | E39: =IF(B39="","",COUNTIFS(Wartungsplan!$AH$6:$AH$323,"Maßnahme",Wartungsplan!$H$6:$H$323,B39)) | F39: =IF(B39="","",IFERROR(E39/$E$53,0))
B40: =IF(Einstellungen!B8="","",Einstellungen!B8) | D40: =IF(Einstellungen!B8="","",Einstellungen!E8) | E40: =IF(B40="","",COUNTIFS(Wartungsplan!$AH$6:$AH$323,"Maßnahme",Wartungsplan!$H$6:$H$323,B40)) | F40: =IF(B40="","",IFERROR(E40/$E$53,0))
B41: =IF(Einstellungen!B9="","",Einstellungen!B9) | D41: =IF(Einstellungen!B9="","",Einstellungen!E9) | E41: =IF(B41="","",COUNTIFS(Wartungsplan!$AH$6:$AH$323,"Maßnahme",Wartungsplan!$H$6:$H$323,B41)) | F41: =IF(B41="","",IFERROR(E41/$E$53,0))
B42: =IF(Einstellungen!B10="","",Einstellungen!B10) | D42: =IF(Einstellungen!B10="","",Einstellungen!E10) | E42: =IF(B42="","",COUNTIFS(Wartungsplan!$AH$6:$AH$323,"Maßnahme",Wartungsplan!$H$6:$H$323,B42)) | F42: =IF(B42="","",IFERROR(E42/$E$53,0))
B43: =IF(Einstellungen!B11="","",Einstellungen!B11) | D43: =IF(Einstellungen!B11="","",Einstellungen!E11) | E43: =IF(B43="","",COUNTIFS(Wartungsplan!$AH$6:$AH$323,"Maßnahme",Wartungsplan!$H$6:$H$323,B43)) | F43: =IF(B43="","",IFERROR(E43/$E$53,0))
B44: =IF(Einstellungen!B12="","",Einstellungen!B12) | D44: =IF(Einstellungen!B12="","",Einstellungen!E12) | E44: =IF(B44="","",COUNTIFS(Wartungsplan!$AH$6:$AH$323,"Maßnahme",Wartungsplan!$H$6:$H$323,B44)) | F44: =IF(B44="","",IFERROR(E44/$E$53,0))
B45: =IF(Einstellungen!B13="","",Einstellungen!B13) | D45: =IF(Einstellungen!B13="","",Einstellungen!E13) | E45: =IF(B45="","",COUNTIFS(Wartungsplan!$AH$6:$AH$323,"Maßnahme",Wartungsplan!$H$6:$H$323,B45)) | F45: =IF(B45="","",IFERROR(E45/$E$53,0))
B46: =IF(Einstellungen!B14="","",Einstellungen!B14) | D46: =IF(Einstellungen!B14="","",Einstellungen!E14) | E46: =IF(B46="","",COUNTIFS(Wartungsplan!$AH$6:$AH$323,"Maßnahme",Wartungsplan!$H$6:$H$323,B46)) | F46: =IF(B46="","",IFERROR(E46/$E$53,0))
B47: =IF(Einstellungen!B15="","",Einstellungen!B15) | D47: =IF(Einstellungen!B15="","",Einstellungen!E15) | E47: =IF(B47="","",COUNTIFS(Wartungsplan!$AH$6:$AH$323,"Maßnahme",Wartungsplan!$H$6:$H$323,B47)) | F47: =IF(B47="","",IFERROR(E47/$E$53,0))
B48: =IF(Einstellungen!B16="","",Einstellungen!B16) | D48: =IF(Einstellungen!B16="","",Einstellungen!E16) | E48: =IF(B48="","",COUNTIFS(Wartungsplan!$AH$6:$AH$323,"Maßnahme",Wartungsplan!$H$6:$H$323,B48)) | F48: =IF(B48="","",IFERROR(E48/$E$53,0))
B49: =IF(Einstellungen!B17="","",Einstellungen!B17) | D49: =IF(Einstellungen!B17="","",Einstellungen!E17) | E49: =IF(B49="","",COUNTIFS(Wartungsplan!$AH$6:$AH$323,"Maßnahme",Wartungsplan!$H$6:$H$323,B49)) | F49: =IF(B49="","",IFERROR(E49/$E$53,0))
B50: =IF(Einstellungen!B18="","",Einstellungen!B18) | D50: =IF(Einstellungen!B18="","",Einstellungen!E18) | E50: =IF(B50="","",COUNTIFS(Wartungsplan!$AH$6:$AH$323,"Maßnahme",Wartungsplan!$H$6:$H$323,B50)) | F50: =IF(B50="","",IFERROR(E50/$E$53,0))
B51: frei eingegeben | D51: individuell | E51: =SUMPRODUCT((Wartungsplan!$AH$6:$AH$323="Maßnahme")*ISNUMBER(Wartungsplan!$AK$6:$AK$323))-SUM(E39:E50) | F51: =IFERROR(E51/$E$53,0)
B52: ohne gültiges Intervall | D52: – | E52: =COUNTIF(Wartungsplan!$L$6:$L$323,"Intervall fehlt")+COUNTIF(Wartungsplan!$L$6:$L$323,"Intervall prüfen") | F52: =IFERROR(E52/$E$53,0)
B53: Summe | E53: =SUM(E39:E52) | F53: =SUM(F39:F52)
B55: Status und Risiko je Baugruppe
B56: Baugruppe | E56: Maßnahmen | F56: überfällig | G56: fällig | H56: in Ordnung | I56: Ø RPZ | J56: max. RPZ | K56: hoch / kritisch | L56: Aufwand h/Jahr | M56: Pos.
B57: 1 Not-Aus | E57: =COUNTIFS(Wartungsplan!$AG$6:$AG$323,"Not-Aus",Wartungsplan!$AH$6:$AH$323,"Maßnahme") | F57: =COUNTIFS(Wartungsplan!$AG$6:$AG$323,"Not-Aus",Wartungsplan!$L$6:$L$323,"überfällig") | G57: =COUNTIFS(Wartungsplan!$AG$6:$AG$323,"Not-Aus",Wartungsplan!$L$6:$L$323,"fällig") | H57: =COUNTIFS(Wartungsplan!$AG$6:$AG$323,"Not-Aus",Wartungsplan!$L$6:$L$323,"in Ordnung") | I57: =IFERROR(AVERAGEIFS(Wartungsplan!$AA$6:$AA$323,Wartungsplan!$AG$6:$AG$323,"Not-Aus"),0) | J57: =_xlfn.MAXIFS(Wartungsplan!$AA$6:$AA$323,Wartungsplan!$AG$6:$AG$323,"Not-Aus") | K57: =COUNTIFS(Wartungsplan!$AG$6:$AG$323,"Not-Aus",Wartungsplan!$AB$6:$AB$323,"hoch")+COUNTIFS(Wartungsplan!$AG$6:$AG$323,"Not-Aus",Wartungsplan!$AB$6:$AB$323,"kritisch") | L57: =SUMIFS(Wartungsplan!$AM$6:$AM$323,Wartungsplan!$AG$6:$AG$323,"Not-Aus") | M57: –
B58: 2 Bedienpult | E58: =COUNTIFS(Wartungsplan!$AG$6:$AG$323,"Bedienpult",Wartungsplan!$AH$6:$AH$323,"Maßnahme") | F58: =COUNTIFS(Wartungsplan!$AG$6:$AG$323,"Bedienpult",Wartungsplan!$L$6:$L$323,"überfällig") | G58: =COUNTIFS(Wartungsplan!$AG$6:$AG$323,"Bedienpult",Wartungsplan!$L$6:$L$323,"fällig") | H58: =COUNTIFS(Wartungsplan!$AG$6:$AG$323,"Bedienpult",Wartungsplan!$L$6:$L$323,"in Ordnung") | I58: =IFERROR(AVERAGEIFS(Wartungsplan!$AA$6:$AA$323,Wartungsplan!$AG$6:$AG$323,"Bedienpult"),0) | J58: =_xlfn.MAXIFS(Wartungsplan!$AA$6:$AA$323,Wartungsplan!$AG$6:$AG$323,"Bedienpult") | K58: =COUNTIFS(Wartungsplan!$AG$6:$AG$323,"Bedienpult",Wartungsplan!$AB$6:$AB$323,"hoch")+COUNTIFS(Wartungsplan!$AG$6:$AG$323,"Bedienpult",Wartungsplan!$AB$6:$AB$323,"kritisch") | L58: =SUMIFS(Wartungsplan!$AM$6:$AM$323,Wartungsplan!$AG$6:$AG$323,"Bedienpult") | M58: 1
B59: 3 Staucheinheit (Stauchdorn, Stauchspindel, Elemente für Abdichthub von rechts); Pos. 29 Stauchspindel (Kugelgewindespindel) | E59: =COUNTIFS(Wartungsplan!$AG$6:$AG$323,"Staucheinheit (Stauchdorn, Stauchspindel, Elemente für Abdichthub von rechts); Pos. 29 Stauchspindel (Kugelgewindespindel)",Wartungsplan!$AH$6:$AH$323,"Maßnahme") | F59: =COUNTIFS(Wartungsplan!$AG$6:$AG$323,"Staucheinheit (Stauchdorn, Stauchspindel, Elemente für Abdichthub von rechts); Pos. 29 Stauchspindel (Kugelgewindespindel)",Wartungsplan!$L$6:$L$323,"überfällig") | G59: =COUNTIFS(Wartungsplan!$AG$6:$AG$323,"Staucheinheit (Stauchdorn, Stauchspindel, Elemente für Abdichthub von rechts); Pos. 29 Stauchspindel (Kugelgewindespindel)",Wartungsplan!$L$6:$L$323,"fällig") | H59: =COUNTIFS(Wartungsplan!$AG$6:$AG$323,"Staucheinheit (Stauchdorn, Stauchspindel, Elemente für Abdichthub von rechts); Pos. 29 Stauchspindel (Kugelgewindespindel)",Wartungsplan!$L$6:$L$323,"in Ordnung") | I59: =IFERROR(AVERAGEIFS(Wartungsplan!$AA$6:$AA$323,Wartungsplan!$AG$6:$AG$323,"Staucheinheit (Stauchdorn, Stauchspindel, Elemente für Abdichthub von rechts); Pos. 29 Stauchspindel (Kugelgewindespindel)"),0) | J59: =_xlfn.MAXIFS(Wartungsplan!$AA$6:$AA$323,Wartungsplan!$AG$6:$AG$323,"Staucheinheit (Stauchdorn, Stauchspindel, Elemente für Abdichthub von rechts); Pos. 29 Stauchspindel (Kugelgewindespindel)") | K59: =COUNTIFS(Wartungsplan!$AG$6:$AG$323,"Staucheinheit (Stauchdorn, Stauchspindel, Elemente für Abdichthub von rechts); Pos. 29 Stauchspindel (Kugelgewindespindel)",Wartungsplan!$AB$6:$AB$323,"hoch")+COUNTIFS(Wartungsplan!$AG$6:$AG$323,"Staucheinheit (Stauchdorn, Stauchspindel, Elemente für Abdichthub von rechts); Pos. 29 Stauchspindel (Kugelgewindespindel)",Wartungsplan!$AB$6:$AB$323,"kritisch") | L59: =SUMIFS(Wartungsplan!$AM$6:$AM$323,Wartungsplan!$AG$6:$AG$323,"Staucheinheit (Stauchdorn, Stauchspindel, Elemente für Abdichthub von rechts); Pos. 29 Stauchspindel (Kugelgewindespindel)") | M59: 2 / 29
B60: 4 Oberer und unterer Werkzeugträger | E60: =COUNTIFS(Wartungsplan!$AG$6:$AG$323,"Oberer und unterer Werkzeugträger",Wartungsplan!$AH$6:$AH$323,"Maßnahme") | F60: =COUNTIFS(Wartungsplan!$AG$6:$AG$323,"Oberer und unterer Werkzeugträger",Wartungsplan!$L$6:$L$323,"überfällig") | G60: =COUNTIFS(Wartungsplan!$AG$6:$AG$323,"Oberer und unterer Werkzeugträger",Wartungsplan!$L$6:$L$323,"fällig") | H60: =COUNTIFS(Wartungsplan!$AG$6:$AG$323,"Oberer und unterer Werkzeugträger",Wartungsplan!$L$6:$L$323,"in Ordnung") | I60: =IFERROR(AVERAGEIFS(Wartungsplan!$AA$6:$AA$323,Wartungsplan!$AG$6:$AG$323,"Oberer und unterer Werkzeugträger"),0) | J60: =_xlfn.MAXIFS(Wartungsplan!$AA$6:$AA$323,Wartungsplan!$AG$6:$AG$323,"Oberer und unterer Werkzeugträger") | K60: =COUNTIFS(Wartungsplan!$AG$6:$AG$323,"Oberer und unterer Werkzeugträger",Wartungsplan!$AB$6:$AB$323,"hoch")+COUNTIFS(Wartungsplan!$AG$6:$AG$323,"Oberer und unterer Werkzeugträger",Wartungsplan!$AB$6:$AB$323,"kritisch") | L60: =SUMIFS(Wartungsplan!$AM$6:$AM$323,Wartungsplan!$AG$6:$AG$323,"Oberer und unterer Werkzeugträger") | M60: 3 / 6
B61: 5 Verschlussbalken | E61: =COUNTIFS(Wartungsplan!$AG$6:$AG$323,"Verschlussbalken",Wartungsplan!$AH$6:$AH$323,"Maßnahme") | F61: =COUNTIFS(Wartungsplan!$AG$6:$AG$323,"Verschlussbalken",Wartungsplan!$L$6:$L$323,"überfällig") | G61: =COUNTIFS(Wartungsplan!$AG$6:$AG$323,"Verschlussbalken",Wartungsplan!$L$6:$L$323,"fällig") | H61: =COUNTIFS(Wartungsplan!$AG$6:$AG$323,"Verschlussbalken",Wartungsplan!$L$6:$L$323,"in Ordnung") | I61: =IFERROR(AVERAGEIFS(Wartungsplan!$AA$6:$AA$323,Wartungsplan!$AG$6:$AG$323,"Verschlussbalken"),0) | J61: =_xlfn.MAXIFS(Wartungsplan!$AA$6:$AA$323,Wartungsplan!$AG$6:$AG$323,"Verschlussbalken") | K61: =COUNTIFS(Wartungsplan!$AG$6:$AG$323,"Verschlussbalken",Wartungsplan!$AB$6:$AB$323,"hoch")+COUNTIFS(Wartungsplan!$AG$6:$AG$323,"Verschlussbalken",Wartungsplan!$AB$6:$AB$323,"kritisch") | L61: =SUMIFS(Wartungsplan!$AM$6:$AM$323,Wartungsplan!$AG$6:$AG$323,"Verschlussbalken") | M61: 5
B62: 6 Hydraulik-/Pneumatikzylinder (Baugruppe in der Vorversion nicht benannt) | E62: =COUNTIFS(Wartungsplan!$AG$6:$AG$323,"Hydraulik-/Pneumatikzylinder (Baugruppe in der Vorversion nicht benannt)",Wartungsplan!$AH$6:$AH$323,"Maßnahme") | F62: =COUNTIFS(Wartungsplan!$AG$6:$AG$323,"Hydraulik-/Pneumatikzylinder (Baugruppe in der Vorversion nicht benannt)",Wartungsplan!$L$6:$L$323,"überfällig") | G62: =COUNTIFS(Wartungsplan!$AG$6:$AG$323,"Hydraulik-/Pneumatikzylinder (Baugruppe in der Vorversion nicht benannt)",Wartungsplan!$L$6:$L$323,"fällig") | H62: =COUNTIFS(Wartungsplan!$AG$6:$AG$323,"Hydraulik-/Pneumatikzylinder (Baugruppe in der Vorversion nicht benannt)",Wartungsplan!$L$6:$L$323,"in Ordnung") | I62: =IFERROR(AVERAGEIFS(Wartungsplan!$AA$6:$AA$323,Wartungsplan!$AG$6:$AG$323,"Hydraulik-/Pneumatikzylinder (Baugruppe in der Vorversion nicht benannt)"),0) | J62: =_xlfn.MAXIFS(Wartungsplan!$AA$6:$AA$323,Wartungsplan!$AG$6:$AG$323,"Hydraulik-/Pneumatikzylinder (Baugruppe in der Vorversion nicht benannt)") | K62: =COUNTIFS(Wartungsplan!$AG$6:$AG$323,"Hydraulik-/Pneumatikzylinder (Baugruppe in der Vorversion nicht benannt)",Wartungsplan!$AB$6:$AB$323,"hoch")+COUNTIFS(Wartungsplan!$AG$6:$AG$323,"Hydraulik-/Pneumatikzylinder (Baugruppe in der Vorversion nicht benannt)",Wartungsplan!$AB$6:$AB$323,"kritisch") | L62: =SUMIFS(Wartungsplan!$AM$6:$AM$323,Wartungsplan!$AG$6:$AG$323,"Hydraulik-/Pneumatikzylinder (Baugruppe in der Vorversion nicht benannt)") | M62: –
B63: 7 Wasserbehälter für Umformmedium | E63: =COUNTIFS(Wartungsplan!$AG$6:$AG$323,"Wasserbehälter für Umformmedium",Wartungsplan!$AH$6:$AH$323,"Maßnahme") | F63: =COUNTIFS(Wartungsplan!$AG$6:$AG$323,"Wasserbehälter für Umformmedium",Wartungsplan!$L$6:$L$323,"überfällig") | G63: =COUNTIFS(Wartungsplan!$AG$6:$AG$323,"Wasserbehälter für Umformmedium",Wartungsplan!$L$6:$L$323,"fällig") | H63: =COUNTIFS(Wartungsplan!$AG$6:$AG$323,"Wasserbehälter für Umformmedium",Wartungsplan!$L$6:$L$323,"in Ordnung") | I63: =IFERROR(AVERAGEIFS(Wartungsplan!$AA$6:$AA$323,Wartungsplan!$AG$6:$AG$323,"Wasserbehälter für Umformmedium"),0) | J63: =_xlfn.MAXIFS(Wartungsplan!$AA$6:$AA$323,Wartungsplan!$AG$6:$AG$323,"Wasserbehälter für Umformmedium") | K63: =COUNTIFS(Wartungsplan!$AG$6:$AG$323,"Wasserbehälter für Umformmedium",Wartungsplan!$AB$6:$AB$323,"hoch")+COUNTIFS(Wartungsplan!$AG$6:$AG$323,"Wasserbehälter für Umformmedium",Wartungsplan!$AB$6:$AB$323,"kritisch") | L63: =SUMIFS(Wartungsplan!$AM$6:$AM$323,Wartungsplan!$AG$6:$AG$323,"Wasserbehälter für Umformmedium") | M63: 11
B64: 8 Auslaufrinne | E64: =COUNTIFS(Wartungsplan!$AG$6:$AG$323,"Auslaufrinne",Wartungsplan!$AH$6:$AH$323,"Maßnahme") | F64: =COUNTIFS(Wartungsplan!$AG$6:$AG$323,"Auslaufrinne",Wartungsplan!$L$6:$L$323,"überfällig") | G64: =COUNTIFS(Wartungsplan!$AG$6:$AG$323,"Auslaufrinne",Wartungsplan!$L$6:$L$323,"fällig") | H64: =COUNTIFS(Wartungsplan!$AG$6:$AG$323,"Auslaufrinne",Wartungsplan!$L$6:$L$323,"in Ordnung") | I64: =IFERROR(AVERAGEIFS(Wartungsplan!$AA$6:$AA$323,Wartungsplan!$AG$6:$AG$323,"Auslaufrinne"),0) | J64: =_xlfn.MAXIFS(Wartungsplan!$AA$6:$AA$323,Wartungsplan!$AG$6:$AG$323,"Auslaufrinne") | K64: =COUNTIFS(Wartungsplan!$AG$6:$AG$323,"Auslaufrinne",Wartungsplan!$AB$6:$AB$323,"hoch")+COUNTIFS(Wartungsplan!$AG$6:$AG$323,"Auslaufrinne",Wartungsplan!$AB$6:$AB$323,"kritisch") | L64: =SUMIFS(Wartungsplan!$AM$6:$AM$323,Wartungsplan!$AG$6:$AG$323,"Auslaufrinne") | M64: 13
B65: 9 Beladehandling (Handling Glattrohrgreifer) und Entnahmehandling (Handling Balggreifer) | E65: =COUNTIFS(Wartungsplan!$AG$6:$AG$323,"Beladehandling (Handling Glattrohrgreifer) und Entnahmehandling (Handling Balggreifer)",Wartungsplan!$AH$6:$AH$323,"Maßnahme") | F65: =COUNTIFS(Wartungsplan!$AG$6:$AG$323,"Beladehandling (Handling Glattrohrgreifer) und Entnahmehandling (Handling Balggreifer)",Wartungsplan!$L$6:$L$323,"überfällig") | G65: =COUNTIFS(Wartungsplan!$AG$6:$AG$323,"Beladehandling (Handling Glattrohrgreifer) und Entnahmehandling (Handling Balggreifer)",Wartungsplan!$L$6:$L$323,"fällig") | H65: =COUNTIFS(Wartungsplan!$AG$6:$AG$323,"Beladehandling (Handling Glattrohrgreifer) und Entnahmehandling (Handling Balggreifer)",Wartungsplan!$L$6:$L$323,"in Ordnung") | I65: =IFERROR(AVERAGEIFS(Wartungsplan!$AA$6:$AA$323,Wartungsplan!$AG$6:$AG$323,"Beladehandling (Handling Glattrohrgreifer) und Entnahmehandling (Handling Balggreifer)"),0) | J65: =_xlfn.MAXIFS(Wartungsplan!$AA$6:$AA$323,Wartungsplan!$AG$6:$AG$323,"Beladehandling (Handling Glattrohrgreifer) und Entnahmehandling (Handling Balggreifer)") | K65: =COUNTIFS(Wartungsplan!$AG$6:$AG$323,"Beladehandling (Handling Glattrohrgreifer) und Entnahmehandling (Handling Balggreifer)",Wartungsplan!$AB$6:$AB$323,"hoch")+COUNTIFS(Wartungsplan!$AG$6:$AG$323,"Beladehandling (Handling Glattrohrgreifer) und Entnahmehandling (Handling Balggreifer)",Wartungsplan!$AB$6:$AB$323,"kritisch") | L65: =SUMIFS(Wartungsplan!$AM$6:$AM$323,Wartungsplan!$AG$6:$AG$323,"Beladehandling (Handling Glattrohrgreifer) und Entnahmehandling (Handling Balggreifer)") | M65: 14 / 8
B66: 10 Wartungseinheit (falls vorhanden) | E66: =COUNTIFS(Wartungsplan!$AG$6:$AG$323,"Wartungseinheit (falls vorhanden)",Wartungsplan!$AH$6:$AH$323,"Maßnahme") | F66: =COUNTIFS(Wartungsplan!$AG$6:$AG$323,"Wartungseinheit (falls vorhanden)",Wartungsplan!$L$6:$L$323,"überfällig") | G66: =COUNTIFS(Wartungsplan!$AG$6:$AG$323,"Wartungseinheit (falls vorhanden)",Wartungsplan!$L$6:$L$323,"fällig") | H66: =COUNTIFS(Wartungsplan!$AG$6:$AG$323,"Wartungseinheit (falls vorhanden)",Wartungsplan!$L$6:$L$323,"in Ordnung") | I66: =IFERROR(AVERAGEIFS(Wartungsplan!$AA$6:$AA$323,Wartungsplan!$AG$6:$AG$323,"Wartungseinheit (falls vorhanden)"),0) | J66: =_xlfn.MAXIFS(Wartungsplan!$AA$6:$AA$323,Wartungsplan!$AG$6:$AG$323,"Wartungseinheit (falls vorhanden)") | K66: =COUNTIFS(Wartungsplan!$AG$6:$AG$323,"Wartungseinheit (falls vorhanden)",Wartungsplan!$AB$6:$AB$323,"hoch")+COUNTIFS(Wartungsplan!$AG$6:$AG$323,"Wartungseinheit (falls vorhanden)",Wartungsplan!$AB$6:$AB$323,"kritisch") | L66: =SUMIFS(Wartungsplan!$AM$6:$AM$323,Wartungsplan!$AG$6:$AG$323,"Wartungseinheit (falls vorhanden)") | M66: 15
B67: 11 Glattrohrzuführung und Vereinzeler/Rohrstopper | E67: =COUNTIFS(Wartungsplan!$AG$6:$AG$323,"Glattrohrzuführung und Vereinzeler/Rohrstopper",Wartungsplan!$AH$6:$AH$323,"Maßnahme") | F67: =COUNTIFS(Wartungsplan!$AG$6:$AG$323,"Glattrohrzuführung und Vereinzeler/Rohrstopper",Wartungsplan!$L$6:$L$323,"überfällig") | G67: =COUNTIFS(Wartungsplan!$AG$6:$AG$323,"Glattrohrzuführung und Vereinzeler/Rohrstopper",Wartungsplan!$L$6:$L$323,"fällig") | H67: =COUNTIFS(Wartungsplan!$AG$6:$AG$323,"Glattrohrzuführung und Vereinzeler/Rohrstopper",Wartungsplan!$L$6:$L$323,"in Ordnung") | I67: =IFERROR(AVERAGEIFS(Wartungsplan!$AA$6:$AA$323,Wartungsplan!$AG$6:$AG$323,"Glattrohrzuführung und Vereinzeler/Rohrstopper"),0) | J67: =_xlfn.MAXIFS(Wartungsplan!$AA$6:$AA$323,Wartungsplan!$AG$6:$AG$323,"Glattrohrzuführung und Vereinzeler/Rohrstopper") | K67: =COUNTIFS(Wartungsplan!$AG$6:$AG$323,"Glattrohrzuführung und Vereinzeler/Rohrstopper",Wartungsplan!$AB$6:$AB$323,"hoch")+COUNTIFS(Wartungsplan!$AG$6:$AG$323,"Glattrohrzuführung und Vereinzeler/Rohrstopper",Wartungsplan!$AB$6:$AB$323,"kritisch") | L67: =SUMIFS(Wartungsplan!$AM$6:$AM$323,Wartungsplan!$AG$6:$AG$323,"Glattrohrzuführung und Vereinzeler/Rohrstopper") | M67: 16 / 17
B68: 12 Handbediengerät | E68: =COUNTIFS(Wartungsplan!$AG$6:$AG$323,"Handbediengerät",Wartungsplan!$AH$6:$AH$323,"Maßnahme") | F68: =COUNTIFS(Wartungsplan!$AG$6:$AG$323,"Handbediengerät",Wartungsplan!$L$6:$L$323,"überfällig") | G68: =COUNTIFS(Wartungsplan!$AG$6:$AG$323,"Handbediengerät",Wartungsplan!$L$6:$L$323,"fällig") | H68: =COUNTIFS(Wartungsplan!$AG$6:$AG$323,"Handbediengerät",Wartungsplan!$L$6:$L$323,"in Ordnung") | I68: =IFERROR(AVERAGEIFS(Wartungsplan!$AA$6:$AA$323,Wartungsplan!$AG$6:$AG$323,"Handbediengerät"),0) | J68: =_xlfn.MAXIFS(Wartungsplan!$AA$6:$AA$323,Wartungsplan!$AG$6:$AG$323,"Handbediengerät") | K68: =COUNTIFS(Wartungsplan!$AG$6:$AG$323,"Handbediengerät",Wartungsplan!$AB$6:$AB$323,"hoch")+COUNTIFS(Wartungsplan!$AG$6:$AG$323,"Handbediengerät",Wartungsplan!$AB$6:$AB$323,"kritisch") | L68: =SUMIFS(Wartungsplan!$AM$6:$AM$323,Wartungsplan!$AG$6:$AG$323,"Handbediengerät") | M68: 19
B69: 13 Klimagerät für Schaltschrank | E69: =COUNTIFS(Wartungsplan!$AG$6:$AG$323,"Klimagerät für Schaltschrank",Wartungsplan!$AH$6:$AH$323,"Maßnahme") | F69: =COUNTIFS(Wartungsplan!$AG$6:$AG$323,"Klimagerät für Schaltschrank",Wartungsplan!$L$6:$L$323,"überfällig") | G69: =COUNTIFS(Wartungsplan!$AG$6:$AG$323,"Klimagerät für Schaltschrank",Wartungsplan!$L$6:$L$323,"fällig") | H69: =COUNTIFS(Wartungsplan!$AG$6:$AG$323,"Klimagerät für Schaltschrank",Wartungsplan!$L$6:$L$323,"in Ordnung") | I69: =IFERROR(AVERAGEIFS(Wartungsplan!$AA$6:$AA$323,Wartungsplan!$AG$6:$AG$323,"Klimagerät für Schaltschrank"),0) | J69: =_xlfn.MAXIFS(Wartungsplan!$AA$6:$AA$323,Wartungsplan!$AG$6:$AG$323,"Klimagerät für Schaltschrank") | K69: =COUNTIFS(Wartungsplan!$AG$6:$AG$323,"Klimagerät für Schaltschrank",Wartungsplan!$AB$6:$AB$323,"hoch")+COUNTIFS(Wartungsplan!$AG$6:$AG$323,"Klimagerät für Schaltschrank",Wartungsplan!$AB$6:$AB$323,"kritisch") | L69: =SUMIFS(Wartungsplan!$AM$6:$AM$323,Wartungsplan!$AG$6:$AG$323,"Klimagerät für Schaltschrank") | M69: 20
B70: 14 Schaltschrank | E70: =COUNTIFS(Wartungsplan!$AG$6:$AG$323,"Schaltschrank",Wartungsplan!$AH$6:$AH$323,"Maßnahme") | F70: =COUNTIFS(Wartungsplan!$AG$6:$AG$323,"Schaltschrank",Wartungsplan!$L$6:$L$323,"überfällig") | G70: =COUNTIFS(Wartungsplan!$AG$6:$AG$323,"Schaltschrank",Wartungsplan!$L$6:$L$323,"fällig") | H70: =COUNTIFS(Wartungsplan!$AG$6:$AG$323,"Schaltschrank",Wartungsplan!$L$6:$L$323,"in Ordnung") | I70: =IFERROR(AVERAGEIFS(Wartungsplan!$AA$6:$AA$323,Wartungsplan!$AG$6:$AG$323,"Schaltschrank"),0) | J70: =_xlfn.MAXIFS(Wartungsplan!$AA$6:$AA$323,Wartungsplan!$AG$6:$AG$323,"Schaltschrank") | K70: =COUNTIFS(Wartungsplan!$AG$6:$AG$323,"Schaltschrank",Wartungsplan!$AB$6:$AB$323,"hoch")+COUNTIFS(Wartungsplan!$AG$6:$AG$323,"Schaltschrank",Wartungsplan!$AB$6:$AB$323,"kritisch") | L70: =SUMIFS(Wartungsplan!$AM$6:$AM$323,Wartungsplan!$AG$6:$AG$323,"Schaltschrank") | M70: 22
B71: 15 Ölkühler/Wasserkühler | E71: =COUNTIFS(Wartungsplan!$AG$6:$AG$323,"Ölkühler/Wasserkühler",Wartungsplan!$AH$6:$AH$323,"Maßnahme") | F71: =COUNTIFS(Wartungsplan!$AG$6:$AG$323,"Ölkühler/Wasserkühler",Wartungsplan!$L$6:$L$323,"überfällig") | G71: =COUNTIFS(Wartungsplan!$AG$6:$AG$323,"Ölkühler/Wasserkühler",Wartungsplan!$L$6:$L$323,"fällig") | H71: =COUNTIFS(Wartungsplan!$AG$6:$AG$323,"Ölkühler/Wasserkühler",Wartungsplan!$L$6:$L$323,"in Ordnung") | I71: =IFERROR(AVERAGEIFS(Wartungsplan!$AA$6:$AA$323,Wartungsplan!$AG$6:$AG$323,"Ölkühler/Wasserkühler"),0) | J71: =_xlfn.MAXIFS(Wartungsplan!$AA$6:$AA$323,Wartungsplan!$AG$6:$AG$323,"Ölkühler/Wasserkühler") | K71: =COUNTIFS(Wartungsplan!$AG$6:$AG$323,"Ölkühler/Wasserkühler",Wartungsplan!$AB$6:$AB$323,"hoch")+COUNTIFS(Wartungsplan!$AG$6:$AG$323,"Ölkühler/Wasserkühler",Wartungsplan!$AB$6:$AB$323,"kritisch") | L71: =SUMIFS(Wartungsplan!$AM$6:$AM$323,Wartungsplan!$AG$6:$AG$323,"Ölkühler/Wasserkühler") | M71: 24
B72: 16 Hydraulikaggregat | E72: =COUNTIFS(Wartungsplan!$AG$6:$AG$323,"Hydraulikaggregat",Wartungsplan!$AH$6:$AH$323,"Maßnahme") | F72: =COUNTIFS(Wartungsplan!$AG$6:$AG$323,"Hydraulikaggregat",Wartungsplan!$L$6:$L$323,"überfällig") | G72: =COUNTIFS(Wartungsplan!$AG$6:$AG$323,"Hydraulikaggregat",Wartungsplan!$L$6:$L$323,"fällig") | H72: =COUNTIFS(Wartungsplan!$AG$6:$AG$323,"Hydraulikaggregat",Wartungsplan!$L$6:$L$323,"in Ordnung") | I72: =IFERROR(AVERAGEIFS(Wartungsplan!$AA$6:$AA$323,Wartungsplan!$AG$6:$AG$323,"Hydraulikaggregat"),0) | J72: =_xlfn.MAXIFS(Wartungsplan!$AA$6:$AA$323,Wartungsplan!$AG$6:$AG$323,"Hydraulikaggregat") | K72: =COUNTIFS(Wartungsplan!$AG$6:$AG$323,"Hydraulikaggregat",Wartungsplan!$AB$6:$AB$323,"hoch")+COUNTIFS(Wartungsplan!$AG$6:$AG$323,"Hydraulikaggregat",Wartungsplan!$AB$6:$AB$323,"kritisch") | L72: =SUMIFS(Wartungsplan!$AM$6:$AM$323,Wartungsplan!$AG$6:$AG$323,"Hydraulikaggregat") | M72: 25
B73: 17 Hydraulik-Druckfilter (mit Filtereinsatz) | E73: =COUNTIFS(Wartungsplan!$AG$6:$AG$323,"Hydraulik-Druckfilter (mit Filtereinsatz)",Wartungsplan!$AH$6:$AH$323,"Maßnahme") | F73: =COUNTIFS(Wartungsplan!$AG$6:$AG$323,"Hydraulik-Druckfilter (mit Filtereinsatz)",Wartungsplan!$L$6:$L$323,"überfällig") | G73: =COUNTIFS(Wartungsplan!$AG$6:$AG$323,"Hydraulik-Druckfilter (mit Filtereinsatz)",Wartungsplan!$L$6:$L$323,"fällig") | H73: =COUNTIFS(Wartungsplan!$AG$6:$AG$323,"Hydraulik-Druckfilter (mit Filtereinsatz)",Wartungsplan!$L$6:$L$323,"in Ordnung") | I73: =IFERROR(AVERAGEIFS(Wartungsplan!$AA$6:$AA$323,Wartungsplan!$AG$6:$AG$323,"Hydraulik-Druckfilter (mit Filtereinsatz)"),0) | J73: =_xlfn.MAXIFS(Wartungsplan!$AA$6:$AA$323,Wartungsplan!$AG$6:$AG$323,"Hydraulik-Druckfilter (mit Filtereinsatz)") | K73: =COUNTIFS(Wartungsplan!$AG$6:$AG$323,"Hydraulik-Druckfilter (mit Filtereinsatz)",Wartungsplan!$AB$6:$AB$323,"hoch")+COUNTIFS(Wartungsplan!$AG$6:$AG$323,"Hydraulik-Druckfilter (mit Filtereinsatz)",Wartungsplan!$AB$6:$AB$323,"kritisch") | L73: =SUMIFS(Wartungsplan!$AM$6:$AM$323,Wartungsplan!$AG$6:$AG$323,"Hydraulik-Druckfilter (mit Filtereinsatz)") | M73: 26
B74: 18 Druckübersetzer | E74: =COUNTIFS(Wartungsplan!$AG$6:$AG$323,"Druckübersetzer",Wartungsplan!$AH$6:$AH$323,"Maßnahme") | F74: =COUNTIFS(Wartungsplan!$AG$6:$AG$323,"Druckübersetzer",Wartungsplan!$L$6:$L$323,"überfällig") | G74: =COUNTIFS(Wartungsplan!$AG$6:$AG$323,"Druckübersetzer",Wartungsplan!$L$6:$L$323,"fällig") | H74: =COUNTIFS(Wartungsplan!$AG$6:$AG$323,"Druckübersetzer",Wartungsplan!$L$6:$L$323,"in Ordnung") | I74: =IFERROR(AVERAGEIFS(Wartungsplan!$AA$6:$AA$323,Wartungsplan!$AG$6:$AG$323,"Druckübersetzer"),0) | J74: =_xlfn.MAXIFS(Wartungsplan!$AA$6:$AA$323,Wartungsplan!$AG$6:$AG$323,"Druckübersetzer") | K74: =COUNTIFS(Wartungsplan!$AG$6:$AG$323,"Druckübersetzer",Wartungsplan!$AB$6:$AB$323,"hoch")+COUNTIFS(Wartungsplan!$AG$6:$AG$323,"Druckübersetzer",Wartungsplan!$AB$6:$AB$323,"kritisch") | L74: =SUMIFS(Wartungsplan!$AM$6:$AM$323,Wartungsplan!$AG$6:$AG$323,"Druckübersetzer") | M74: 30
B75: 19 Schmierung allgemein (HSIM) | E75: =COUNTIFS(Wartungsplan!$AG$6:$AG$323,"Schmierung allgemein (HSIM)",Wartungsplan!$AH$6:$AH$323,"Maßnahme") | F75: =COUNTIFS(Wartungsplan!$AG$6:$AG$323,"Schmierung allgemein (HSIM)",Wartungsplan!$L$6:$L$323,"überfällig") | G75: =COUNTIFS(Wartungsplan!$AG$6:$AG$323,"Schmierung allgemein (HSIM)",Wartungsplan!$L$6:$L$323,"fällig") | H75: =COUNTIFS(Wartungsplan!$AG$6:$AG$323,"Schmierung allgemein (HSIM)",Wartungsplan!$L$6:$L$323,"in Ordnung") | I75: =IFERROR(AVERAGEIFS(Wartungsplan!$AA$6:$AA$323,Wartungsplan!$AG$6:$AG$323,"Schmierung allgemein (HSIM)"),0) | J75: =_xlfn.MAXIFS(Wartungsplan!$AA$6:$AA$323,Wartungsplan!$AG$6:$AG$323,"Schmierung allgemein (HSIM)") | K75: =COUNTIFS(Wartungsplan!$AG$6:$AG$323,"Schmierung allgemein (HSIM)",Wartungsplan!$AB$6:$AB$323,"hoch")+COUNTIFS(Wartungsplan!$AG$6:$AG$323,"Schmierung allgemein (HSIM)",Wartungsplan!$AB$6:$AB$323,"kritisch") | L75: =SUMIFS(Wartungsplan!$AM$6:$AM$323,Wartungsplan!$AG$6:$AG$323,"Schmierung allgemein (HSIM)") | M75: –
B76: 20 Schutzeinrichtungen | E76: =COUNTIFS(Wartungsplan!$AG$6:$AG$323,"Schutzeinrichtungen",Wartungsplan!$AH$6:$AH$323,"Maßnahme") | F76: =COUNTIFS(Wartungsplan!$AG$6:$AG$323,"Schutzeinrichtungen",Wartungsplan!$L$6:$L$323,"überfällig") | G76: =COUNTIFS(Wartungsplan!$AG$6:$AG$323,"Schutzeinrichtungen",Wartungsplan!$L$6:$L$323,"fällig") | H76: =COUNTIFS(Wartungsplan!$AG$6:$AG$323,"Schutzeinrichtungen",Wartungsplan!$L$6:$L$323,"in Ordnung") | I76: =IFERROR(AVERAGEIFS(Wartungsplan!$AA$6:$AA$323,Wartungsplan!$AG$6:$AG$323,"Schutzeinrichtungen"),0) | J76: =_xlfn.MAXIFS(Wartungsplan!$AA$6:$AA$323,Wartungsplan!$AG$6:$AG$323,"Schutzeinrichtungen") | K76: =COUNTIFS(Wartungsplan!$AG$6:$AG$323,"Schutzeinrichtungen",Wartungsplan!$AB$6:$AB$323,"hoch")+COUNTIFS(Wartungsplan!$AG$6:$AG$323,"Schutzeinrichtungen",Wartungsplan!$AB$6:$AB$323,"kritisch") | L76: =SUMIFS(Wartungsplan!$AM$6:$AM$323,Wartungsplan!$AG$6:$AG$323,"Schutzeinrichtungen") | M76: –
B77: 21 Kühlaggregat für Öl und Wasser | E77: =COUNTIFS(Wartungsplan!$AG$6:$AG$323,"Kühlaggregat für Öl und Wasser",Wartungsplan!$AH$6:$AH$323,"Maßnahme") | F77: =COUNTIFS(Wartungsplan!$AG$6:$AG$323,"Kühlaggregat für Öl und Wasser",Wartungsplan!$L$6:$L$323,"überfällig") | G77: =COUNTIFS(Wartungsplan!$AG$6:$AG$323,"Kühlaggregat für Öl und Wasser",Wartungsplan!$L$6:$L$323,"fällig") | H77: =COUNTIFS(Wartungsplan!$AG$6:$AG$323,"Kühlaggregat für Öl und Wasser",Wartungsplan!$L$6:$L$323,"in Ordnung") | I77: =IFERROR(AVERAGEIFS(Wartungsplan!$AA$6:$AA$323,Wartungsplan!$AG$6:$AG$323,"Kühlaggregat für Öl und Wasser"),0) | J77: =_xlfn.MAXIFS(Wartungsplan!$AA$6:$AA$323,Wartungsplan!$AG$6:$AG$323,"Kühlaggregat für Öl und Wasser") | K77: =COUNTIFS(Wartungsplan!$AG$6:$AG$323,"Kühlaggregat für Öl und Wasser",Wartungsplan!$AB$6:$AB$323,"hoch")+COUNTIFS(Wartungsplan!$AG$6:$AG$323,"Kühlaggregat für Öl und Wasser",Wartungsplan!$AB$6:$AB$323,"kritisch") | L77: =SUMIFS(Wartungsplan!$AM$6:$AM$323,Wartungsplan!$AG$6:$AG$323,"Kühlaggregat für Öl und Wasser") | M77: –
B80: Risikobewertung (RPZ)
B81: Risikoklasse | D81: Anzahl | E81: Anteil | F81: Empfehlung
B82: gering | D82: =COUNTIFS(Wartungsplan!$AH$6:$AH$323,"Maßnahme",Wartungsplan!$AB$6:$AB$323,"gering") | E82: =IFERROR(D82/COUNTIF(Wartungsplan!$AH$6:$AH$323,"Maßnahme"),0) | F82: =IFERROR(INDEX(Kl_Intervall,MATCH("gering",Kl_Name,0)),"–")
B83: mittel | D83: =COUNTIFS(Wartungsplan!$AH$6:$AH$323,"Maßnahme",Wartungsplan!$AB$6:$AB$323,"mittel") | E83: =IFERROR(D83/COUNTIF(Wartungsplan!$AH$6:$AH$323,"Maßnahme"),0) | F83: =IFERROR(INDEX(Kl_Intervall,MATCH("mittel",Kl_Name,0)),"–")
B84: hoch | D84: =COUNTIFS(Wartungsplan!$AH$6:$AH$323,"Maßnahme",Wartungsplan!$AB$6:$AB$323,"hoch") | E84: =IFERROR(D84/COUNTIF(Wartungsplan!$AH$6:$AH$323,"Maßnahme"),0) | F84: =IFERROR(INDEX(Kl_Intervall,MATCH("hoch",Kl_Name,0)),"–")
B85: kritisch | D85: =COUNTIFS(Wartungsplan!$AH$6:$AH$323,"Maßnahme",Wartungsplan!$AB$6:$AB$323,"kritisch") | E85: =IFERROR(D85/COUNTIF(Wartungsplan!$AH$6:$AH$323,"Maßnahme"),0) | F85: =IFERROR(INDEX(Kl_Intervall,MATCH("kritisch",Kl_Name,0)),"–")
B86: unvollständig | D86: =COUNTIFS(Wartungsplan!$AH$6:$AH$323,"Maßnahme",Wartungsplan!$AB$6:$AB$323,"unvollständig") | E86: =IFERROR(D86/COUNTIF(Wartungsplan!$AH$6:$AH$323,"Maßnahme"),0) | F86: =IFERROR(INDEX(Kl_Intervall,MATCH("unvollständig",Kl_Name,0)),"–")
B88: Ø RPZ | F88: =IFERROR(AVERAGE(Wartungsplan!$AA$6:$AA$323),0)
B89: Maximale RPZ | F89: =IFERROR(MAX(Wartungsplan!$AA$6:$AA$323),0)
B90: Arbeitssicherheitsrelevant (AS ≥ Schwelle) | F90: =COUNTIFS(Wartungsplan!$AH$6:$AH$323,"Maßnahme",Wartungsplan!$T$6:$T$323,">="&P_Krit)
B91: Qualitätsrelevant (Q ≥ Schwelle) | F91: =COUNTIFS(Wartungsplan!$AH$6:$AH$323,"Maßnahme",Wartungsplan!$S$6:$S$323,">="&P_Krit)
B92: Umweltrelevant (US ≥ Schwelle) | F92: =COUNTIFS(Wartungsplan!$AH$6:$AH$323,"Maßnahme",Wartungsplan!$U$6:$U$323,">="&P_Krit)
B95: Top-10-Risiken (höchste RPZ)
B96: Nr. | C96: Maßnahme | H96: Baugruppe | J96: RPZ | K96: Klasse | L96: Intervall
B97: =IFERROR(INDEX(Wartungsplan!$A$6:$A$323,MATCH(LARGE(Wartungsplan!$AN$6:$AN$323,1),Wartungsplan!$AN$6:$AN$323,0)),"") | C97: =IFERROR(INDEX(Wartungsplan!$B$6:$B$323,MATCH(LARGE(Wartungsplan!$AN$6:$AN$323,1),Wartungsplan!$AN$6:$AN$323,0)),"") | H97: =IFERROR(INDEX(Wartungsplan!$AG$6:$AG$323,MATCH(LARGE(Wartungsplan!$AN$6:$AN$323,1),Wartungsplan!$AN$6:$AN$323,0)),"") | J97: =IFERROR(INDEX(Wartungsplan!$AA$6:$AA$323,MATCH(LARGE(Wartungsplan!$AN$6:$AN$323,1),Wartungsplan!$AN$6:$AN$323,0)),"") | K97: =IFERROR(INDEX(Wartungsplan!$AB$6:$AB$323,MATCH(LARGE(Wartungsplan!$AN$6:$AN$323,1),Wartungsplan!$AN$6:$AN$323,0)),"") | L97: =IFERROR(INDEX(Wartungsplan!$H$6:$H$323,MATCH(LARGE(Wartungsplan!$AN$6:$AN$323,1),Wartungsplan!$AN$6:$AN$323,0)),"")
B98: =IFERROR(INDEX(Wartungsplan!$A$6:$A$323,MATCH(LARGE(Wartungsplan!$AN$6:$AN$323,2),Wartungsplan!$AN$6:$AN$323,0)),"") | C98: =IFERROR(INDEX(Wartungsplan!$B$6:$B$323,MATCH(LARGE(Wartungsplan!$AN$6:$AN$323,2),Wartungsplan!$AN$6:$AN$323,0)),"") | H98: =IFERROR(INDEX(Wartungsplan!$AG$6:$AG$323,MATCH(LARGE(Wartungsplan!$AN$6:$AN$323,2),Wartungsplan!$AN$6:$AN$323,0)),"") | J98: =IFERROR(INDEX(Wartungsplan!$AA$6:$AA$323,MATCH(LARGE(Wartungsplan!$AN$6:$AN$323,2),Wartungsplan!$AN$6:$AN$323,0)),"") | K98: =IFERROR(INDEX(Wartungsplan!$AB$6:$AB$323,MATCH(LARGE(Wartungsplan!$AN$6:$AN$323,2),Wartungsplan!$AN$6:$AN$323,0)),"") | L98: =IFERROR(INDEX(Wartungsplan!$H$6:$H$323,MATCH(LARGE(Wartungsplan!$AN$6:$AN$323,2),Wartungsplan!$AN$6:$AN$323,0)),"")
B99: =IFERROR(INDEX(Wartungsplan!$A$6:$A$323,MATCH(LARGE(Wartungsplan!$AN$6:$AN$323,3),Wartungsplan!$AN$6:$AN$323,0)),"") | C99: =IFERROR(INDEX(Wartungsplan!$B$6:$B$323,MATCH(LARGE(Wartungsplan!$AN$6:$AN$323,3),Wartungsplan!$AN$6:$AN$323,0)),"") | H99: =IFERROR(INDEX(Wartungsplan!$AG$6:$AG$323,MATCH(LARGE(Wartungsplan!$AN$6:$AN$323,3),Wartungsplan!$AN$6:$AN$323,0)),"") | J99: =IFERROR(INDEX(Wartungsplan!$AA$6:$AA$323,MATCH(LARGE(Wartungsplan!$AN$6:$AN$323,3),Wartungsplan!$AN$6:$AN$323,0)),"") | K99: =IFERROR(INDEX(Wartungsplan!$AB$6:$AB$323,MATCH(LARGE(Wartungsplan!$AN$6:$AN$323,3),Wartungsplan!$AN$6:$AN$323,0)),"") | L99: =IFERROR(INDEX(Wartungsplan!$H$6:$H$323,MATCH(LARGE(Wartungsplan!$AN$6:$AN$323,3),Wartungsplan!$AN$6:$AN$323,0)),"")
B100: =IFERROR(INDEX(Wartungsplan!$A$6:$A$323,MATCH(LARGE(Wartungsplan!$AN$6:$AN$323,4),Wartungsplan!$AN$6:$AN$323,0)),"") | C100: =IFERROR(INDEX(Wartungsplan!$B$6:$B$323,MATCH(LARGE(Wartungsplan!$AN$6:$AN$323,4),Wartungsplan!$AN$6:$AN$323,0)),"") | H100: =IFERROR(INDEX(Wartungsplan!$AG$6:$AG$323,MATCH(LARGE(Wartungsplan!$AN$6:$AN$323,4),Wartungsplan!$AN$6:$AN$323,0)),"") | J100: =IFERROR(INDEX(Wartungsplan!$AA$6:$AA$323,MATCH(LARGE(Wartungsplan!$AN$6:$AN$323,4),Wartungsplan!$AN$6:$AN$323,0)),"") | K100: =IFERROR(INDEX(Wartungsplan!$AB$6:$AB$323,MATCH(LARGE(Wartungsplan!$AN$6:$AN$323,4),Wartungsplan!$AN$6:$AN$323,0)),"") | L100: =IFERROR(INDEX(Wartungsplan!$H$6:$H$323,MATCH(LARGE(Wartungsplan!$AN$6:$AN$323,4),Wartungsplan!$AN$6:$AN$323,0)),"")
B101: =IFERROR(INDEX(Wartungsplan!$A$6:$A$323,MATCH(LARGE(Wartungsplan!$AN$6:$AN$323,5),Wartungsplan!$AN$6:$AN$323,0)),"") | C101: =IFERROR(INDEX(Wartungsplan!$B$6:$B$323,MATCH(LARGE(Wartungsplan!$AN$6:$AN$323,5),Wartungsplan!$AN$6:$AN$323,0)),"") | H101: =IFERROR(INDEX(Wartungsplan!$AG$6:$AG$323,MATCH(LARGE(Wartungsplan!$AN$6:$AN$323,5),Wartungsplan!$AN$6:$AN$323,0)),"") | J101: =IFERROR(INDEX(Wartungsplan!$AA$6:$AA$323,MATCH(LARGE(Wartungsplan!$AN$6:$AN$323,5),Wartungsplan!$AN$6:$AN$323,0)),"") | K101: =IFERROR(INDEX(Wartungsplan!$AB$6:$AB$323,MATCH(LARGE(Wartungsplan!$AN$6:$AN$323,5),Wartungsplan!$AN$6:$AN$323,0)),"") | L101: =IFERROR(INDEX(Wartungsplan!$H$6:$H$323,MATCH(LARGE(Wartungsplan!$AN$6:$AN$323,5),Wartungsplan!$AN$6:$AN$323,0)),"")
B102: =IFERROR(INDEX(Wartungsplan!$A$6:$A$323,MATCH(LARGE(Wartungsplan!$AN$6:$AN$323,6),Wartungsplan!$AN$6:$AN$323,0)),"") | C102: =IFERROR(INDEX(Wartungsplan!$B$6:$B$323,MATCH(LARGE(Wartungsplan!$AN$6:$AN$323,6),Wartungsplan!$AN$6:$AN$323,0)),"") | H102: =IFERROR(INDEX(Wartungsplan!$AG$6:$AG$323,MATCH(LARGE(Wartungsplan!$AN$6:$AN$323,6),Wartungsplan!$AN$6:$AN$323,0)),"") | J102: =IFERROR(INDEX(Wartungsplan!$AA$6:$AA$323,MATCH(LARGE(Wartungsplan!$AN$6:$AN$323,6),Wartungsplan!$AN$6:$AN$323,0)),"") | K102: =IFERROR(INDEX(Wartungsplan!$AB$6:$AB$323,MATCH(LARGE(Wartungsplan!$AN$6:$AN$323,6),Wartungsplan!$AN$6:$AN$323,0)),"") | L102: =IFERROR(INDEX(Wartungsplan!$H$6:$H$323,MATCH(LARGE(Wartungsplan!$AN$6:$AN$323,6),Wartungsplan!$AN$6:$AN$323,0)),"")
B103: =IFERROR(INDEX(Wartungsplan!$A$6:$A$323,MATCH(LARGE(Wartungsplan!$AN$6:$AN$323,7),Wartungsplan!$AN$6:$AN$323,0)),"") | C103: =IFERROR(INDEX(Wartungsplan!$B$6:$B$323,MATCH(LARGE(Wartungsplan!$AN$6:$AN$323,7),Wartungsplan!$AN$6:$AN$323,0)),"") | H103: =IFERROR(INDEX(Wartungsplan!$AG$6:$AG$323,MATCH(LARGE(Wartungsplan!$AN$6:$AN$323,7),Wartungsplan!$AN$6:$AN$323,0)),"") | J103: =IFERROR(INDEX(Wartungsplan!$AA$6:$AA$323,MATCH(LARGE(Wartungsplan!$AN$6:$AN$323,7),Wartungsplan!$AN$6:$AN$323,0)),"") | K103: =IFERROR(INDEX(Wartungsplan!$AB$6:$AB$323,MATCH(LARGE(Wartungsplan!$AN$6:$AN$323,7),Wartungsplan!$AN$6:$AN$323,0)),"") | L103: =IFERROR(INDEX(Wartungsplan!$H$6:$H$323,MATCH(LARGE(Wartungsplan!$AN$6:$AN$323,7),Wartungsplan!$AN$6:$AN$323,0)),"")
B104: =IFERROR(INDEX(Wartungsplan!$A$6:$A$323,MATCH(LARGE(Wartungsplan!$AN$6:$AN$323,8),Wartungsplan!$AN$6:$AN$323,0)),"") | C104: =IFERROR(INDEX(Wartungsplan!$B$6:$B$323,MATCH(LARGE(Wartungsplan!$AN$6:$AN$323,8),Wartungsplan!$AN$6:$AN$323,0)),"") | H104: =IFERROR(INDEX(Wartungsplan!$AG$6:$AG$323,MATCH(LARGE(Wartungsplan!$AN$6:$AN$323,8),Wartungsplan!$AN$6:$AN$323,0)),"") | J104: =IFERROR(INDEX(Wartungsplan!$AA$6:$AA$323,MATCH(LARGE(Wartungsplan!$AN$6:$AN$323,8),Wartungsplan!$AN$6:$AN$323,0)),"") | K104: =IFERROR(INDEX(Wartungsplan!$AB$6:$AB$323,MATCH(LARGE(Wartungsplan!$AN$6:$AN$323,8),Wartungsplan!$AN$6:$AN$323,0)),"") | L104: =IFERROR(INDEX(Wartungsplan!$H$6:$H$323,MATCH(LARGE(Wartungsplan!$AN$6:$AN$323,8),Wartungsplan!$AN$6:$AN$323,0)),"")
B105: =IFERROR(INDEX(Wartungsplan!$A$6:$A$323,MATCH(LARGE(Wartungsplan!$AN$6:$AN$323,9),Wartungsplan!$AN$6:$AN$323,0)),"") | C105: =IFERROR(INDEX(Wartungsplan!$B$6:$B$323,MATCH(LARGE(Wartungsplan!$AN$6:$AN$323,9),Wartungsplan!$AN$6:$AN$323,0)),"") | H105: =IFERROR(INDEX(Wartungsplan!$AG$6:$AG$323,MATCH(LARGE(Wartungsplan!$AN$6:$AN$323,9),Wartungsplan!$AN$6:$AN$323,0)),"") | J105: =IFERROR(INDEX(Wartungsplan!$AA$6:$AA$323,MATCH(LARGE(Wartungsplan!$AN$6:$AN$323,9),Wartungsplan!$AN$6:$AN$323,0)),"") | K105: =IFERROR(INDEX(Wartungsplan!$AB$6:$AB$323,MATCH(LARGE(Wartungsplan!$AN$6:$AN$323,9),Wartungsplan!$AN$6:$AN$323,0)),"") | L105: =IFERROR(INDEX(Wartungsplan!$H$6:$H$323,MATCH(LARGE(Wartungsplan!$AN$6:$AN$323,9),Wartungsplan!$AN$6:$AN$323,0)),"")
B106: =IFERROR(INDEX(Wartungsplan!$A$6:$A$323,MATCH(LARGE(Wartungsplan!$AN$6:$AN$323,10),Wartungsplan!$AN$6:$AN$323,0)),"") | C106: =IFERROR(INDEX(Wartungsplan!$B$6:$B$323,MATCH(LARGE(Wartungsplan!$AN$6:$AN$323,10),Wartungsplan!$AN$6:$AN$323,0)),"") | H106: =IFERROR(INDEX(Wartungsplan!$AG$6:$AG$323,MATCH(LARGE(Wartungsplan!$AN$6:$AN$323,10),Wartungsplan!$AN$6:$AN$323,0)),"") | J106: =IFERROR(INDEX(Wartungsplan!$AA$6:$AA$323,MATCH(LARGE(Wartungsplan!$AN$6:$AN$323,10),Wartungsplan!$AN$6:$AN$323,0)),"") | K106: =IFERROR(INDEX(Wartungsplan!$AB$6:$AB$323,MATCH(LARGE(Wartungsplan!$AN$6:$AN$323,10),Wartungsplan!$AN$6:$AN$323,0)),"") | L106: =IFERROR(INDEX(Wartungsplan!$H$6:$H$323,MATCH(LARGE(Wartungsplan!$AN$6:$AN$323,10),Wartungsplan!$AN$6:$AN$323,0)),"")
B109: Risikomatrix A × E (Anzahl Maßnahmen) | I109: Kriterienprofil
B110: A ↓ / E → | C110: 1 | D110: 2 | E110: 3 | F110: 4 | G110: 5 | I110: Kriterium | K110: Ø | L110: Anzahl ≥ 4
B111: A = 5 | C111: =COUNTIFS(Wartungsplan!$W$6:$W$323,5,Wartungsplan!$X$6:$X$323,1) | D111: =COUNTIFS(Wartungsplan!$W$6:$W$323,5,Wartungsplan!$X$6:$X$323,2) | E111: =COUNTIFS(Wartungsplan!$W$6:$W$323,5,Wartungsplan!$X$6:$X$323,3) | F111: =COUNTIFS(Wartungsplan!$W$6:$W$323,5,Wartungsplan!$X$6:$X$323,4) | G111: =COUNTIFS(Wartungsplan!$W$6:$W$323,5,Wartungsplan!$X$6:$X$323,5) | I111: F Funktion | K111: =IFERROR(AVERAGE(Wartungsplan!$Q$6:$Q$323),0) | L111: =COUNTIF(Wartungsplan!$Q$6:$Q$323,">=4")
B112: A = 4 | C112: =COUNTIFS(Wartungsplan!$W$6:$W$323,4,Wartungsplan!$X$6:$X$323,1) | D112: =COUNTIFS(Wartungsplan!$W$6:$W$323,4,Wartungsplan!$X$6:$X$323,2) | E112: =COUNTIFS(Wartungsplan!$W$6:$W$323,4,Wartungsplan!$X$6:$X$323,3) | F112: =COUNTIFS(Wartungsplan!$W$6:$W$323,4,Wartungsplan!$X$6:$X$323,4) | G112: =COUNTIFS(Wartungsplan!$W$6:$W$323,4,Wartungsplan!$X$6:$X$323,5) | I112: IH Instandsetzung | K112: =IFERROR(AVERAGE(Wartungsplan!$R$6:$R$323),0) | L112: =COUNTIF(Wartungsplan!$R$6:$R$323,">=4")
B113: A = 3 | C113: =COUNTIFS(Wartungsplan!$W$6:$W$323,3,Wartungsplan!$X$6:$X$323,1) | D113: =COUNTIFS(Wartungsplan!$W$6:$W$323,3,Wartungsplan!$X$6:$X$323,2) | E113: =COUNTIFS(Wartungsplan!$W$6:$W$323,3,Wartungsplan!$X$6:$X$323,3) | F113: =COUNTIFS(Wartungsplan!$W$6:$W$323,3,Wartungsplan!$X$6:$X$323,4) | G113: =COUNTIFS(Wartungsplan!$W$6:$W$323,3,Wartungsplan!$X$6:$X$323,5) | I113: Q Qualität | K113: =IFERROR(AVERAGE(Wartungsplan!$S$6:$S$323),0) | L113: =COUNTIF(Wartungsplan!$S$6:$S$323,">=4")
B114: A = 2 | C114: =COUNTIFS(Wartungsplan!$W$6:$W$323,2,Wartungsplan!$X$6:$X$323,1) | D114: =COUNTIFS(Wartungsplan!$W$6:$W$323,2,Wartungsplan!$X$6:$X$323,2) | E114: =COUNTIFS(Wartungsplan!$W$6:$W$323,2,Wartungsplan!$X$6:$X$323,3) | F114: =COUNTIFS(Wartungsplan!$W$6:$W$323,2,Wartungsplan!$X$6:$X$323,4) | G114: =COUNTIFS(Wartungsplan!$W$6:$W$323,2,Wartungsplan!$X$6:$X$323,5) | I114: AS Arbeitssicherheit | K114: =IFERROR(AVERAGE(Wartungsplan!$T$6:$T$323),0) | L114: =COUNTIF(Wartungsplan!$T$6:$T$323,">=4")
B115: A = 1 | C115: =COUNTIFS(Wartungsplan!$W$6:$W$323,1,Wartungsplan!$X$6:$X$323,1) | D115: =COUNTIFS(Wartungsplan!$W$6:$W$323,1,Wartungsplan!$X$6:$X$323,2) | E115: =COUNTIFS(Wartungsplan!$W$6:$W$323,1,Wartungsplan!$X$6:$X$323,3) | F115: =COUNTIFS(Wartungsplan!$W$6:$W$323,1,Wartungsplan!$X$6:$X$323,4) | G115: =COUNTIFS(Wartungsplan!$W$6:$W$323,1,Wartungsplan!$X$6:$X$323,5) | I115: US Umwelt | K115: =IFERROR(AVERAGE(Wartungsplan!$U$6:$U$323),0) | L115: =COUNTIF(Wartungsplan!$U$6:$U$323,">=4")
B116: Oben rechts = häufiger Ausfall und späte Entdeckung → Kandidaten für Zustandsüberwachung. | I116: S Schadenshöhe | K116: =IFERROR(AVERAGE(Wartungsplan!$V$6:$V$323),0) | L116: =COUNTIF(Wartungsplan!$V$6:$V$323,">=4")
...

Sheet Wartungsplan
A1: Wartungsplan – große Wartung
A2: ="Maschine: "&M_Name&" · Equipment-Nr.: "&IF(M_Equipment="","(auf Blatt Start eintragen)",M_Equipment)&" · Stichtag: "&TEXT(TODAY(),"DD.MM.YYYY")
A3: Gelb = Eingabe. Intervall: aus Liste wählen oder frei eintippen (z. B. „2 Jahre“). Nach Durchführung Datum eintragen → Termin und Ampel rechnen sich selbst. Risikobewertung: [+] über Spalte Q aufklappen.
A4: Maßnahme | G4: Intervall & Termine | M4: Durchführung & Nachweis | Q4: Risikobewertung & Planung (aufklappbar) | AG4: Hilfsspalten (ausgeblendet) | AP4: Vorversion (aufklappbar)
A5: Nr. | B5: Maßnahme | C5: Art | D5: Hilfsmittel & Hinweise | E5: Sollzustand / Prüfkriterium | F5: Bild | G5: Empfehlung (RPZ) | H5: Intervall | I5: Zuletzt durchgeführt | J5: Nächster Termin | K5: Tage | L5: Status | M5: Ausführung durch | N5: Durchgeführt von | O5: Befund | P5: Bemerkung / Begründung | Q5: F | R5: IH | S5: Q | T5: AS | U5: US | V5: S | W5: A | X5: E | Y5: SF | Z5: B | AA5: RPZ | AB5: Risikoklasse | AC5: Relevanz AS/Q/US | AD5: Instandsetzung bei Ausfall | AE5: Plan-Zeit [min] | AF5: Bewertung übernommen von | AG5: Baugruppe | AH5: Zeilentyp | AI5: Int. Anzahl | AJ5: Int. Einheit | AK5: Int. Tage | AL5: Durchf. pro Jahr | AM5: Aufwand [h/Jahr] | AN5: Rang RPZ | AO5: Rang Termin | AP5: Nr. Vorversion | AQ5: Originaltext Vorversion
A6: 1 | B6: Not-Aus | AG6: Not-Aus | AH6: Baugruppe | AP6: 1 | AQ6: Not-Aus
A7: 1.1 | B7: Funktion prüfen (Rasterung, Schaltwirkung) | C7: Funktionsprüfung | D7: ⚠ Gefahrenstelle | E7: Not-Aus sowie sicherheitsrelevante Einrichtungen werden täglich vor Arbeitsbeginn geprüft (Sichtkontrolle). | G7: =IF(AB7="unvollständig","Bewertung fehlt",INDEX(Kl_Intervall,MATCH(AB7,Kl_Name,0))) | H7: =IF(G7="Bewertung fehlt","",G7) | J7: =IF(OR(I7="",NOT(ISNUMBER(AK7))),"",IF(AJ7="Tage",I7+AI7,IF(AJ7="Wochen",I7+7*AI7,EDATE(I7,ROUND(AI7*IF(AJ7="Jahre",12,1),0))))) | K7: =IF(J7="","",J7-TODAY()) | L7: =IF(H7="","Intervall fehlt",IF(NOT(ISNUMBER(AK7)),"Intervall prüfen",IF(I7="","nicht erfasst",IF(K7<0,"überfällig",IF(K7<=MIN(P_Vorwarn,ROUND(AK7/4,0)),"fällig","in Ordnung"))))) | Q7: 3 | R7: 3 | S7: 1 | T7: 5 | U7: 1 | V7: 2 | W7: 2 | X7: 1 | Y7: =P_SF | Z7: =IF(COUNT(Q7:V7)=6,SQRT(SUMSQ(Q7:V7))/2,"") | AA7: =IF(COUNT(W7:Z7)=4,Z7*W7*X7*Y7,"") | AB7: =IF(AA7="","unvollständig",IF(AA7>P_Grenze_kritisch,"kritisch",IF(AA7>=P_Grenze_hoch,"hoch",IF(AA7>=P_Grenze_mittel,"mittel","gering")))) | AC7: =TRIM(IF(N(T7)>=P_Krit,"AS ","")&IF(N(S7)>=P_Krit,"Q ","")&IF(N(U7)>=P_Krit,"US","")) | AD7: =IF(ISNUMBER(R7),INDEX(IH_Text,R7),"") | AG7: Not-Aus | AH7: Maßnahme | AI7: =IF(H7="","",IFERROR(INDEX(Iv_Anzahl,MATCH(H7,Iv_Name,0)),IFERROR(VALUE(LEFT(TRIM(SUBSTITUTE(LOWER(H7),"alle ","")),FIND(" ",TRIM(SUBSTITUTE(LOWER(H7),"alle ",""))&" ")-1)),""))) | AJ7: =IF(H7="","",IFERROR(INDEX(Iv_Einheit,MATCH(H7,Iv_Name,0)),IF(ISNUMBER(SEARCH("jahr",H7)),"Jahre",IF(ISNUMBER(SEARCH("monat",H7)),"Monate",IF(ISNUMBER(SEARCH("woche",H7)),"Wochen",IF(ISNUMBER(SEARCH("tag",H7)),"Tage","")))))) | AK7: =IF(AND(ISNUMBER(AI7),AJ7<>""),IF(AI7>0,AI7*IF(AJ7="Tage",1,IF(AJ7="Wochen",7,IF(AJ7="Monate",365/12,365))),""),"") | AL7: =IF(ISNUMBER(AK7),365/AK7,"") | AM7: =IF(AND(ISNUMBER(AL7),ISNUMBER(AE7)),AL7*AE7/60,"") | AN7: =IF(ISNUMBER(AA7),AA7-ROW()/100000,"") | AO7: =IF(OR(L7="überfällig",L7="fällig"),J7+ROW()/100000,"") | AP7: 1.1 | AQ7: Prüfe die Funktion (Rasterung, Schaltwirkung)
A8: 2 | B8: Bedienpult (Pos. 1) | AG8: Bedienpult | AH8: Baugruppe | AP8: 2 | AQ8: 1.) Bedienpult
A9: 2.1 | B9: Funktion aller Bedienelemente prüfen | C9: Funktionsprüfung | E9: Alle Bedienelemente schalten einwandfrei; keine Beschädigung | G9: =IF(AB9="unvollständig","Bewertung fehlt",INDEX(Kl_Intervall,MATCH(AB9,Kl_Name,0))) | H9: =IF(G9="Bewertung fehlt","",G9) | J9: =IF(OR(I9="",NOT(ISNUMBER(AK9))),"",IF(AJ9="Tage",I9+AI9,IF(AJ9="Wochen",I9+7*AI9,EDATE(I9,ROUND(AI9*IF(AJ9="Jahre",12,1),0))))) | K9: =IF(J9="","",J9-TODAY()) | L9: =IF(H9="","Intervall fehlt",IF(NOT(ISNUMBER(AK9)),"Intervall prüfen",IF(I9="","nicht erfasst",IF(K9<0,"überfällig",IF(K9<=MIN(P_Vorwarn,ROUND(AK9/4,0)),"fällig","in Ordnung"))))) | Q9: 3 | R9: 2 | S9: 1 | T9: 3 | U9: 1 | V9: 3 | W9: 2 | X9: 1 | Y9: =P_SF | Z9: =IF(COUNT(Q9:V9)=6,SQRT(SUMSQ(Q9:V9))/2,"") | AA9: =IF(COUNT(W9:Z9)=4,Z9*W9*X9*Y9,"") | AB9: =IF(AA9="","unvollständig",IF(AA9>P_Grenze_kritisch,"kritisch",IF(AA9>=P_Grenze_hoch,"hoch",IF(AA9>=P_Grenze_mittel,"mittel","gering")))) | AC9: =TRIM(IF(N(T9)>=P_Krit,"AS ","")&IF(N(S9)>=P_Krit,"Q ","")&IF(N(U9)>=P_Krit,"US","")) | AD9: =IF(ISNUMBER(R9),INDEX(IH_Text,R9),"") | AG9: Bedienpult | AH9: Maßnahme | AI9: =IF(H9="","",IFERROR(INDEX(Iv_Anzahl,MATCH(H9,Iv_Name,0)),IFERROR(VALUE(LEFT(TRIM(SUBSTITUTE(LOWER(H9),"alle ","")),FIND(" ",TRIM(SUBSTITUTE(LOWER(H9),"alle ",""))&" ")-1)),""))) | AJ9: =IF(H9="","",IFERROR(INDEX(Iv_Einheit,MATCH(H9,Iv_Name,0)),IF(ISNUMBER(SEARCH("jahr",H9)),"Jahre",IF(ISNUMBER(SEARCH("monat",H9)),"Monate",IF(ISNUMBER(SEARCH("woche",H9)),"Wochen",IF(ISNUMBER(SEARCH("tag",H9)),"Tage","")))))) | AK9: =IF(AND(ISNUMBER(AI9),AJ9<>""),IF(AI9>0,AI9*IF(AJ9="Tage",1,IF(AJ9="Wochen",7,IF(AJ9="Monate",365/12,365))),""),"") | AL9: =IF(ISNUMBER(AK9),365/AK9,"") | AM9: =IF(AND(ISNUMBER(AL9),ISNUMBER(AE9)),AL9*AE9/60,"") | AN9: =IF(ISNUMBER(AA9),AA9-ROW()/100000,"") | AO9: =IF(OR(L9="überfällig",L9="fällig"),J9+ROW()/100000,"") | AP9: 2.1 | AQ9: Prüfe die Funktion aller Bedienelemente
A10: 2.2 | B10: Bedienpult reinigen | C10: Reinigung | E10: Bedienpult sauber; Anzeigen und Beschriftungen lesbar | G10: =IF(AB10="unvollständig","Bewertung fehlt",INDEX(Kl_Intervall,MATCH(AB10,Kl_Name,0))) | H10: =IF(G10="Bewertung fehlt","",G10) | J10: =IF(OR(I10="",NOT(ISNUMBER(AK10))),"",IF(AJ10="Tage",I10+AI10,IF(AJ10="Wochen",I10+7*AI10,EDATE(I10,ROUND(AI10*IF(AJ10="Jahre",12,1),0))))) | K10: =IF(J10="","",J10-TODAY()) | L10: =IF(H10="","Intervall fehlt",IF(NOT(ISNUMBER(AK10)),"Intervall prüfen",IF(I10="","nicht erfasst",IF(K10<0,"überfällig",IF(K10<=MIN(P_Vorwarn,ROUND(AK10/4,0)),"fällig","in Ordnung"))))) | Q10: 1 | R10: 2 | S10: 1 | T10: 2 | U10: 1 | V10: 2 | W10: 2 | X10: 1 | Y10: =P_SF | Z10: =IF(COUNT(Q10:V10)=6,SQRT(SUMSQ(Q10:V10))/2,"") | AA10: =IF(COUNT(W10:Z10)=4,Z10*W10*X10*Y10,"") | AB10: =IF(AA10="","unvollständig",IF(AA10>P_Grenze_kritisch,"kritisch",IF(AA10>=P_Grenze_hoch,"hoch",IF(AA10>=P_Grenze_mittel,"mittel","gering")))) | AC10: =TRIM(IF(N(T10)>=P_Krit,"AS ","")&IF(N(S10)>=P_Krit,"Q ","")&IF(N(U10)>=P_Krit,"US","")) | AD10: =IF(ISNUMBER(R10),INDEX(IH_Text,R10),"") | AG10: Bedienpult | AH10: Maßnahme | AI10: =IF(H10="","",IFERROR(INDEX(Iv_Anzahl,MATCH(H10,Iv_Name,0)),IFERROR(VALUE(LEFT(TRIM(SUBSTITUTE(LOWER(H10),"alle ","")),FIND(" ",TRIM(SUBSTITUTE(LOWER(H10),"alle ",""))&" ")-1)),""))) | AJ10: =IF(H10="","",IFERROR(INDEX(Iv_Einheit,MATCH(H10,Iv_Name,0)),IF(ISNUMBER(SEARCH("jahr",H10)),"Jahre",IF(ISNUMBER(SEARCH("monat",H10)),"Monate",IF(ISNUMBER(SEARCH("woche",H10)),"Wochen",IF(ISNUMBER(SEARCH("tag",H10)),"Tage","")))))) | AK10: =IF(AND(ISNUMBER(AI10),AJ10<>""),IF(AI10>0,AI10*IF(AJ10="Tage",1,IF(AJ10="Wochen",7,IF(AJ10="Monate",365/12,365))),""),"") | AL10: =IF(ISNUMBER(AK10),365/AK10,"") | AM10: =IF(AND(ISNUMBER(AL10),ISNUMBER(AE10)),AL10*AE10/60,"") | AN10: =IF(ISNUMBER(AA10),AA10-ROW()/100000,"") | AO10: =IF(OR(L10="überfällig",L10="fällig"),J10+ROW()/100000,"") | AP10: 2.2 | AQ10: Bedienpult reinigen
A11: 2.3 | B11: 24-V-Glühbirnen (Meldeleuchten) prüfen, ggf. austauschen | C11: Inspektion | E11: Alle Meldeleuchten funktionsfähig | G11: =IF(AB11="unvollständig","Bewertung fehlt",INDEX(Kl_Intervall,MATCH(AB11,Kl_Name,0))) | H11: =IF(G11="Bewertung fehlt","",G11) | J11: =IF(OR(I11="",NOT(ISNUMBER(AK11))),"",IF(AJ11="Tage",I11+AI11,IF(AJ11="Wochen",I11+7*AI11,EDATE(I11,ROUND(AI11*IF(AJ11="Jahre",12,1),0))))) | K11: =IF(J11="","",J11-TODAY()) | L11: =IF(H11="","Intervall fehlt",IF(NOT(ISNUMBER(AK11)),"Intervall prüfen",IF(I11="","nicht erfasst",IF(K11<0,"überfällig",IF(K11<=MIN(P_Vorwarn,ROUND(AK11/4,0)),"fällig","in Ordnung"))))) | Q11: 3 | R11: 2 | S11: 1 | T11: 3 | U11: 1 | V11: 3 | W11: 2 | X11: 1 | Y11: =P_SF | Z11: =IF(COUNT(Q11:V11)=6,SQRT(SUMSQ(Q11:V11))/2,"") | AA11: =IF(COUNT(W11:Z11)=4,Z11*W11*X11*Y11,"") | AB11: =IF(AA11="","unvollständig",IF(AA11>P_Grenze_kritisch,"kritisch",IF(AA11>=P_Grenze_hoch,"hoch",IF(AA11>=P_Grenze_mittel,"mittel","gering")))) | AC11: =TRIM(IF(N(T11)>=P_Krit,"AS ","")&IF(N(S11)>=P_Krit,"Q ","")&IF(N(U11)>=P_Krit,"US","")) | AD11: =IF(ISNUMBER(R11),INDEX(IH_Text,R11),"") | AG11: Bedienpult | AH11: Maßnahme | AI11: =IF(H11="","",IFERROR(INDEX(Iv_Anzahl,MATCH(H11,Iv_Name,0)),IFERROR(VALUE(LEFT(TRIM(SUBSTITUTE(LOWER(H11),"alle ","")),FIND(" ",TRIM(SUBSTITUTE(LOWER(H11),"alle ",""))&" ")-1)),""))) | AJ11: =IF(H11="","",IFERROR(INDEX(Iv_Einheit,MATCH(H11,Iv_Name,0)),IF(ISNUMBER(SEARCH("jahr",H11)),"Jahre",IF(ISNUMBER(SEARCH("monat",H11)),"Monate",IF(ISNUMBER(SEARCH("woche",H11)),"Wochen",IF(ISNUMBER(SEARCH("tag",H11)),"Tage","")))))) | AK11: =IF(AND(ISNUMBER(AI11),AJ11<>""),IF(AI11>0,AI11*IF(AJ11="Tage",1,IF(AJ11="Wochen",7,IF(AJ11="Monate",365/12,365))),""),"") | AL11: =IF(ISNUMBER(AK11),365/AK11,"") | AM11: =IF(AND(ISNUMBER(AL11),ISNUMBER(AE11)),AL11*AE11/60,"") | AN11: =IF(ISNUMBER(AA11),AA11-ROW()/100000,"") | AO11: =IF(OR(L11="überfällig",L11="fällig"),J11+ROW()/100000,"") | AP11: 2.3 | AQ11: Prüfe 24V Glühbirnen; ggf. austauschen
A12: 3 | B12: Staucheinheit (Stauchdorn, Stauchspindel, Elemente für Abdichthub von rechts); Pos. 29 Stauchspindel (Kugelgewindespindel) (Pos. 2 / 29) | AG12: Staucheinheit (Stauchdorn, Stauchspindel, Elemente für Abdichthub von rechts); Pos. 29 Stauchspindel (Kugelgewindespindel) | AH12: Baugruppe | AP12: 3 | AQ12: 2.) Staucheinheit (bestehend aus Stauchdorn, Stauchspindel und Elementen für Abdichthub von rechts) Pos. 29 Stauchspindel (Kugelgewindespindel)
A13: 3.1 | B13: Stauchspindel nach folgenden Kriterien inspizieren: | AG13: Staucheinheit (Stauchdorn, Stauchspindel, Elemente für Abdichthub von rechts); Pos. 29 Stauchspindel (Kugelgewindespindel) | AH13: Prüfgruppe | AP13: 3.1 | AQ13: Inspiziere Stauchspindel nach folgenden Kriterien:
A14: 3.1.1 | B14: Stauchspindel auf Beschädigungen prüfen: Oberfläche (Riefen, Kratzer), Geräusche, Laufruhe | C14: Inspektion | E14: Keine Riefen/Kratzer; ruhiger, geräuscharmer Lauf | G14: =IF(AB14="unvollständig","Bewertung fehlt",INDEX(Kl_Intervall,MATCH(AB14,Kl_Name,0))) | H14: =IF(G14="Bewertung fehlt","",G14) | J14: =IF(OR(I14="",NOT(ISNUMBER(AK14))),"",IF(AJ14="Tage",I14+AI14,IF(AJ14="Wochen",I14+7*AI14,EDATE(I14,ROUND(AI14*IF(AJ14="Jahre",12,1),0))))) | K14: =IF(J14="","",J14-TODAY()) | L14: =IF(H14="","Intervall fehlt",IF(NOT(ISNUMBER(AK14)),"Intervall prüfen",IF(I14="","nicht erfasst",IF(K14<0,"überfällig",IF(K14<=MIN(P_Vorwarn,ROUND(AK14/4,0)),"fällig","in Ordnung"))))) | Q14: 4 | R14: 4 | S14: 4 | T14: 2 | U14: 1 | V14: 1 | W14: 2 | X14: 3 | Y14: =P_SF | Z14: =IF(COUNT(Q14:V14)=6,SQRT(SUMSQ(Q14:V14))/2,"") | AA14: =IF(COUNT(W14:Z14)=4,Z14*W14*X14*Y14,"") | AB14: =IF(AA14="","unvollständig",IF(AA14>P_Grenze_kritisch,"kritisch",IF(AA14>=P_Grenze_hoch,"hoch",IF(AA14>=P_Grenze_mittel,"mittel","gering")))) | AC14: =TRIM(IF(N(T14)>=P_Krit,"AS ","")&IF(N(S14)>=P_Krit,"Q ","")&IF(N(U14)>=P_Krit,"US","")) | AD14: =IF(ISNUMBER(R14),INDEX(IH_Text,R14),"") | AG14: Staucheinheit (Stauchdorn, Stauchspindel, Elemente für Abdichthub von rechts); Pos. 29 Stauchspindel (Kugelgewindespindel) | AH14: Maßnahme | AI14: =IF(H14="","",IFERROR(INDEX(Iv_Anzahl,MATCH(H14,Iv_Name,0)),IFERROR(VALUE(LEFT(TRIM(SUBSTITUTE(LOWER(H14),"alle ","")),FIND(" ",TRIM(SUBSTITUTE(LOWER(H14),"alle ",""))&" ")-1)),""))) | AJ14: =IF(H14="","",IFERROR(INDEX(Iv_Einheit,MATCH(H14,Iv_Name,0)),IF(ISNUMBER(SEARCH("jahr",H14)),"Jahre",IF(ISNUMBER(SEARCH("monat",H14)),"Monate",IF(ISNUMBER(SEARCH("woche",H14)),"Wochen",IF(ISNUMBER(SEARCH("tag",H14)),"Tage","")))))) | AK14: =IF(AND(ISNUMBER(AI14),AJ14<>""),IF(AI14>0,AI14*IF(AJ14="Tage",1,IF(AJ14="Wochen",7,IF(AJ14="Monate",365/12,365))),""),"") | AL14: =IF(ISNUMBER(AK14),365/AK14,"") | AM14: =IF(AND(ISNUMBER(AL14),ISNUMBER(AE14)),AL14*AE14/60,"") | AN14: =IF(ISNUMBER(AA14),AA14-ROW()/100000,"") | AO14: =IF(OR(L14="überfällig",L14="fällig"),J14+ROW()/100000,"") | AP14: 3.1.1 | AQ14: Stauchspindel auf Beschädigungen prüfen (Oberfläche (Riffen, Kratzer) d. Stauchspindel prüfen; Stauchspindel auf Geräusche, Laufruhe prüfen
A15: 3.1.2 | B15: Stauchspindel auf Verschmutzung prüfen, ggf. reinigen | C15: Inspektion | E15: Spindel sauber, frei von Ablagerungen | G15: =IF(AB15="unvollständig","Bewertung fehlt",INDEX(Kl_Intervall,MATCH(AB15,Kl_Name,0))) | H15: =IF(G15="Bewertung fehlt","",G15) | J15: =IF(OR(I15="",NOT(ISNUMBER(AK15))),"",IF(AJ15="Tage",I15+AI15,IF(AJ15="Wochen",I15+7*AI15,EDATE(I15,ROUND(AI15*IF(AJ15="Jahre",12,1),0))))) | K15: =IF(J15="","",J15-TODAY()) | L15: =IF(H15="","Intervall fehlt",IF(NOT(ISNUMBER(AK15)),"Intervall prüfen",IF(I15="","nicht erfasst",IF(K15<0,"überfällig",IF(K15<=MIN(P_Vorwarn,ROUND(AK15/4,0)),"fällig","in Ordnung"))))) | Q15: 4 | R15: 4 | S15: 4 | T15: 2 | U15: 1 | V15: 1 | W15: 2 | X15: 3 | Y15: =P_SF | Z15: =IF(COUNT(Q15:V15)=6,SQRT(SUMSQ(Q15:V15))/2,"") | AA15: =IF(COUNT(W15:Z15)=4,Z15*W15*X15*Y15,"") | AB15: =IF(AA15="","unvollständig",IF(AA15>P_Grenze_kritisch,"kritisch",IF(AA15>=P_Grenze_hoch,"hoch",IF(AA15>=P_Grenze_mittel,"mittel","gering")))) | AC15: =TRIM(IF(N(T15)>=P_Krit,"AS ","")&IF(N(S15)>=P_Krit,"Q ","")&IF(N(U15)>=P_Krit,"US","")) | AD15: =IF(ISNUMBER(R15),INDEX(IH_Text,R15),"") | AG15: Staucheinheit (Stauchdorn, Stauchspindel, Elemente für Abdichthub von rechts); Pos. 29 Stauchspindel (Kugelgewindespindel) | AH15: Maßnahme | AI15: =IF(H15="","",IFERROR(INDEX(Iv_Anzahl,MATCH(H15,Iv_Name,0)),IFERROR(VALUE(LEFT(TRIM(SUBSTITUTE(LOWER(H15),"alle ","")),FIND(" ",TRIM(SUBSTITUTE(LOWER(H15),"alle ",""))&" ")-1)),""))) | AJ15: =IF(H15="","",IFERROR(INDEX(Iv_Einheit,MATCH(H15,Iv_Name,0)),IF(ISNUMBER(SEARCH("jahr",H15)),"Jahre",IF(ISNUMBER(SEARCH("monat",H15)),"Monate",IF(ISNUMBER(SEARCH("woche",H15)),"Wochen",IF(ISNUMBER(SEARCH("tag",H15)),"Tage","")))))) | AK15: =IF(AND(ISNUMBER(AI15),AJ15<>""),IF(AI15>0,AI15*IF(AJ15="Tage",1,IF(AJ15="Wochen",7,IF(AJ15="Monate",365/12,365))),""),"") | AL15: =IF(ISNUMBER(AK15),365/AK15,"") | AM15: =IF(AND(ISNUMBER(AL15),ISNUMBER(AE15)),AL15*AE15/60,"") | AN15: =IF(ISNUMBER(AA15),AA15-ROW()/100000,"") | AO15: =IF(OR(L15="überfällig",L15="fällig"),J15+ROW()/100000,"") | AP15: 3.1.2 | AQ15: Stauchspindel auf Verschmutzung prüfen ggf. reinigen
A16: 3.1.3 | B16: Stauchspindel abschmieren (siehe Schmierplan) | C16: Schmierung | E16: Gleichmäßiger Schmierfilm vorhanden | G16: =IF(AB16="unvollständig","Bewertung fehlt",INDEX(Kl_Intervall,MATCH(AB16,Kl_Name,0))) | H16: =IF(G16="Bewertung fehlt","",G16) | J16: =IF(OR(I16="",NOT(ISNUMBER(AK16))),"",IF(AJ16="Tage",I16+AI16,IF(AJ16="Wochen",I16+7*AI16,EDATE(I16,ROUND(AI16*IF(AJ16="Jahre",12,1),0))))) | K16: =IF(J16="","",J16-TODAY()) | L16: =IF(H16="","Intervall fehlt",IF(NOT(ISNUMBER(AK16)),"Intervall prüfen",IF(I16="","nicht erfasst",IF(K16<0,"überfällig",IF(K16<=MIN(P_Vorwarn,ROUND(AK16/4,0)),"fällig","in Ordnung"))))) | Q16: 5 | R16: 5 | S16: 3 | T16: 3 | U16: 2 | V16: 3 | W16: 5 | X16: 4 | Y16: =P_SF | Z16: =IF(COUNT(Q16:V16)=6,SQRT(SUMSQ(Q16:V16))/2,"") | AA16: =IF(COUNT(W16:Z16)=4,Z16*W16*X16*Y16,"") | AB16: =IF(AA16="","unvollständig",IF(AA16>P_Grenze_kritisch,"kritisch",IF(AA16>=P_Grenze_hoch,"hoch",IF(AA16>=P_Grenze_mittel,"mittel","gering")))) | AC16: =TRIM(IF(N(T16)>=P_Krit,"AS ","")&IF(N(S16)>=P_Krit,"Q ","")&IF(N(U16)>=P_Krit,"US","")) | AD16: =IF(ISNUMBER(R16),INDEX(IH_Text,R16),"") | AG16: Staucheinheit (Stauchdorn, Stauchspindel, Elemente für Abdichthub von rechts); Pos. 29 Stauchspindel (Kugelgewindespindel) | AH16: Maßnahme | AI16: =IF(H16="","",IFERROR(INDEX(Iv_Anzahl,MATCH(H16,Iv_Name,0)),IFERROR(VALUE(LEFT(TRIM(SUBSTITUTE(LOWER(H16),"alle ","")),FIND(" ",TRIM(SUBSTITUTE(LOWER(H16),"alle ",""))&" ")-1)),""))) | AJ16: =IF(H16="","",IFERROR(INDEX(Iv_Einheit,MATCH(H16,Iv_Name,0)),IF(ISNUMBER(SEARCH("jahr",H16)),"Jahre",IF(ISNUMBER(SEARCH("monat",H16)),"Monate",IF(ISNUMBER(SEARCH("woche",H16)),"Wochen",IF(ISNUMBER(SEARCH("tag",H16)),"Tage","")))))) | AK16: =IF(AND(ISNUMBER(AI16),AJ16<>""),IF(AI16>0,AI16*IF(AJ16="Tage",1,IF(AJ16="Wochen",7,IF(AJ16="Monate",365/12,365))),""),"") | AL16: =IF(ISNUMBER(AK16),365/AK16,"") | AM16: =IF(AND(ISNUMBER(AL16),ISNUMBER(AE16)),AL16*AE16/60,"") | AN16: =IF(ISNUMBER(AA16),AA16-ROW()/100000,"") | AO16: =IF(OR(L16="überfällig",L16="fällig"),J16+ROW()/100000,"") | AP16: 3.1.3 | AQ16: Stauchspindel abschmieren (siehe Schmierplan)
A17: 3.1.4 | B17: Zustand der Stauchspindel auf Schmierfilm und Verschleiß prüfen; bei ausreichendem Schmierfilm ist keine Schmierung notwendig | C17: Inspektion | E17: Ausreichender Schmierfilm; kein sichtbarer Verschleiß | G17: =IF(AB17="unvollständig","Bewertung fehlt",INDEX(Kl_Intervall,MATCH(AB17,Kl_Name,0))) | H17: =IF(G17="Bewertung fehlt","",G17) | J17: =IF(OR(I17="",NOT(ISNUMBER(AK17))),"",IF(AJ17="Tage",I17+AI17,IF(AJ17="Wochen",I17+7*AI17,EDATE(I17,ROUND(AI17*IF(AJ17="Jahre",12,1),0))))) | K17: =IF(J17="","",J17-TODAY()) | L17: =IF(H17="","Intervall fehlt",IF(NOT(ISNUMBER(AK17)),"Intervall prüfen",IF(I17="","nicht erfasst",IF(K17<0,"überfällig",IF(K17<=MIN(P_Vorwarn,ROUND(AK17/4,0)),"fällig","in Ordnung"))))) | Q17: 5 | R17: 5 | S17: 3 | T17: 3 | U17: 2 | V17: 3 | W17: 5 | X17: 4 | Y17: =P_SF | Z17: =IF(COUNT(Q17:V17)=6,SQRT(SUMSQ(Q17:V17))/2,"") | AA17: =IF(COUNT(W17:Z17)=4,Z17*W17*X17*Y17,"") | AB17: =IF(AA17="","unvollständig",IF(AA17>P_Grenze_kritisch,"kritisch",IF(AA17>=P_Grenze_hoch,"hoch",IF(AA17>=P_Grenze_mittel,"mittel","gering")))) | AC17: =TRIM(IF(N(T17)>=P_Krit,"AS ","")&IF(N(S17)>=P_Krit,"Q ","")&IF(N(U17)>=P_Krit,"US","")) | AD17: =IF(ISNUMBER(R17),INDEX(IH_Text,R17),"") | AG17: Staucheinheit (Stauchdorn, Stauchspindel, Elemente für Abdichthub von rechts); Pos. 29 Stauchspindel (Kugelgewindespindel) | AH17: Maßnahme | AI17: =IF(H17="","",IFERROR(INDEX(Iv_Anzahl,MATCH(H17,Iv_Name,0)),IFERROR(VALUE(LEFT(TRIM(SUBSTITUTE(LOWER(H17),"alle ","")),FIND(" ",TRIM(SUBSTITUTE(LOWER(H17),"alle ",""))&" ")-1)),""))) | AJ17: =IF(H17="","",IFERROR(INDEX(Iv_Einheit,MATCH(H17,Iv_Name,0)),IF(ISNUMBER(SEARCH("jahr",H17)),"Jahre",IF(ISNUMBER(SEARCH("monat",H17)),"Monate",IF(ISNUMBER(SEARCH("woche",H17)),"Wochen",IF(ISNUMBER(SEARCH("tag",H17)),"Tage","")))))) | AK17: =IF(AND(ISNUMBER(AI17),AJ17<>""),IF(AI17>0,AI17*IF(AJ17="Tage",1,IF(AJ17="Wochen",7,IF(AJ17="Monate",365/12,365))),""),"") | AL17: =IF(ISNUMBER(AK17),365/AK17,"") | AM17: =IF(AND(ISNUMBER(AL17),ISNUMBER(AE17)),AL17*AE17/60,"") | AN17: =IF(ISNUMBER(AA17),AA17-ROW()/100000,"") | AO17: =IF(OR(L17="überfällig",L17="fällig"),J17+ROW()/100000,"") | AP17: 3.1.4 | AQ17: überprüfe den Zustand der Stauch-Spindel auf Schmierfilm und Verschleiß. Bei ausreichendem Schmierfilm; --> Schmierung nicht notwendig
A18: 3.1.5 | B18: Abdeckung abschrauben; Schmierung über Bohrung Pos. 33 in der Spindel. ACHTUNG: Spindel dazu unbedingt auf Maximalhub ausfahren. 6–10 Hübe je Schmiernippel; Spindel mit sauberem Pinsel abschmieren (Teflon-Fett) | C18: Schmierung | D18: ⚠ Gefahrenstelle Profi Spezial Grease (Profi Star) | E18: Spindel vollständig abgeschmiert; Abdeckung wieder montiert | G18: =IF(AB18="unvollständig","Bewertung fehlt",INDEX(Kl_Intervall,MATCH(AB18,Kl_Name,0))) | H18: =IF(G18="Bewertung fehlt","",G18) | J18: =IF(OR(I18="",NOT(ISNUMBER(AK18))),"",IF(AJ18="Tage",I18+AI18,IF(AJ18="Wochen",I18+7*AI18,EDATE(I18,ROUND(AI18*IF(AJ18="Jahre",12,1),0))))) | K18: =IF(J18="","",J18-TODAY()) | L18: =IF(H18="","Intervall fehlt",IF(NOT(ISNUMBER(AK18)),"Intervall prüfen",IF(I18="","nicht erfasst",IF(K18<0,"überfällig",IF(K18<=MIN(P_Vorwarn,ROUND(AK18/4,0)),"fällig","in Ordnung"))))) | Q18: 5 | R18: 5 | S18: 3 | T18: 3 | U18: 2 | V18: 3 | W18: 5 | X18: 4 | Y18: =P_SF | Z18: =IF(COUNT(Q18:V18)=6,SQRT(SUMSQ(Q18:V18))/2,"") | AA18: =IF(COUNT(W18:Z18)=4,Z18*W18*X18*Y18,"") | AB18: =IF(AA18="","unvollständig",IF(AA18>P_Grenze_kritisch,"kritisch",IF(AA18>=P_Grenze_hoch,"hoch",IF(AA18>=P_Grenze_mittel,"mittel","gering")))) | AC18: =TRIM(IF(N(T18)>=P_Krit,"AS ","")&IF(N(S18)>=P_Krit,"Q ","")&IF(N(U18)>=P_Krit,"US","")) | AD18: =IF(ISNUMBER(R18),INDEX(IH_Text,R18),"") | AG18: Staucheinheit (Stauchdorn, Stauchspindel, Elemente für Abdichthub von rechts); Pos. 29 Stauchspindel (Kugelgewindespindel) | AH18: Maßnahme | AI18: =IF(H18="","",IFERROR(INDEX(Iv_Anzahl,MATCH(H18,Iv_Name,0)),IFERROR(VALUE(LEFT(TRIM(SUBSTITUTE(LOWER(H18),"alle ","")),FIND(" ",TRIM(SUBSTITUTE(LOWER(H18),"alle ",""))&" ")-1)),""))) | AJ18: =IF(H18="","",IFERROR(INDEX(Iv_Einheit,MATCH(H18,Iv_Name,0)),IF(ISNUMBER(SEARCH("jahr",H18)),"Jahre",IF(ISNUMBER(SEARCH("monat",H18)),"Monate",IF(ISNUMBER(SEARCH("woche",H18)),"Wochen",IF(ISNUMBER(SEARCH("tag",H18)),"Tage","")))))) | AK18: =IF(AND(ISNUMBER(AI18),AJ18<>""),IF(AI18>0,AI18*IF(AJ18="Tage",1,IF(AJ18="Wochen",7,IF(AJ18="Monate",365/12,365))),""),"") | AL18: =IF(ISNUMBER(AK18),365/AK18,"") | AM18: =IF(AND(ISNUMBER(AL18),ISNUMBER(AE18)),AL18*AE18/60,"") | AN18: =IF(ISNUMBER(AA18),AA18-ROW()/100000,"") | AO18: =IF(OR(L18="überfällig",L18="fällig"),J18+ROW()/100000,"") | AP18: 3.1.5 | AQ18: Abdeckung abschrauben --> Schmierung erfolgt über Bohrung Pos. 33 in der Spindel Achtung: Spindel dazu unbedingt auf Maximalhub ausfahren --> Schmieren 6-10 Hübe/Schmiernippel + Spindel mit sauberen Pinsel abschmieren (Teflon-Fett)
A19: 3.1.6 | B19: Getriebe kontrollieren (Sichtkontrolle auf Öl-Leckage) | C19: Inspektion | E19: Keine Öl-Leckage | G19: =IF(AB19="unvollständig","Bewertung fehlt",INDEX(Kl_Intervall,MATCH(AB19,Kl_Name,0))) | H19: =IF(G19="Bewertung fehlt","",G19) | J19: =IF(OR(I19="",NOT(ISNUMBER(AK19))),"",IF(AJ19="Tage",I19+AI19,IF(AJ19="Wochen",I19+7*AI19,EDATE(I19,ROUND(AI19*IF(AJ19="Jahre",12,1),0))))) | K19: =IF(J19="","",J19-TODAY()) | L19: =IF(H19="","Intervall fehlt",IF(NOT(ISNUMBER(AK19)),"Intervall prüfen",IF(I19="","nicht erfasst",IF(K19<0,"überfällig",IF(K19<=MIN(P_Vorwarn,ROUND(AK19/4,0)),"fällig","in Ordnung"))))) | Q19: 4 | R19: 4 | S19: 4 | T19: 2 | U19: 1 | V19: 1 | W19: 2 | X19: 4 | Y19: =P_SF | Z19: =IF(COUNT(Q19:V19)=6,SQRT(SUMSQ(Q19:V19))/2,"") | AA19: =IF(COUNT(W19:Z19)=4,Z19*W19*X19*Y19,"") | AB19: =IF(AA19="","unvollständig",IF(AA19>P_Grenze_kritisch,"kritisch",IF(AA19>=P_Grenze_hoch,"hoch",IF(AA19>=P_Grenze_mittel,"mittel","gering")))) | AC19: =TRIM(IF(N(T19)>=P_Krit,"AS ","")&IF(N(S19)>=P_Krit,"Q ","")&IF(N(U19)>=P_Krit,"US","")) | AD19: =IF(ISNUMBER(R19),INDEX(IH_Text,R19),"") | AG19: Staucheinheit (Stauchdorn, Stauchspindel, Elemente für Abdichthub von rechts); Pos. 29 Stauchspindel (Kugelgewindespindel) | AH19: Maßnahme | AI19: =IF(H19="","",IFERROR(INDEX(Iv_Anzahl,MATCH(H19,Iv_Name,0)),IFERROR(VALUE(LEFT(TRIM(SUBSTITUTE(LOWER(H19),"alle ","")),FIND(" ",TRIM(SUBSTITUTE(LOWER(H19),"alle ",""))&" ")-1)),""))) | AJ19: =IF(H19="","",IFERROR(INDEX(Iv_Einheit,MATCH(H19,Iv_Name,0)),IF(ISNUMBER(SEARCH("jahr",H19)),"Jahre",IF(ISNUMBER(SEARCH("monat",H19)),"Monate",IF(ISNUMBER(SEARCH("woche",H19)),"Wochen",IF(ISNUMBER(SEARCH("tag",H19)),"Tage","")))))) | AK19: =IF(AND(ISNUMBER(AI19),AJ19<>""),IF(AI19>0,AI19*IF(AJ19="Tage",1,IF(AJ19="Wochen",7,IF(AJ19="Monate",365/12,365))),""),"") | AL19: =IF(ISNUMBER(AK19),365/AK19,"") | AM19: =IF(AND(ISNUMBER(AL19),ISNUMBER(AE19)),AL19*AE19/60,"") | AN19: =IF(ISNUMBER(AA19),AA19-ROW()/100000,"") | AO19: =IF(OR(L19="überfällig",L19="fällig"),J19+ROW()/100000,"") | AP19: 3.1.6 | AQ19: kontrolliere Getriebe (Sichtkontrolle auf Öl-Leckage )
A20: 3.1.7 | B20: Elektromotor kontrollieren (Funktion, Verschmutzung, Laufruhe, Kabel) | C20: Inspektion | E20: Motor sauber, ruhiger Lauf; Kabel unbeschädigt | G20: =IF(AB20="unvollständig","Bewertung fehlt",INDEX(Kl_Intervall,MATCH(AB20,Kl_Name,0))) | H20: =IF(G20="Bewertung fehlt","",G20) | J20: =IF(OR(I20="",NOT(ISNUMBER(AK20))),"",IF(AJ20="Tage",I20+AI20,IF(AJ20="Wochen",I20+7*AI20,EDATE(I20,ROUND(AI20*IF(AJ20="Jahre",12,1),0))))) | K20: =IF(J20="","",J20-TODAY()) | L20: =IF(H20="","Intervall fehlt",IF(NOT(ISNUMBER(AK20)),"Intervall prüfen",IF(I20="","nicht erfasst",IF(K20<0,"überfällig",IF(K20<=MIN(P_Vorwarn,ROUND(AK20/4,0)),"fällig","in Ordnung"))))) | Q20: 4 | R20: 4 | S20: 4 | T20: 2 | U20: 1 | V20: 1 | W20: 2 | X20: 4 | Y20: =P_SF | Z20: =IF(COUNT(Q20:V20)=6,SQRT(SUMSQ(Q20:V20))/2,"") | AA20: =IF(COUNT(W20:Z20)=4,Z20*W20*X20*Y20,"") | AB20: =IF(AA20="","unvollständig",IF(AA20>P_Grenze_kritisch,"kritisch",IF(AA20>=P_Grenze_hoch,"hoch",IF(AA20>=P_Grenze_mittel,"mittel","gering")))) | AC20: =TRIM(IF(N(T20)>=P_Krit,"AS ","")&IF(N(S20)>=P_Krit,"Q ","")&IF(N(U20)>=P_Krit,"US","")) | AD20: =IF(ISNUMBER(R20),INDEX(IH_Text,R20),"") | AG20: Staucheinheit (Stauchdorn, Stauchspindel, Elemente für Abdichthub von rechts); Pos. 29 Stauchspindel (Kugelgewindespindel) | AH20: Maßnahme | AI20: =IF(H20="","",IFERROR(INDEX(Iv_Anzahl,MATCH(H20,Iv_Name,0)),IFERROR(VALUE(LEFT(TRIM(SUBSTITUTE(LOWER(H20),"alle ","")),FIND(" ",TRIM(SUBSTITUTE(LOWER(H20),"alle ",""))&" ")-1)),""))) | AJ20: =IF(H20="","",IFERROR(INDEX(Iv_Einheit,MATCH(H20,Iv_Name,0)),IF(ISNUMBER(SEARCH("jahr",H20)),"Jahre",IF(ISNUMBER(SEARCH("monat",H20)),"Monate",IF(ISNUMBER(SEARCH("woche",H20)),"Wochen",IF(ISNUMBER(SEARCH("tag",H20)),"Tage","")))))) | AK20: =IF(AND(ISNUMBER(AI20),AJ20<>""),IF(AI20>0,AI20*IF(AJ20="Tage",1,IF(AJ20="Wochen",7,IF(AJ20="Monate",365/12,365))),""),"") | AL20: =IF(ISNUMBER(AK20),365/AK20,"") | AM20: =IF(AND(ISNUMBER(AL20),ISNUMBER(AE20)),AL20*AE20/60,"") | AN20: =IF(ISNUMBER(AA20),AA20-ROW()/100000,"") | AO20: =IF(OR(L20="überfällig",L20="fällig"),J20+ROW()/100000,"") | AP20: 3.1.7 | AQ20: Kontrolliere Elektromotor (Funktion/Verschmutzung/Laufruhe/Kabeln)
A21: 4 | B21: Oberer und unterer Werkzeugträger (Pos. 3 / 6) | AG21: Oberer und unterer Werkzeugträger | AH21: Baugruppe | AP21: 4 | AQ21: 3.) u. 6.) Oberer Werkzeugträger/Unterer Werkzeugträger
A22: 4.1 | B22: Alle Werkzeugträger nach folgenden Kriterien inspizieren: | AG22: Oberer und unterer Werkzeugträger | AH22: Prüfgruppe | AP22: 4.1 | AQ22: Inspiziere alle Werkzeugträger nach folgenden Kriterien:
A23: 4.1.1 | B23: Spindel auf Beschädigungen prüfen: Oberfläche (Riefen, Kratzer), Geräusche, Laufruhe | C23: Inspektion | E23: Keine Riefen/Kratzer; ruhiger, geräuscharmer Lauf | G23: =IF(AB23="unvollständig","Bewertung fehlt",INDEX(Kl_Intervall,MATCH(AB23,Kl_Name,0))) | H23: =IF(G23="Bewertung fehlt","",G23) | J23: =IF(OR(I23="",NOT(ISNUMBER(AK23))),"",IF(AJ23="Tage",I23+AI23,IF(AJ23="Wochen",I23+7*AI23,EDATE(I23,ROUND(AI23*IF(AJ23="Jahre",12,1),0))))) | K23: =IF(J23="","",J23-TODAY()) | L23: =IF(H23="","Intervall fehlt",IF(NOT(ISNUMBER(AK23)),"Intervall prüfen",IF(I23="","nicht erfasst",IF(K23<0,"überfällig",IF(K23<=MIN(P_Vorwarn,ROUND(AK23/4,0)),"fällig","in Ordnung"))))) | Q23: 5 | R23: 5 | S23: 3 | T23: 3 | U23: 2 | V23: 3 | W23: 5 | X23: 4 | Y23: =P_SF | Z23: =IF(COUNT(Q23:V23)=6,SQRT(SUMSQ(Q23:V23))/2,"") | AA23: =IF(COUNT(W23:Z23)=4,Z23*W23*X23*Y23,"") | AB23: =IF(AA23="","unvollständig",IF(AA23>P_Grenze_kritisch,"kritisch",IF(AA23>=P_Grenze_hoch,"hoch",IF(AA23>=P_Grenze_mittel,"mittel","gering")))) | AC23: =TRIM(IF(N(T23)>=P_Krit,"AS ","")&IF(N(S23)>=P_Krit,"Q ","")&IF(N(U23)>=P_Krit,"US","")) | AD23: =IF(ISNUMBER(R23),INDEX(IH_Text,R23),"") | AG23: Oberer und unterer Werkzeugträger | AH23: Maßnahme | AI23: =IF(H23="","",IFERROR(INDEX(Iv_Anzahl,MATCH(H23,Iv_Name,0)),IFERROR(VALUE(LEFT(TRIM(SUBSTITUTE(LOWER(H23),"alle ","")),FIND(" ",TRIM(SUBSTITUTE(LOWER(H23),"alle ",""))&" ")-1)),""))) | AJ23: =IF(H23="","",IFERROR(INDEX(Iv_Einheit,MATCH(H23,Iv_Name,0)),IF(ISNUMBER(SEARCH("jahr",H23)),"Jahre",IF(ISNUMBER(SEARCH("monat",H23)),"Monate",IF(ISNUMBER(SEARCH("woche",H23)),"Wochen",IF(ISNUMBER(SEARCH("tag",H23)),"Tage","")))))) | AK23: =IF(AND(ISNUMBER(AI23),AJ23<>""),IF(AI23>0,AI23*IF(AJ23="Tage",1,IF(AJ23="Wochen",7,IF(AJ23="Monate",365/12,365))),""),"") | AL23: =IF(ISNUMBER(AK23),365/AK23,"") | AM23: =IF(AND(ISNUMBER(AL23),ISNUMBER(AE23)),AL23*AE23/60,"") | AN23: =IF(ISNUMBER(AA23),AA23-ROW()/100000,"") | AO23: =IF(OR(L23="überfällig",L23="fällig"),J23+ROW()/100000,"") | AP23: 4.1.1 | AQ23: Spindel auf Beschädigungen prüfen (Oberfläche (Riffen, Kratzer) d. Spindel prüfen; Stauchspindel auf Geräusche, Laufruhe prüfen
A24: 4.1.2 | B24: Spindel auf Verschmutzung prüfen, ggf. reinigen | C24: Inspektion | E24: Spindel sauber, frei von Ablagerungen | G24: =IF(AB24="unvollständig","Bewertung fehlt",INDEX(Kl_Intervall,MATCH(AB24,Kl_Name,0))) | H24: =IF(G24="Bewertung fehlt","",G24) | J24: =IF(OR(I24="",NOT(ISNUMBER(AK24))),"",IF(AJ24="Tage",I24+AI24,IF(AJ24="Wochen",I24+7*AI24,EDATE(I24,ROUND(AI24*IF(AJ24="Jahre",12,1),0))))) | K24: =IF(J24="","",J24-TODAY()) | L24: =IF(H24="","Intervall fehlt",IF(NOT(ISNUMBER(AK24)),"Intervall prüfen",IF(I24="","nicht erfasst",IF(K24<0,"überfällig",IF(K24<=MIN(P_Vorwarn,ROUND(AK24/4,0)),"fällig","in Ordnung"))))) | Q24: 2 | R24: 2 | S24: 1 | T24: 1 | U24: 3 | V24: 1 | W24: 5 | X24: 2 | Y24: =P_SF | Z24: =IF(COUNT(Q24:V24)=6,SQRT(SUMSQ(Q24:V24))/2,"") | AA24: =IF(COUNT(W24:Z24)=4,Z24*W24*X24*Y24,"") | AB24: =IF(AA24="","unvollständig",IF(AA24>P_Grenze_kritisch,"kritisch",IF(AA24>=P_Grenze_hoch,"hoch",IF(AA24>=P_Grenze_mittel,"mittel","gering")))) | AC24: =TRIM(IF(N(T24)>=P_Krit,"AS ","")&IF(N(S24)>=P_Krit,"Q ","")&IF(N(U24)>=P_Krit,"US","")) | AD24: =IF(ISNUMBER(R24),INDEX(IH_Text,R24),"") | AG24: Oberer und unterer Werkzeugträger | AH24: Maßnahme | AI24: =IF(H24="","",IFERROR(INDEX(Iv_Anzahl,MATCH(H24,Iv_Name,0)),IFERROR(VALUE(LEFT(TRIM(SUBSTITUTE(LOWER(H24),"alle ","")),FIND(" ",TRIM(SUBSTITUTE(LOWER(H24),"alle ",""))&" ")-1)),""))) | AJ24: =IF(H24="","",IFERROR(INDEX(Iv_Einheit,MATCH(H24,Iv_Name,0)),IF(ISNUMBER(SEARCH("jahr",H24)),"Jahre",IF(ISNUMBER(SEARCH("monat",H24)),"Monate",IF(ISNUMBER(SEARCH("woche",H24)),"Wochen",IF(ISNUMBER(SEARCH("tag",H24)),"Tage","")))))) | AK24: =IF(AND(ISNUMBER(AI24),AJ24<>""),IF(AI24>0,AI24*IF(AJ24="Tage",1,IF(AJ24="Wochen",7,IF(AJ24="Monate",365/12,365))),""),"") | AL24: =IF(ISNUMBER(AK24),365/AK24,"") | AM24: =IF(AND(ISNUMBER(AL24),ISNUMBER(AE24)),AL24*AE24/60,"") | AN24: =IF(ISNUMBER(AA24),AA24-ROW()/100000,"") | AO24: =IF(OR(L24="überfällig",L24="fällig"),J24+ROW()/100000,"") | AP24: 4.1.2 | AQ24: Spindel auf Verschmutzung prüfen ggf. reinigen
A25: 4.1.3 | B25: Spindel abschmieren (siehe Schmierplan): Spindelmutter Y-Schlitten, 6 Hübe je Schmiernippel. Werkzeugträger zusammenfahren und prüfen, ob genügend Schmierfilm auf der Spindel vorhanden ist; ggf. nochmals abschmieren | C25: Schmierung | D25: ⚠ Gefahrenstelle / ℹ Hinweis beachten Profi Spezial Grease (Profi Star) | E25: Ausreichender Schmierfilm auf der Spindel | G25: =IF(AB25="unvollständig","Bewertung fehlt",INDEX(Kl_Intervall,MATCH(AB25,Kl_Name,0))) | H25: =IF(G25="Bewertung fehlt","",G25) | J25: =IF(OR(I25="",NOT(ISNUMBER(AK25))),"",IF(AJ25="Tage",I25+AI25,IF(AJ25="Wochen",I25+7*AI25,EDATE(I25,ROUND(AI25*IF(AJ25="Jahre",12,1),0))))) | K25: =IF(J25="","",J25-TODAY()) | L25: =IF(H25="","Intervall fehlt",IF(NOT(ISNUMBER(AK25)),"Intervall prüfen",IF(I25="","nicht erfasst",IF(K25<0,"überfällig",IF(K25<=MIN(P_Vorwarn,ROUND(AK25/4,0)),"fällig","in Ordnung"))))) | Q25: 5 | R25: 5 | S25: 3 | T25: 3 | U25: 2 | V25: 3 | W25: 5 | X25: 2 | Y25: =P_SF | Z25: =IF(COUNT(Q25:V25)=6,SQRT(SUMSQ(Q25:V25))/2,"") | AA25: =IF(COUNT(W25:Z25)=4,Z25*W25*X25*Y25,"") | AB25: =IF(AA25="","unvollständig",IF(AA25>P_Grenze_kritisch,"kritisch",IF(AA25>=P_Grenze_hoch,"hoch",IF(AA25>=P_Grenze_mittel,"mittel","gering")))) | AC25: =TRIM(IF(N(T25)>=P_Krit,"AS ","")&IF(N(S25)>=P_Krit,"Q ","")&IF(N(U25)>=P_Krit,"US","")) | AD25: =IF(ISNUMBER(R25),INDEX(IH_Text,R25),"") | AG25: Oberer und unterer Werkzeugträger | AH25: Maßnahme | AI25: =IF(H25="","",IFERROR(INDEX(Iv_Anzahl,MATCH(H25,Iv_Name,0)),IFERROR(VALUE(LEFT(TRIM(SUBSTITUTE(LOWER(H25),"alle ","")),FIND(" ",TRIM(SUBSTITUTE(LOWER(H25),"alle ",""))&" ")-1)),""))) | AJ25: =IF(H25="","",IFERROR(INDEX(Iv_Einheit,MATCH(H25,Iv_Name,0)),IF(ISNUMBER(SEARCH("jahr",H25)),"Jahre",IF(ISNUMBER(SEARCH("monat",H25)),"Monate",IF(ISNUMBER(SEARCH("woche",H25)),"Wochen",IF(ISNUMBER(SEARCH("tag",H25)),"Tage","")))))) | AK25: =IF(AND(ISNUMBER(AI25),AJ25<>""),IF(AI25>0,AI25*IF(AJ25="Tage",1,IF(AJ25="Wochen",7,IF(AJ25="Monate",365/12,365))),""),"") | AL25: =IF(ISNUMBER(AK25),365/AK25,"") | AM25: =IF(AND(ISNUMBER(AL25),ISNUMBER(AE25)),AL25*AE25/60,"") | AN25: =IF(ISNUMBER(AA25),AA25-ROW()/100000,"") | AO25: =IF(OR(L25="überfällig",L25="fällig"),J25+ROW()/100000,"") | AP25: 4.1.3 | AQ25: Spindel abschmieren (siehe Schmierplan) Spindelmutter Y-Schlitten --> Schmieren (6) Hübe/Schmiernippel. Werkzuegträger zusammenfahren und überprüfen ob genügend Schmierfilm auf Spindel vorhanden ggf. nochmal abschmieren
A26: 4.1.4 | B26: Hauptführung Y-Schlitten kontrollieren (!) – Schmierplan Pos. 1–5: Führungen abschmieren, 6 Hübe je Schmiernippel | C26: Schmierung | D26: ⚠ Gefahrenstelle / ℹ Hinweis beachten Profi Spezial Grease (Profi Star) | E26: abgeschmiert | G26: =IF(AB26="unvollständig","Bewertung fehlt",INDEX(Kl_Intervall,MATCH(AB26,Kl_Name,0))) | H26: =IF(G26="Bewertung fehlt","",G26) | J26: =IF(OR(I26="",NOT(ISNUMBER(AK26))),"",IF(AJ26="Tage",I26+AI26,IF(AJ26="Wochen",I26+7*AI26,EDATE(I26,ROUND(AI26*IF(AJ26="Jahre",12,1),0))))) | K26: =IF(J26="","",J26-TODAY()) | L26: =IF(H26="","Intervall fehlt",IF(NOT(ISNUMBER(AK26)),"Intervall prüfen",IF(I26="","nicht erfasst",IF(K26<0,"überfällig",IF(K26<=MIN(P_Vorwarn,ROUND(AK26/4,0)),"fällig","in Ordnung"))))) | Q26: 5 | R26: 5 | S26: 3 | T26: 3 | U26: 2 | V26: 3 | Y26: =P_SF | Z26: =IF(COUNT(Q26:V26)=6,SQRT(SUMSQ(Q26:V26))/2,"") | AA26: =IF(COUNT(W26:Z26)=4,Z26*W26*X26*Y26,"") | AB26: =IF(AA26="","unvollständig",IF(AA26>P_Grenze_kritisch,"kritisch",IF(AA26>=P_Grenze_hoch,"hoch",IF(AA26>=P_Grenze_mittel,"mittel","gering")))) | AC26: =TRIM(IF(N(T26)>=P_Krit,"AS ","")&IF(N(S26)>=P_Krit,"Q ","")&IF(N(U26)>=P_Krit,"US","")) | AD26: =IF(ISNUMBER(R26),INDEX(IH_Text,R26),"") | AG26: Oberer und unterer Werkzeugträger | AH26: Maßnahme | AI26: =IF(H26="","",IFERROR(INDEX(Iv_Anzahl,MATCH(H26,Iv_Name,0)),IFERROR(VALUE(LEFT(TRIM(SUBSTITUTE(LOWER(H26),"alle ","")),FIND(" ",TRIM(SUBSTITUTE(LOWER(H26),"alle ",""))&" ")-1)),""))) | AJ26: =IF(H26="","",IFERROR(INDEX(Iv_Einheit,MATCH(H26,Iv_Name,0)),IF(ISNUMBER(SEARCH("jahr",H26)),"Jahre",IF(ISNUMBER(SEARCH("monat",H26)),"Monate",IF(ISNUMBER(SEARCH("woche",H26)),"Wochen",IF(ISNUMBER(SEARCH("tag",H26)),"Tage","")))))) | AK26: =IF(AND(ISNUMBER(AI26),AJ26<>""),IF(AI26>0,AI26*IF(AJ26="Tage",1,IF(AJ26="Wochen",7,IF(AJ26="Monate",365/12,365))),""),"") | AL26: =IF(ISNUMBER(AK26),365/AK26,"") | AM26: =IF(AND(ISNUMBER(AL26),ISNUMBER(AE26)),AL26*AE26/60,"") | AN26: =IF(ISNUMBER(AA26),AA26-ROW()/100000,"") | AO26: =IF(OR(L26="überfällig",L26="fällig"),J26+ROW()/100000,"") | AP26: 4.1.4 | AQ26: Hauptführung Y-Schlitten kontrollieren !!! Schmierplan Pos. 1-5 Führungen abschmiern (6) Hübe/Schmiernippel
A27: 4.1.5 | B27: Elektromotor kontrollieren (Funktion, Verschmutzung, Laufruhe, Kabel) | C27: Inspektion | E27: Motor sauber, ruhiger Lauf; Kabel unbeschädigt | G27: =IF(AB27="unvollständig","Bewertung fehlt",INDEX(Kl_Intervall,MATCH(AB27,Kl_Name,0))) | H27: =IF(G27="Bewertung fehlt","",G27) | J27: =IF(OR(I27="",NOT(ISNUMBER(AK27))),"",IF(AJ27="Tage",I27+AI27,IF(AJ27="Wochen",I27+7*AI27,EDATE(I27,ROUND(AI27*IF(AJ27="Jahre",12,1),0))))) | K27: =IF(J27="","",J27-TODAY()) | L27: =IF(H27="","Intervall fehlt",IF(NOT(ISNUMBER(AK27)),"Intervall prüfen",IF(I27="","nicht erfasst",IF(K27<0,"überfällig",IF(K27<=MIN(P_Vorwarn,ROUND(AK27/4,0)),"fällig","in Ordnung"))))) | Q27: 3 | R27: 3 | S27: 2 | T27: 2 | U27: 2 | V27: 3 | W27: 2 | X27: 3 | Y27: =P_SF | Z27: =IF(COUNT(Q27:V27)=6,SQRT(SUMSQ(Q27:V27))/2,"") | AA27: =IF(COUNT(W27:Z27)=4,Z27*W27*X27*Y27,"") | AB27: =IF(AA27="","unvollständig",IF(AA27>P_Grenze_kritisch,"kritisch",IF(AA27>=P_Grenze_hoch,"hoch",IF(AA27>=P_Grenze_mittel,"mittel","gering")))) | AC27: =TRIM(IF(N(T27)>=P_Krit,"AS ","")&IF(N(S27)>=P_Krit,"Q ","")&IF(N(U27)>=P_Krit,"US","")) | AD27: =IF(ISNUMBER(R27),INDEX(IH_Text,R27),"") | AG27: Oberer und unterer Werkzeugträger | AH27: Maßnahme | AI27: =IF(H27="","",IFERROR(INDEX(Iv_Anzahl,MATCH(H27,Iv_Name,0)),IFERROR(VALUE(LEFT(TRIM(SUBSTITUTE(LOWER(H27),"alle ","")),FIND(" ",TRIM(SUBSTITUTE(LOWER(H27),"alle ",""))&" ")-1)),""))) | AJ27: =IF(H27="","",IFERROR(INDEX(Iv_Einheit,MATCH(H27,Iv_Name,0)),IF(ISNUMBER(SEARCH("jahr",H27)),"Jahre",IF(ISNUMBER(SEARCH("monat",H27)),"Monate",IF(ISNUMBER(SEARCH("woche",H27)),"Wochen",IF(ISNUMBER(SEARCH("tag",H27)),"Tage","")))))) | AK27: =IF(AND(ISNUMBER(AI27),AJ27<>""),IF(AI27>0,AI27*IF(AJ27="Tage",1,IF(AJ27="Wochen",7,IF(AJ27="Monate",365/12,365))),""),"") | AL27: =IF(ISNUMBER(AK27),365/AK27,"") | AM27: =IF(AND(ISNUMBER(AL27),ISNUMBER(AE27)),AL27*AE27/60,"") | AN27: =IF(ISNUMBER(AA27),AA27-ROW()/100000,"") | AO27: =IF(OR(L27="überfällig",L27="fällig"),J27+ROW()/100000,"") | AP27: 4.1.5 | AQ27: Kontrolliere Elektromotor (Funktion/Verschmutzung/Laufruhe/Kabeln)
A28: 5 | B28: Verschlussbalken (Pos. 5) | AG28: Verschlussbalken | AH28: Baugruppe | AP28: 5 | AQ28: 5.) Verschlussbalken
A29: 5.1 | B29: Verschlussbalken abschmieren, 6 Hübe je Schmiernippel | C29: Schmierung | D29: ℹ Hinweis beachten Profi Spezial Grease (Profi Star) | E29: Alle Schmierstellen abgeschmiert | G29: =IF(AB29="unvollständig","Bewertung fehlt",INDEX(Kl_Intervall,MATCH(AB29,Kl_Name,0))) | H29: =IF(G29="Bewertung fehlt","",G29) | J29: =IF(OR(I29="",NOT(ISNUMBER(AK29))),"",IF(AJ29="Tage",I29+AI29,IF(AJ29="Wochen",I29+7*AI29,EDATE(I29,ROUND(AI29*IF(AJ29="Jahre",12,1),0))))) | K29: =IF(J29="","",J29-TODAY()) | L29: =IF(H29="","Intervall fehlt",IF(NOT(ISNUMBER(AK29)),"Intervall prüfen",IF(I29="","nicht erfasst",IF(K29<0,"überfällig",IF(K29<=MIN(P_Vorwarn,ROUND(AK29/4,0)),"fällig","in Ordnung"))))) | Q29: 5 | R29: 5 | S29: 3 | T29: 3 | U29: 2 | V29: 3 | W29: 4 | X29: 4 | Y29: =P_SF | Z29: =IF(COUNT(Q29:V29)=6,SQRT(SUMSQ(Q29:V29))/2,"") | AA29: =IF(COUNT(W29:Z29)=4,Z29*W29*X29*Y29,"") | AB29: =IF(AA29="","unvollständig",IF(AA29>P_Grenze_kritisch,"kritisch",IF(AA29>=P_Grenze_hoch,"hoch",IF(AA29>=P_Grenze_mittel,"mittel","gering")))) | AC29: =TRIM(IF(N(T29)>=P_Krit,"AS ","")&IF(N(S29)>=P_Krit,"Q ","")&IF(N(U29)>=P_Krit,"US","")) | AD29: =IF(ISNUMBER(R29),INDEX(IH_Text,R29),"") | AG29: Verschlussbalken | AH29: Maßnahme | AI29: =IF(H29="","",IFERROR(INDEX(Iv_Anzahl,MATCH(H29,Iv_Name,0)),IFERROR(VALUE(LEFT(TRIM(SUBSTITUTE(LOWER(H29),"alle ","")),FIND(" ",TRIM(SUBSTITUTE(LOWER(H29),"alle ",""))&" ")-1)),""))) | AJ29: =IF(H29="","",IFERROR(INDEX(Iv_Einheit,MATCH(H29,Iv_Name,0)),IF(ISNUMBER(SEARCH("jahr",H29)),"Jahre",IF(ISNUMBER(SEARCH("monat",H29)),"Monate",IF(ISNUMBER(SEARCH("woche",H29)),"Wochen",IF(ISNUMBER(SEARCH("tag",H29)),"Tage","")))))) | AK29: =IF(AND(ISNUMBER(AI29),AJ29<>""),IF(AI29>0,AI29*IF(AJ29="Tage",1,IF(AJ29="Wochen",7,IF(AJ29="Monate",365/12,365))),""),"") | AL29: =IF(ISNUMBER(AK29),365/AK29,"") | AM29: =IF(AND(ISNUMBER(AL29),ISNUMBER(AE29)),AL29*AE29/60,"") | AN29: =IF(ISNUMBER(AA29),AA29-ROW()/100000,"") | AO29: =IF(OR(L29="überfällig",L29="fällig"),J29+ROW()/100000,"") | AP29: 5.1.2 | AQ29: Verschlußbalcken abschmieren (6) Hübe/Schmiernippel
A30: 5.2 | B30: Alle Hydraulikzylinder nach folgenden Kriterien inspizieren: | AG30: Verschlussbalken | AH30: Prüfgruppe | AP30: 5.1.1 | AQ30: Inspiziere alle Hydraulikzylinder nach folgenden Kriterien:
A31: 5.2.1 | B31: Kolbenspiel kontrollieren | C31: Inspektion | E31: Kein unzulässiges Kolbenspiel | G31: =IF(AB31="unvollständig","Bewertung fehlt",INDEX(Kl_Intervall,MATCH(AB31,Kl_Name,0))) | H31: =IF(G31="Bewertung fehlt","",G31) | J31: =IF(OR(I31="",NOT(ISNUMBER(AK31))),"",IF(AJ31="Tage",I31+AI31,IF(AJ31="Wochen",I31+7*AI31,EDATE(I31,ROUND(AI31*IF(AJ31="Jahre",12,1),0))))) | K31: =IF(J31="","",J31-TODAY()) | L31: =IF(H31="","Intervall fehlt",IF(NOT(ISNUMBER(AK31)),"Intervall prüfen",IF(I31="","nicht erfasst",IF(K31<0,"überfällig",IF(K31<=MIN(P_Vorwarn,ROUND(AK31/4,0)),"fällig","in Ordnung"))))) | Q31: 3 | R31: 4 | S31: 2 | T31: 2 | U31: 3 | V31: 3 | W31: 3 | X31: 5 | Y31: =P_SF | Z31: =IF(COUNT(Q31:V31)=6,SQRT(SUMSQ(Q31:V31))/2,"") | AA31: =IF(COUNT(W31:Z31)=4,Z31*W31*X31*Y31,"") | AB31: =IF(AA31="","unvollständig",IF(AA31>P_Grenze_kritisch,"kritisch",IF(AA31>=P_Grenze_hoch,"hoch",IF(AA31>=P_Grenze_mittel,"mittel","gering")))) | AC31: =TRIM(IF(N(T31)>=P_Krit,"AS ","")&IF(N(S31)>=P_Krit,"Q ","")&IF(N(U31)>=P_Krit,"US","")) | AD31: =IF(ISNUMBER(R31),INDEX(IH_Text,R31),"") | AG31: Verschlussbalken | AH31: Maßnahme | AI31: =IF(H31="","",IFERROR(INDEX(Iv_Anzahl,MATCH(H31,Iv_Name,0)),IFERROR(VALUE(LEFT(TRIM(SUBSTITUTE(LOWER(H31),"alle ","")),FIND(" ",TRIM(SUBSTITUTE(LOWER(H31),"alle ",""))&" ")-1)),""))) | AJ31: =IF(H31="","",IFERROR(INDEX(Iv_Einheit,MATCH(H31,Iv_Name,0)),IF(ISNUMBER(SEARCH("jahr",H31)),"Jahre",IF(ISNUMBER(SEARCH("monat",H31)),"Monate",IF(ISNUMBER(SEARCH("woche",H31)),"Wochen",IF(ISNUMBER(SEARCH("tag",H31)),"Tage","")))))) | AK31: =IF(AND(ISNUMBER(AI31),AJ31<>""),IF(AI31>0,AI31*IF(AJ31="Tage",1,IF(AJ31="Wochen",7,IF(AJ31="Monate",365/12,365))),""),"") | AL31: =IF(ISNUMBER(AK31),365/AK31,"") | AM31: =IF(AND(ISNUMBER(AL31),ISNUMBER(AE31)),AL31*AE31/60,"") | AN31: =IF(ISNUMBER(AA31),AA31-ROW()/100000,"") | AO31: =IF(OR(L31="überfällig",L31="fällig"),J31+ROW()/100000,"") | AP31: 5.1.3 | AQ31: kontrolliere Kolbenspiel
A32: 5.2.2 | B32: Dichtungen kontrollieren (Sichtkontrolle auf Öl-Leckage) | C32: Inspektion | E32: Keine Öl-Leckage | G32: =IF(AB32="unvollständig","Bewertung fehlt",INDEX(Kl_Intervall,MATCH(AB32,Kl_Name,0))) | H32: =IF(G32="Bewertung fehlt","",G32) | J32: =IF(OR(I32="",NOT(ISNUMBER(AK32))),"",IF(AJ32="Tage",I32+AI32,IF(AJ32="Wochen",I32+7*AI32,EDATE(I32,ROUND(AI32*IF(AJ32="Jahre",12,1),0))))) | K32: =IF(J32="","",J32-TODAY()) | L32: =IF(H32="","Intervall fehlt",IF(NOT(ISNUMBER(AK32)),"Intervall prüfen",IF(I32="","nicht erfasst",IF(K32<0,"überfällig",IF(K32<=MIN(P_Vorwarn,ROUND(AK32/4,0)),"fällig","in Ordnung"))))) | Q32: 3 | R32: 4 | S32: 2 | T32: 3 | U32: 5 | V32: 3 | W32: 3 | X32: 4 | Y32: =P_SF | Z32: =IF(COUNT(Q32:V32)=6,SQRT(SUMSQ(Q32:V32))/2,"") | AA32: =IF(COUNT(W32:Z32)=4,Z32*W32*X32*Y32,"") | AB32: =IF(AA32="","unvollständig",IF(AA32>P_Grenze_kritisch,"kritisch",IF(AA32>=P_Grenze_hoch,"hoch",IF(AA32>=P_Grenze_mittel,"mittel","gering")))) | AC32: =TRIM(IF(N(T32)>=P_Krit,"AS ","")&IF(N(S32)>=P_Krit,"Q ","")&IF(N(U32)>=P_Krit,"US","")) | AD32: =IF(ISNUMBER(R32),INDEX(IH_Text,R32),"") | AG32: Verschlussbalken | AH32: Maßnahme | AI32: =IF(H32="","",IFERROR(INDEX(Iv_Anzahl,MATCH(H32,Iv_Name,0)),IFERROR(VALUE(LEFT(TRIM(SUBSTITUTE(LOWER(H32),"alle ","")),FIND(" ",TRIM(SUBSTITUTE(LOWER(H32),"alle ",""))&" ")-1)),""))) | AJ32: =IF(H32="","",IFERROR(INDEX(Iv_Einheit,MATCH(H32,Iv_Name,0)),IF(ISNUMBER(SEARCH("jahr",H32)),"Jahre",IF(ISNUMBER(SEARCH("monat",H32)),"Monate",IF(ISNUMBER(SEARCH("woche",H32)),"Wochen",IF(ISNUMBER(SEARCH("tag",H32)),"Tage","")))))) | AK32: =IF(AND(ISNUMBER(AI32),AJ32<>""),IF(AI32>0,AI32*IF(AJ32="Tage",1,IF(AJ32="Wochen",7,IF(AJ32="Monate",365/12,365))),""),"") | AL32: =IF(ISNUMBER(AK32),365/AK32,"") | AM32: =IF(AND(ISNUMBER(AL32),ISNUMBER(AE32)),AL32*AE32/60,"") | AN32: =IF(ISNUMBER(AA32),AA32-ROW()/100000,"") | AO32: =IF(OR(L32="überfällig",L32="fällig"),J32+ROW()/100000,"") | AP32: 5.1.4 | AQ32: kontrolliere Dichtungen (Sichtkontrolle auf Öl-Leckage )
A33: 5.2.3 | B33: Anschlüsse auf Dichtheit und Beschädigungen prüfen | C33: Inspektion | E33: Dicht, unbeschädigt | G33: =IF(AB33="unvollständig","Bewertung fehlt",INDEX(Kl_Intervall,MATCH(AB33,Kl_Name,0))) | H33: =IF(G33="Bewertung fehlt","",G33) | J33: =IF(OR(I33="",NOT(ISNUMBER(AK33))),"",IF(AJ33="Tage",I33+AI33,IF(AJ33="Wochen",I33+7*AI33,EDATE(I33,ROUND(AI33*IF(AJ33="Jahre",12,1),0))))) | K33: =IF(J33="","",J33-TODAY()) | L33: =IF(H33="","Intervall fehlt",IF(NOT(ISNUMBER(AK33)),"Intervall prüfen",IF(I33="","nicht erfasst",IF(K33<0,"überfällig",IF(K33<=MIN(P_Vorwarn,ROUND(AK33/4,0)),"fällig","in Ordnung"))))) | Q33: 3 | R33: 3 | S33: 2 | T33: 3 | U33: 5 | V33: 3 | W33: 1 | X33: 5 | Y33: =P_SF | Z33: =IF(COUNT(Q33:V33)=6,SQRT(SUMSQ(Q33:V33))/2,"") | AA33: =IF(COUNT(W33:Z33)=4,Z33*W33*X33*Y33,"") | AB33: =IF(AA33="","unvollständig",IF(AA33>P_Grenze_kritisch,"kritisch",IF(AA33>=P_Grenze_hoch,"hoch",IF(AA33>=P_Grenze_mittel,"mittel","gering")))) | AC33: =TRIM(IF(N(T33)>=P_Krit,"AS ","")&IF(N(S33)>=P_Krit,"Q ","")&IF(N(U33)>=P_Krit,"US","")) | AD33: =IF(ISNUMBER(R33),INDEX(IH_Text,R33),"") | AG33: Verschlussbalken | AH33: Maßnahme | AI33: =IF(H33="","",IFERROR(INDEX(Iv_Anzahl,MATCH(H33,Iv_Name,0)),IFERROR(VALUE(LEFT(TRIM(SUBSTITUTE(LOWER(H33),"alle ","")),FIND(" ",TRIM(SUBSTITUTE(LOWER(H33),"alle ",""))&" ")-1)),""))) | AJ33: =IF(H33="","",IFERROR(INDEX(Iv_Einheit,MATCH(H33,Iv_Name,0)),IF(ISNUMBER(SEARCH("jahr",H33)),"Jahre",IF(ISNUMBER(SEARCH("monat",H33)),"Monate",IF(ISNUMBER(SEARCH("woche",H33)),"Wochen",IF(ISNUMBER(SEARCH("tag",H33)),"Tage","")))))) | AK33: =IF(AND(ISNUMBER(AI33),AJ33<>""),IF(AI33>0,AI33*IF(AJ33="Tage",1,IF(AJ33="Wochen",7,IF(AJ33="Monate",365/12,365))),""),"") | AL33: =IF(ISNUMBER(AK33),365/AK33,"") | AM33: =IF(AND(ISNUMBER(AL33),ISNUMBER(AE33)),AL33*AE33/60,"") | AN33: =IF(ISNUMBER(AA33),AA33-ROW()/100000,"") | AO33: =IF(OR(L33="überfällig",L33="fällig"),J33+ROW()/100000,"") | AP33: 5.1.5 | AQ33: Anschlüsse auf Dichtheit und Beschädigungen prüfen
A34: 5.2.4 | B34: Befestigung des Zylinders prüfen (wenn möglich) | C34: Inspektion | E34: Fest, kein Spiel | G34: =IF(AB34="unvollständig","Bewertung fehlt",INDEX(Kl_Intervall,MATCH(AB34,Kl_Name,0))) | H34: =IF(G34="Bewertung fehlt","",G34) | J34: =IF(OR(I34="",NOT(ISNUMBER(AK34))),"",IF(AJ34="Tage",I34+AI34,IF(AJ34="Wochen",I34+7*AI34,EDATE(I34,ROUND(AI34*IF(AJ34="Jahre",12,1),0))))) | K34: =IF(J34="","",J34-TODAY()) | L34: =IF(H34="","Intervall fehlt",IF(NOT(ISNUMBER(AK34)),"Intervall prüfen",IF(I34="","nicht erfasst",IF(K34<0,"überfällig",IF(K34<=MIN(P_Vorwarn,ROUND(AK34/4,0)),"fällig","in Ordnung"))))) | Q34: 3 | R34: 3 | S34: 2 | T34: 2 | U34: 3 | V34: 3 | W34: 2 | X34: 4 | Y34: =P_SF | Z34: =IF(COUNT(Q34:V34)=6,SQRT(SUMSQ(Q34:V34))/2,"") | AA34: =IF(COUNT(W34:Z34)=4,Z34*W34*X34*Y34,"") | AB34: =IF(AA34="","unvollständig",IF(AA34>P_Grenze_kritisch,"kritisch",IF(AA34>=P_Grenze_hoch,"hoch",IF(AA34>=P_Grenze_mittel,"mittel","gering")))) | AC34: =TRIM(IF(N(T34)>=P_Krit,"AS ","")&IF(N(S34)>=P_Krit,"Q ","")&IF(N(U34)>=P_Krit,"US","")) | AD34: =IF(ISNUMBER(R34),INDEX(IH_Text,R34),"") | AG34: Verschlussbalken | AH34: Maßnahme | AI34: =IF(H34="","",IFERROR(INDEX(Iv_Anzahl,MATCH(H34,Iv_Name,0)),IFERROR(VALUE(LEFT(TRIM(SUBSTITUTE(LOWER(H34),"alle ","")),FIND(" ",TRIM(SUBSTITUTE(LOWER(H34),"alle ",""))&" ")-1)),""))) | AJ34: =IF(H34="","",IFERROR(INDEX(Iv_Einheit,MATCH(H34,Iv_Name,0)),IF(ISNUMBER(SEARCH("jahr",H34)),"Jahre",IF(ISNUMBER(SEARCH("monat",H34)),"Monate",IF(ISNUMBER(SEARCH("woche",H34)),"Wochen",IF(ISNUMBER(SEARCH("tag",H34)),"Tage","")))))) | AK34: =IF(AND(ISNUMBER(AI34),AJ34<>""),IF(AI34>0,AI34*IF(AJ34="Tage",1,IF(AJ34="Wochen",7,IF(AJ34="Monate",365/12,365))),""),"") | AL34: =IF(ISNUMBER(AK34),365/AK34,"") | AM34: =IF(AND(ISNUMBER(AL34),ISNUMBER(AE34)),AL34*AE34/60,"") | AN34: =IF(ISNUMBER(AA34),AA34-ROW()/100000,"") | AO34: =IF(OR(L34="überfällig",L34="fällig"),J34+ROW()/100000,"") | AP34: 5.1.6 | AQ34: überprüfe die Befestigung des Zylinders (wenn möglich)
A35: 5.2.5 | B35: Funktion des Zylinders testen | C35: Funktionsprüfung | E35: Gleichmäßige Bewegung über den gesamten Hub | G35: =IF(AB35="unvollständig","Bewertung fehlt",INDEX(Kl_Intervall,MATCH(AB35,Kl_Name,0))) | H35: =IF(G35="Bewertung fehlt","",G35) | J35: =IF(OR(I35="",NOT(ISNUMBER(AK35))),"",IF(AJ35="Tage",I35+AI35,IF(AJ35="Wochen",I35+7*AI35,EDATE(I35,ROUND(AI35*IF(AJ35="Jahre",12,1),0))))) | K35: =IF(J35="","",J35-TODAY()) | L35: =IF(H35="","Intervall fehlt",IF(NOT(ISNUMBER(AK35)),"Intervall prüfen",IF(I35="","nicht erfasst",IF(K35<0,"überfällig",IF(K35<=MIN(P_Vorwarn,ROUND(AK35/4,0)),"fällig","in Ordnung"))))) | Q35: 3 | R35: 3 | S35: 2 | T35: 1 | U35: 1 | V35: 3 | W35: 2 | X35: 4 | Y35: =P_SF | Z35: =IF(COUNT(Q35:V35)=6,SQRT(SUMSQ(Q35:V35))/2,"") | AA35: =IF(COUNT(W35:Z35)=4,Z35*W35*X35*Y35,"") | AB35: =IF(AA35="","unvollständig",IF(AA35>P_Grenze_kritisch,"kritisch",IF(AA35>=P_Grenze_hoch,"hoch",IF(AA35>=P_Grenze_mittel,"mittel","gering")))) | AC35: =TRIM(IF(N(T35)>=P_Krit,"AS ","")&IF(N(S35)>=P_Krit,"Q ","")&IF(N(U35)>=P_Krit,"US","")) | AD35: =IF(ISNUMBER(R35),INDEX(IH_Text,R35),"") | AG35: Verschlussbalken | AH35: Maßnahme | AI35: =IF(H35="","",IFERROR(INDEX(Iv_Anzahl,MATCH(H35,Iv_Name,0)),IFERROR(VALUE(LEFT(TRIM(SUBSTITUTE(LOWER(H35),"alle ","")),FIND(" ",TRIM(SUBSTITUTE(LOWER(H35),"alle ",""))&" ")-1)),""))) | AJ35: =IF(H35="","",IFERROR(INDEX(Iv_Einheit,MATCH(H35,Iv_Name,0)),IF(ISNUMBER(SEARCH("jahr",H35)),"Jahre",IF(ISNUMBER(SEARCH("monat",H35)),"Monate",IF(ISNUMBER(SEARCH("woche",H35)),"Wochen",IF(ISNUMBER(SEARCH("tag",H35)),"Tage","")))))) | AK35: =IF(AND(ISNUMBER(AI35),AJ35<>""),IF(AI35>0,AI35*IF(AJ35="Tage",1,IF(AJ35="Wochen",7,IF(AJ35="Monate",365/12,365))),""),"") | AL35: =IF(ISNUMBER(AK35),365/AK35,"") | AM35: =IF(AND(ISNUMBER(AL35),ISNUMBER(AE35)),AL35*AE35/60,"") | AN35: =IF(ISNUMBER(AA35),AA35-ROW()/100000,"") | AO35: =IF(OR(L35="überfällig",L35="fällig"),J35+ROW()/100000,"") | AP35: 5.1.7 | AQ35: Funktion des Zylinders testen
A36: 5.2.6 | B36: Hydraulikverschraubungen kontrollieren, ggf. nachziehen | C36: Inspektion | E36: Verschraubungen fest und dicht | G36: =IF(AB36="unvollständig","Bewertung fehlt",INDEX(Kl_Intervall,MATCH(AB36,Kl_Name,0))) | H36: =IF(G36="Bewertung fehlt","",G36) | J36: =IF(OR(I36="",NOT(ISNUMBER(AK36))),"",IF(AJ36="Tage",I36+AI36,IF(AJ36="Wochen",I36+7*AI36,EDATE(I36,ROUND(AI36*IF(AJ36="Jahre",12,1),0))))) | K36: =IF(J36="","",J36-TODAY()) | L36: =IF(H36="","Intervall fehlt",IF(NOT(ISNUMBER(AK36)),"Intervall prüfen",IF(I36="","nicht erfasst",IF(K36<0,"überfällig",IF(K36<=MIN(P_Vorwarn,ROUND(AK36/4,0)),"fällig","in Ordnung"))))) | Q36: 3 | R36: 3 | S36: 2 | T36: 3 | U36: 4 | V36: 3 | W36: 3 | X36: 4 | Y36: =P_SF | Z36: =IF(COUNT(Q36:V36)=6,SQRT(SUMSQ(Q36:V36))/2,"") | AA36: =IF(COUNT(W36:Z36)=4,Z36*W36*X36*Y36,"") | AB36: =IF(AA36="","unvollständig",IF(AA36>P_Grenze_kritisch,"kritisch",IF(AA36>=P_Grenze_hoch,"hoch",IF(AA36>=P_Grenze_mittel,"mittel","gering")))) | AC36: =TRIM(IF(N(T36)>=P_Krit,"AS ","")&IF(N(S36)>=P_Krit,"Q ","")&IF(N(U36)>=P_Krit,"US","")) | AD36: =IF(ISNUMBER(R36),INDEX(IH_Text,R36),"") | AG36: Verschlussbalken | AH36: Maßnahme | AI36: =IF(H36="","",IFERROR(INDEX(Iv_Anzahl,MATCH(H36,Iv_Name,0)),IFERROR(VALUE(LEFT(TRIM(SUBSTITUTE(LOWER(H36),"alle ","")),FIND(" ",TRIM(SUBSTITUTE(LOWER(H36),"alle ",""))&" ")-1)),""))) | AJ36: =IF(H36="","",IFERROR(INDEX(Iv_Einheit,MATCH(H36,Iv_Name,0)),IF(ISNUMBER(SEARCH("jahr",H36)),"Jahre",IF(ISNUMBER(SEARCH("monat",H36)),"Monate",IF(ISNUMBER(SEARCH("woche",H36)),"Wochen",IF(ISNUMBER(SEARCH("tag",H36)),"Tage","")))))) | AK36: =IF(AND(ISNUMBER(AI36),AJ36<>""),IF(AI36>0,AI36*IF(AJ36="Tage",1,IF(AJ36="Wochen",7,IF(AJ36="Monate",365/12,365))),""),"") | AL36: =IF(ISNUMBER(AK36),365/AK36,"") | AM36: =IF(AND(ISNUMBER(AL36),ISNUMBER(AE36)),AL36*AE36/60,"") | AN36: =IF(ISNUMBER(AA36),AA36-ROW()/100000,"") | AO36: =IF(OR(L36="überfällig",L36="fällig"),J36+ROW()/100000,"") | AP36: 5.1.8 | AQ36: kontrolliere Hydraulikverschraubungen ggf. nachziehen
A37: 5.2.7 | B37: Hydraulikschläuche/-leitungen auf Dichtheit und Beschädigungen prüfen, ggf. nachziehen | C37: Inspektion | E37: Dicht; keine Scheuerstellen, Risse oder Knicke | G37: =IF(AB37="unvollständig","Bewertung fehlt",INDEX(Kl_Intervall,MATCH(AB37,Kl_Name,0))) | H37: =IF(G37="Bewertung fehlt","",G37) | J37: =IF(OR(I37="",NOT(ISNUMBER(AK37))),"",IF(AJ37="Tage",I37+AI37,IF(AJ37="Wochen",I37+7*AI37,EDATE(I37,ROUND(AI37*IF(AJ37="Jahre",12,1),0))))) | K37: =IF(J37="","",J37-TODAY()) | L37: =IF(H37="","Intervall fehlt",IF(NOT(ISNUMBER(AK37)),"Intervall prüfen",IF(I37="","nicht erfasst",IF(K37<0,"überfällig",IF(K37<=MIN(P_Vorwarn,ROUND(AK37/4,0)),"fällig","in Ordnung"))))) | Q37: 3 | R37: 3 | S37: 2 | T37: 3 | U37: 5 | V37: 3 | W37: 4 | X37: 4 | Y37: =P_SF | Z37: =IF(COUNT(Q37:V37)=6,SQRT(SUMSQ(Q37:V37))/2,"") | AA37: =IF(COUNT(W37:Z37)=4,Z37*W37*X37*Y37,"") | AB37: =IF(AA37="","unvollständig",IF(AA37>P_Grenze_kritisch,"kritisch",IF(AA37>=P_Grenze_hoch,"hoch",IF(AA37>=P_Grenze_mittel,"mittel","gering")))) | AC37: =TRIM(IF(N(T37)>=P_Krit,"AS ","")&IF(N(S37)>=P_Krit,"Q ","")&IF(N(U37)>=P_Krit,"US","")) | AD37: =IF(ISNUMBER(R37),INDEX(IH_Text,R37),"") | AG37: Verschlussbalken | AH37: Maßnahme | AI37: =IF(H37="","",IFERROR(INDEX(Iv_Anzahl,MATCH(H37,Iv_Name,0)),IFERROR(VALUE(LEFT(TRIM(SUBSTITUTE(LOWER(H37),"alle ","")),FIND(" ",TRIM(SUBSTITUTE(LOWER(H37),"alle ",""))&" ")-1)),""))) | AJ37: =IF(H37="","",IFERROR(INDEX(Iv_Einheit,MATCH(H37,Iv_Name,0)),IF(ISNUMBER(SEARCH("jahr",H37)),"Jahre",IF(ISNUMBER(SEARCH("monat",H37)),"Monate",IF(ISNUMBER(SEARCH("woche",H37)),"Wochen",IF(ISNUMBER(SEARCH("tag",H37)),"Tage","")))))) | AK37: =IF(AND(ISNUMBER(AI37),AJ37<>""),IF(AI37>0,AI37*IF(AJ37="Tage",1,IF(AJ37="Wochen",7,IF(AJ37="Monate",365/12,365))),""),"") | AL37: =IF(ISNUMBER(AK37),365/AK37,"") | AM37: =IF(AND(ISNUMBER(AL37),ISNUMBER(AE37)),AL37*AE37/60,"") | AN37: =IF(ISNUMBER(AA37),AA37-ROW()/100000,"") | AO37: =IF(OR(L37="überfällig",L37="fällig"),J37+ROW()/100000,"") | AP37: 5.1.9 | AQ37: Hydraulikschläuche/Hydraulikleitungen auf Dichtheit und Beschädigungen prüfen ggf. Nachziehen
A38: 5.3 | B38: Alle Sensoren/Endschalter nach folgenden Kriterien inspizieren: | AG38: Verschlussbalken | AH38: Prüfgruppe | AP38: 5.2 | AQ38: Inspiziere alle Sensoren/Endschalter nach folgenden Kriterien:
A39: 5.3.1 | B39: Funktion testen | C39: Funktionsprüfung | E39: Schaltsignal kommt sicher | G39: =IF(AB39="unvollständig","Bewertung fehlt",INDEX(Kl_Intervall,MATCH(AB39,Kl_Name,0))) | H39: =IF(G39="Bewertung fehlt","",G39) | J39: =IF(OR(I39="",NOT(ISNUMBER(AK39))),"",IF(AJ39="Tage",I39+AI39,IF(AJ39="Wochen",I39+7*AI39,EDATE(I39,ROUND(AI39*IF(AJ39="Jahre",12,1),0))))) | K39: =IF(J39="","",J39-TODAY()) | L39: =IF(H39="","Intervall fehlt",IF(NOT(ISNUMBER(AK39)),"Intervall prüfen",IF(I39="","nicht erfasst",IF(K39<0,"überfällig",IF(K39<=MIN(P_Vorwarn,ROUND(AK39/4,0)),"fällig","in Ordnung"))))) | Q39: 3 | R39: 1 | S39: 2 | T39: 4 | U39: 1 | V39: 3 | W39: 3 | X39: 2 | Y39: =P_SF | Z39: =IF(COUNT(Q39:V39)=6,SQRT(SUMSQ(Q39:V39))/2,"") | AA39: =IF(COUNT(W39:Z39)=4,Z39*W39*X39*Y39,"") | AB39: =IF(AA39="","unvollständig",IF(AA39>P_Grenze_kritisch,"kritisch",IF(AA39>=P_Grenze_hoch,"hoch",IF(AA39>=P_Grenze_mittel,"mittel","gering")))) | AC39: =TRIM(IF(N(T39)>=P_Krit,"AS ","")&IF(N(S39)>=P_Krit,"Q ","")&IF(N(U39)>=P_Krit,"US","")) | AD39: =IF(ISNUMBER(R39),INDEX(IH_Text,R39),"") | AG39: Verschlussbalken | AH39: Maßnahme | AI39: =IF(H39="","",IFERROR(INDEX(Iv_Anzahl,MATCH(H39,Iv_Name,0)),IFERROR(VALUE(LEFT(TRIM(SUBSTITUTE(LOWER(H39),"alle ","")),FIND(" ",TRIM(SUBSTITUTE(LOWER(H39),"alle ",""))&" ")-1)),""))) | AJ39: =IF(H39="","",IFERROR(INDEX(Iv_Einheit,MATCH(H39,Iv_Name,0)),IF(ISNUMBER(SEARCH("jahr",H39)),"Jahre",IF(ISNUMBER(SEARCH("monat",H39)),"Monate",IF(ISNUMBER(SEARCH("woche",H39)),"Wochen",IF(ISNUMBER(SEARCH("tag",H39)),"Tage","")))))) | AK39: =IF(AND(ISNUMBER(AI39),AJ39<>""),IF(AI39>0,AI39*IF(AJ39="Tage",1,IF(AJ39="Wochen",7,IF(AJ39="Monate",365/12,365))),""),"") | AL39: =IF(ISNUMBER(AK39),365/AK39,"") | AM39: =IF(AND(ISNUMBER(AL39),ISNUMBER(AE39)),AL39*AE39/60,"") | AN39: =IF(ISNUMBER(AA39),AA39-ROW()/100000,"") | AO39: =IF(OR(L39="überfällig",L39="fällig"),J39+ROW()/100000,"") | AP39: 5.2.1 | AQ39: Funktion testen
A40: 5.3.2 | B40: Anschlüsse kontrollieren | C40: Inspektion | E40: Stecker fest, unbeschädigt | G40: =IF(AB40="unvollständig","Bewertung fehlt",INDEX(Kl_Intervall,MATCH(AB40,Kl_Name,0))) | H40: =IF(G40="Bewertung fehlt","",G40) | J40: =IF(OR(I40="",NOT(ISNUMBER(AK40))),"",IF(AJ40="Tage",I40+AI40,IF(AJ40="Wochen",I40+7*AI40,EDATE(I40,ROUND(AI40*IF(AJ40="Jahre",12,1),0))))) | K40: =IF(J40="","",J40-TODAY()) | L40: =IF(H40="","Intervall fehlt",IF(NOT(ISNUMBER(AK40)),"Intervall prüfen",IF(I40="","nicht erfasst",IF(K40<0,"überfällig",IF(K40<=MIN(P_Vorwarn,ROUND(AK40/4,0)),"fällig","in Ordnung"))))) | Q40: 3 | R40: 2 | S40: 2 | T40: 4 | U40: 1 | V40: 3 | W40: 3 | X40: 5 | Y40: =P_SF | Z40: =IF(COUNT(Q40:V40)=6,SQRT(SUMSQ(Q40:V40))/2,"") | AA40: =IF(COUNT(W40:Z40)=4,Z40*W40*X40*Y40,"") | AB40: =IF(AA40="","unvollständig",IF(AA40>P_Grenze_kritisch,"kritisch",IF(AA40>=P_Grenze_hoch,"hoch",IF(AA40>=P_Grenze_mittel,"mittel","gering")))) | AC40: =TRIM(IF(N(T40)>=P_Krit,"AS ","")&IF(N(S40)>=P_Krit,"Q ","")&IF(N(U40)>=P_Krit,"US","")) | AD40: =IF(ISNUMBER(R40),INDEX(IH_Text,R40),"") | AG40: Verschlussbalken | AH40: Maßnahme | AI40: =IF(H40="","",IFERROR(INDEX(Iv_Anzahl,MATCH(H40,Iv_Name,0)),IFERROR(VALUE(LEFT(TRIM(SUBSTITUTE(LOWER(H40),"alle ","")),FIND(" ",TRIM(SUBSTITUTE(LOWER(H40),"alle ",""))&" ")-1)),""))) | AJ40: =IF(H40="","",IFERROR(INDEX(Iv_Einheit,MATCH(H40,Iv_Name,0)),IF(ISNUMBER(SEARCH("jahr",H40)),"Jahre",IF(ISNUMBER(SEARCH("monat",H40)),"Monate",IF(ISNUMBER(SEARCH("woche",H40)),"Wochen",IF(ISNUMBER(SEARCH("tag",H40)),"Tage","")))))) | AK40: =IF(AND(ISNUMBER(AI40),AJ40<>""),IF(AI40>0,AI40*IF(AJ40="Tage",1,IF(AJ40="Wochen",7,IF(AJ40="Monate",365/12,365))),""),"") | AL40: =IF(ISNUMBER(AK40),365/AK40,"") | AM40: =IF(AND(ISNUMBER(AL40),ISNUMBER(AE40)),AL40*AE40/60,"") | AN40: =IF(ISNUMBER(AA40),AA40-ROW()/100000,"") | AO40: =IF(OR(L40="überfällig",L40="fällig"),J40+ROW()/100000,"") | AP40: 5.2.2 | AQ40: Anschlüsse kontrollieren
A41: 5.3.3 | B41: Befestigung und Position kontrollieren | C41: Inspektion | E41: Fest, Position unverändert | G41: =IF(AB41="unvollständig","Bewertung fehlt",INDEX(Kl_Intervall,MATCH(AB41,Kl_Name,0))) | H41: =IF(G41="Bewertung fehlt","",G41) | J41: =IF(OR(I41="",NOT(ISNUMBER(AK41))),"",IF(AJ41="Tage",I41+AI41,IF(AJ41="Wochen",I41+7*AI41,EDATE(I41,ROUND(AI41*IF(AJ41="Jahre",12,1),0))))) | K41: =IF(J41="","",J41-TODAY()) | L41: =IF(H41="","Intervall fehlt",IF(NOT(ISNUMBER(AK41)),"Intervall prüfen",IF(I41="","nicht erfasst",IF(K41<0,"überfällig",IF(K41<=MIN(P_Vorwarn,ROUND(AK41/4,0)),"fällig","in Ordnung"))))) | Q41: 3 | R41: 2 | S41: 2 | T41: 3 | U41: 1 | V41: 3 | W41: 3 | X41: 3 | Y41: =P_SF | Z41: =IF(COUNT(Q41:V41)=6,SQRT(SUMSQ(Q41:V41))/2,"") | AA41: =IF(COUNT(W41:Z41)=4,Z41*W41*X41*Y41,"") | AB41: =IF(AA41="","unvollständig",IF(AA41>P_Grenze_kritisch,"kritisch",IF(AA41>=P_Grenze_hoch,"hoch",IF(AA41>=P_Grenze_mittel,"mittel","gering")))) | AC41: =TRIM(IF(N(T41)>=P_Krit,"AS ","")&IF(N(S41)>=P_Krit,"Q ","")&IF(N(U41)>=P_Krit,"US","")) | AD41: =IF(ISNUMBER(R41),INDEX(IH_Text,R41),"") | AG41: Verschlussbalken | AH41: Maßnahme | AI41: =IF(H41="","",IFERROR(INDEX(Iv_Anzahl,MATCH(H41,Iv_Name,0)),IFERROR(VALUE(LEFT(TRIM(SUBSTITUTE(LOWER(H41),"alle ","")),FIND(" ",TRIM(SUBSTITUTE(LOWER(H41),"alle ",""))&" ")-1)),""))) | AJ41: =IF(H41="","",IFERROR(INDEX(Iv_Einheit,MATCH(H41,Iv_Name,0)),IF(ISNUMBER(SEARCH("jahr",H41)),"Jahre",IF(ISNUMBER(SEARCH("monat",H41)),"Monate",IF(ISNUMBER(SEARCH("woche",H41)),"Wochen",IF(ISNUMBER(SEARCH("tag",H41)),"Tage","")))))) | AK41: =IF(AND(ISNUMBER(AI41),AJ41<>""),IF(AI41>0,AI41*IF(AJ41="Tage",1,IF(AJ41="Wochen",7,IF(AJ41="Monate",365/12,365))),""),"") | AL41: =IF(ISNUMBER(AK41),365/AK41,"") | AM41: =IF(AND(ISNUMBER(AL41),ISNUMBER(AE41)),AL41*AE41/60,"") | AN41: =IF(ISNUMBER(AA41),AA41-ROW()/100000,"") | AO41: =IF(OR(L41="überfällig",L41="fällig"),J41+ROW()/100000,"") | AP41: 5.2.3 | AQ41: Befestigung und Position kontrollieren
A42: 5.3.4 | B42: Sensor auf Beschädigung kontrollieren | C42: Inspektion | E42: Keine Beschädigung | G42: =IF(AB42="unvollständig","Bewertung fehlt",INDEX(Kl_Intervall,MATCH(AB42,Kl_Name,0))) | H42: =IF(G42="Bewertung fehlt","",G42) | J42: =IF(OR(I42="",NOT(ISNUMBER(AK42))),"",IF(AJ42="Tage",I42+AI42,IF(AJ42="Wochen",I42+7*AI42,EDATE(I42,ROUND(AI42*IF(AJ42="Jahre",12,1),0))))) | K42: =IF(J42="","",J42-TODAY()) | L42: =IF(H42="","Intervall fehlt",IF(NOT(ISNUMBER(AK42)),"Intervall prüfen",IF(I42="","nicht erfasst",IF(K42<0,"überfällig",IF(K42<=MIN(P_Vorwarn,ROUND(AK42/4,0)),"fällig","in Ordnung"))))) | Q42: 3 | R42: 1 | S42: 2 | T42: 3 | U42: 1 | V42: 3 | W42: 3 | X42: 3 | Y42: =P_SF | Z42: =IF(COUNT(Q42:V42)=6,SQRT(SUMSQ(Q42:V42))/2,"") | AA42: =IF(COUNT(W42:Z42)=4,Z42*W42*X42*Y42,"") | AB42: =IF(AA42="","unvollständig",IF(AA42>P_Grenze_kritisch,"kritisch",IF(AA42>=P_Grenze_hoch,"hoch",IF(AA42>=P_Grenze_mittel,"mittel","gering")))) | AC42: =TRIM(IF(N(T42)>=P_Krit,"AS ","")&IF(N(S42)>=P_Krit,"Q ","")&IF(N(U42)>=P_Krit,"US","")) | AD42: =IF(ISNUMBER(R42),INDEX(IH_Text,R42),"") | AG42: Verschlussbalken | AH42: Maßnahme | AI42: =IF(H42="","",IFERROR(INDEX(Iv_Anzahl,MATCH(H42,Iv_Name,0)),IFERROR(VALUE(LEFT(TRIM(SUBSTITUTE(LOWER(H42),"alle ","")),FIND(" ",TRIM(SUBSTITUTE(LOWER(H42),"alle ",""))&" ")-1)),""))) | AJ42: =IF(H42="","",IFERROR(INDEX(Iv_Einheit,MATCH(H42,Iv_Name,0)),IF(ISNUMBER(SEARCH("jahr",H42)),"Jahre",IF(ISNUMBER(SEARCH("monat",H42)),"Monate",IF(ISNUMBER(SEARCH("woche",H42)),"Wochen",IF(ISNUMBER(SEARCH("tag",H42)),"Tage","")))))) | AK42: =IF(AND(ISNUMBER(AI42),AJ42<>""),IF(AI42>0,AI42*IF(AJ42="Tage",1,IF(AJ42="Wochen",7,IF(AJ42="Monate",365/12,365))),""),"") | AL42: =IF(ISNUMBER(AK42),365/AK42,"") | AM42: =IF(AND(ISNUMBER(AL42),ISNUMBER(AE42)),AL42*AE42/60,"") | AN42: =IF(ISNUMBER(AA42),AA42-ROW()/100000,"") | AO42: =IF(OR(L42="überfällig",L42="fällig"),J42+ROW()/100000,"") | AP42: 5.2.4 | AQ42: Sensor auf Beschädigung kontrollieren
A43: 5.3.5 | B43: Kabelklemmung, Knickschutz, Kabelkasten und Leitungen auf Beschädigung prüfen | C43: Inspektion | D43: ⚠ Gefahrenstelle | E43: Keine Beschädigung; Zugentlastung wirksam | G43: =IF(AB43="unvollständig","Bewertung fehlt",INDEX(Kl_Intervall,MATCH(AB43,Kl_Name,0))) | H43: =IF(G43="Bewertung fehlt","",G43) | J43: =IF(OR(I43="",NOT(ISNUMBER(AK43))),"",IF(AJ43="Tage",I43+AI43,IF(AJ43="Wochen",I43+7*AI43,EDATE(I43,ROUND(AI43*IF(AJ43="Jahre",12,1),0))))) | K43: =IF(J43="","",J43-TODAY()) | L43: =IF(H43="","Intervall fehlt",IF(NOT(ISNUMBER(AK43)),"Intervall prüfen",IF(I43="","nicht erfasst",IF(K43<0,"überfällig",IF(K43<=MIN(P_Vorwarn,ROUND(AK43/4,0)),"fällig","in Ordnung"))))) | Q43: 3 | R43: 3 | S43: 2 | T43: 5 | U43: 1 | V43: 3 | W43: 1 | X43: 3 | Y43: =P_SF | Z43: =IF(COUNT(Q43:V43)=6,SQRT(SUMSQ(Q43:V43))/2,"") | AA43: =IF(COUNT(W43:Z43)=4,Z43*W43*X43*Y43,"") | AB43: =IF(AA43="","unvollständig",IF(AA43>P_Grenze_kritisch,"kritisch",IF(AA43>=P_Grenze_hoch,"hoch",IF(AA43>=P_Grenze_mittel,"mittel","gering")))) | AC43: =TRIM(IF(N(T43)>=P_Krit,"AS ","")&IF(N(S43)>=P_Krit,"Q ","")&IF(N(U43)>=P_Krit,"US","")) | AD43: =IF(ISNUMBER(R43),INDEX(IH_Text,R43),"") | AG43: Verschlussbalken | AH43: Maßnahme | AI43: =IF(H43="","",IFERROR(INDEX(Iv_Anzahl,MATCH(H43,Iv_Name,0)),IFERROR(VALUE(LEFT(TRIM(SUBSTITUTE(LOWER(H43),"alle ","")),FIND(" ",TRIM(SUBSTITUTE(LOWER(H43),"alle ",""))&" ")-1)),""))) | AJ43: =IF(H43="","",IFERROR(INDEX(Iv_Einheit,MATCH(H43,Iv_Name,0)),IF(ISNUMBER(SEARCH("jahr",H43)),"Jahre",IF(ISNUMBER(SEARCH("monat",H43)),"Monate",IF(ISNUMBER(SEARCH("woche",H43)),"Wochen",IF(ISNUMBER(SEARCH("tag",H43)),"Tage","")))))) | AK43: =IF(AND(ISNUMBER(AI43),AJ43<>""),IF(AI43>0,AI43*IF(AJ43="Tage",1,IF(AJ43="Wochen",7,IF(AJ43="Monate",365/12,365))),""),"") | AL43: =IF(ISNUMBER(AK43),365/AK43,"") | AM43: =IF(AND(ISNUMBER(AL43),ISNUMBER(AE43)),AL43*AE43/60,"") | AN43: =IF(ISNUMBER(AA43),AA43-ROW()/100000,"") | AO43: =IF(OR(L43="überfällig",L43="fällig"),J43+ROW()/100000,"") | AP43: 5.2.5 | AQ43: Prüfe Kabelklemmung, Knickschutz, Kabelkasten und Leitungen auf Beschädigung
A44: 6 | B44: Hydraulik-/Pneumatikzylinder (Baugruppe in der Vorversion nicht benannt) | AG44: Hydraulik-/Pneumatikzylinder (Baugruppe in der Vorversion nicht benannt) | AH44: Baugruppe | AP44: – | AQ44: – (in Vorversion nicht vorhanden)
A45: 6.1 | B45: Alle Hydraulik-/Pneumatikzylinder nach folgenden Kriterien inspizieren: | AG45: Hydraulik-/Pneumatikzylinder (Baugruppe in der Vorversion nicht benannt) | AH45: Prüfgruppe | AP45: 6.1 | AQ45: Inspiziere alle Hydraulikzylinder/Pneumatikzylinder nach folgenden Kriterien:
A46: 6.1.1 | B46: Kolbenspiel kontrollieren | C46: Inspektion | E46: Kein unzulässiges Kolbenspiel | G46: =IF(AB46="unvollständig","Bewertung fehlt",INDEX(Kl_Intervall,MATCH(AB46,Kl_Name,0))) | H46: =IF(G46="Bewertung fehlt","",G46) | J46: =IF(OR(I46="",NOT(ISNUMBER(AK46))),"",IF(AJ46="Tage",I46+AI46,IF(AJ46="Wochen",I46+7*AI46,EDATE(I46,ROUND(AI46*IF(AJ46="Jahre",12,1),0))))) | K46: =IF(J46="","",J46-TODAY()) | L46: =IF(H46="","Intervall fehlt",IF(NOT(ISNUMBER(AK46)),"Intervall prüfen",IF(I46="","nicht erfasst",IF(K46<0,"überfällig",IF(K46<=MIN(P_Vorwarn,ROUND(AK46/4,0)),"fällig","in Ordnung"))))) | Q46: =Q31 | R46: =R31 | S46: =S31 | T46: =T31 | U46: =U31 | V46: =V31 | W46: =W31 | X46: =X31 | Y46: =P_SF | Z46: =IF(COUNT(Q46:V46)=6,SQRT(SUMSQ(Q46:V46))/2,"") | AA46: =IF(COUNT(W46:Z46)=4,Z46*W46*X46*Y46,"") | AB46: =IF(AA46="","unvollständig",IF(AA46>P_Grenze_kritisch,"kritisch",IF(AA46>=P_Grenze_hoch,"hoch",IF(AA46>=P_Grenze_mittel,"mittel","gering")))) | AC46: =TRIM(IF(N(T46)>=P_Krit,"AS ","")&IF(N(S46)>=P_Krit,"Q ","")&IF(N(U46)>=P_Krit,"US","")) | AD46: =IF(ISNUMBER(R46),INDEX(IH_Text,R46),"") | AF46: 5.2.1 | AG46: Hydraulik-/Pneumatikzylinder (Baugruppe in der Vorversion nicht benannt) | AH46: Maßnahme | AI46: =IF(H46="","",IFERROR(INDEX(Iv_Anzahl,MATCH(H46,Iv_Name,0)),IFERROR(VALUE(LEFT(TRIM(SUBSTITUTE(LOWER(H46),"alle ","")),FIND(" ",TRIM(SUBSTITUTE(LOWER(H46),"alle ",""))&" ")-1)),""))) | AJ46: =IF(H46="","",IFERROR(INDEX(Iv_Einheit,MATCH(H46,Iv_Name,0)),IF(ISNUMBER(SEARCH("jahr",H46)),"Jahre",IF(ISNUMBER(SEARCH("monat",H46)),"Monate",IF(ISNUMBER(SEARCH("woche",H46)),"Wochen",IF(ISNUMBER(SEARCH("tag",H46)),"Tage","")))))) | AK46: =IF(AND(ISNUMBER(AI46),AJ46<>""),IF(AI46>0,AI46*IF(AJ46="Tage",1,IF(AJ46="Wochen",7,IF(AJ46="Monate",365/12,365))),""),"") | AL46: =IF(ISNUMBER(AK46),365/AK46,"") | AM46: =IF(AND(ISNUMBER(AL46),ISNUMBER(AE46)),AL46*AE46/60,"") | AN46: =IF(ISNUMBER(AA46),AA46-ROW()/100000,"") | AO46: =IF(OR(L46="überfällig",L46="fällig"),J46+ROW()/100000,"") | AP46: 6.1.1 | AQ46: kontrolliere Kolbenspiel
A47: 6.1.2 | B47: Dichtungen kontrollieren (Sichtkontrolle auf Öl-Leckage) | C47: Inspektion | E47: Keine Leckage | G47: =IF(AB47="unvollständig","Bewertung fehlt",INDEX(Kl_Intervall,MATCH(AB47,Kl_Name,0))) | H47: =IF(G47="Bewertung fehlt","",G47) | J47: =IF(OR(I47="",NOT(ISNUMBER(AK47))),"",IF(AJ47="Tage",I47+AI47,IF(AJ47="Wochen",I47+7*AI47,EDATE(I47,ROUND(AI47*IF(AJ47="Jahre",12,1),0))))) | K47: =IF(J47="","",J47-TODAY()) | L47: =IF(H47="","Intervall fehlt",IF(NOT(ISNUMBER(AK47)),"Intervall prüfen",IF(I47="","nicht erfasst",IF(K47<0,"überfällig",IF(K47<=MIN(P_Vorwarn,ROUND(AK47/4,0)),"fällig","in Ordnung"))))) | Q47: =Q32 | R47: =R32 | S47: =S32 | T47: =T32 | U47: =U32 | V47: =V32 | W47: =W32 | X47: =X32 | Y47: =P_SF | Z47: =IF(COUNT(Q47:V47)=6,SQRT(SUMSQ(Q47:V47))/2,"") | AA47: =IF(COUNT(W47:Z47)=4,Z47*W47*X47*Y47,"") | AB47: =IF(AA47="","unvollständig",IF(AA47>P_Grenze_kritisch,"kritisch",IF(AA47>=P_Grenze_hoch,"hoch",IF(AA47>=P_Grenze_mittel,"mittel","gering")))) | AC47: =TRIM(IF(N(T47)>=P_Krit,"AS ","")&IF(N(S47)>=P_Krit,"Q ","")&IF(N(U47)>=P_Krit,"US","")) | AD47: =IF(ISNUMBER(R47),INDEX(IH_Text,R47),"") | AF47: 5.2.2 | AG47: Hydraulik-/Pneumatikzylinder (Baugruppe in der Vorversion nicht benannt) | AH47: Maßnahme | AI47: =IF(H47="","",IFERROR(INDEX(Iv_Anzahl,MATCH(H47,Iv_Name,0)),IFERROR(VALUE(LEFT(TRIM(SUBSTITUTE(LOWER(H47),"alle ","")),FIND(" ",TRIM(SUBSTITUTE(LOWER(H47),"alle ",""))&" ")-1)),""))) | AJ47: =IF(H47="","",IFERROR(INDEX(Iv_Einheit,MATCH(H47,Iv_Name,0)),IF(ISNUMBER(SEARCH("jahr",H47)),"Jahre",IF(ISNUMBER(SEARCH("monat",H47)),"Monate",IF(ISNUMBER(SEARCH("woche",H47)),"Wochen",IF(ISNUMBER(SEARCH("tag",H47)),"Tage","")))))) | AK47: =IF(AND(ISNUMBER(AI47),AJ47<>""),IF(AI47>0,AI47*IF(AJ47="Tage",1,IF(AJ47="Wochen",7,IF(AJ47="Monate",365/12,365))),""),"") | AL47: =IF(ISNUMBER(AK47),365/AK47,"") | AM47: =IF(AND(ISNUMBER(AL47),ISNUMBER(AE47)),AL47*AE47/60,"") | AN47: =IF(ISNUMBER(AA47),AA47-ROW()/100000,"") | AO47: =IF(OR(L47="überfällig",L47="fällig"),J47+ROW()/100000,"") | AP47: 6.1.2 | AQ47: kontrolliere Dichtungen (Sichtkontrolle auf Öl-Leckage )
A48: 6.1.3 | B48: Anschlüsse auf Dichtheit und Beschädigungen prüfen | C48: Inspektion | E48: Dicht, unbeschädigt | G48: =IF(AB48="unvollständig","Bewertung fehlt",INDEX(Kl_Intervall,MATCH(AB48,Kl_Name,0))) | H48: =IF(G48="Bewertung fehlt","",G48) | J48: =IF(OR(I48="",NOT(ISNUMBER(AK48))),"",IF(AJ48="Tage",I48+AI48,IF(AJ48="Wochen",I48+7*AI48,EDATE(I48,ROUND(AI48*IF(AJ48="Jahre",12,1),0))))) | K48: =IF(J48="","",J48-TODAY()) | L48: =IF(H48="","Intervall fehlt",IF(NOT(ISNUMBER(AK48)),"Intervall prüfen",IF(I48="","nicht erfasst",IF(K48<0,"überfällig",IF(K48<=MIN(P_Vorwarn,ROUND(AK48/4,0)),"fällig","in Ordnung"))))) | Q48: =Q33 | R48: =R33 | S48: =S33 | T48: =T33 | U48: =U33 | V48: =V33 | W48: =W33 | X48: =X33 | Y48: =P_SF | Z48: =IF(COUNT(Q48:V48)=6,SQRT(SUMSQ(Q48:V48))/2,"") | AA48: =IF(COUNT(W48:Z48)=4,Z48*W48*X48*Y48,"") | AB48: =IF(AA48="","unvollständig",IF(AA48>P_Grenze_kritisch,"kritisch",IF(AA48>=P_Grenze_hoch,"hoch",IF(AA48>=P_Grenze_mittel,"mittel","gering")))) | AC48: =TRIM(IF(N(T48)>=P_Krit,"AS ","")&IF(N(S48)>=P_Krit,"Q ","")&IF(N(U48)>=P_Krit,"US","")) | AD48: =IF(ISNUMBER(R48),INDEX(IH_Text,R48),"") | AF48: 5.2.3 | AG48: Hydraulik-/Pneumatikzylinder (Baugruppe in der Vorversion nicht benannt) | AH48: Maßnahme | AI48: =IF(H48="","",IFERROR(INDEX(Iv_Anzahl,MATCH(H48,Iv_Name,0)),IFERROR(VALUE(LEFT(TRIM(SUBSTITUTE(LOWER(H48),"alle ","")),FIND(" ",TRIM(SUBSTITUTE(LOWER(H48),"alle ",""))&" ")-1)),""))) | AJ48: =IF(H48="","",IFERROR(INDEX(Iv_Einheit,MATCH(H48,Iv_Name,0)),IF(ISNUMBER(SEARCH("jahr",H48)),"Jahre",IF(ISNUMBER(SEARCH("monat",H48)),"Monate",IF(ISNUMBER(SEARCH("woche",H48)),"Wochen",IF(ISNUMBER(SEARCH("tag",H48)),"Tage","")))))) | AK48: =IF(AND(ISNUMBER(AI48),AJ48<>""),IF(AI48>0,AI48*IF(AJ48="Tage",1,IF(AJ48="Wochen",7,IF(AJ48="Monate",365/12,365))),""),"") | AL48: =IF(ISNUMBER(AK48),365/AK48,"") | AM48: =IF(AND(ISNUMBER(AL48),ISNUMBER(AE48)),AL48*AE48/60,"") | AN48: =IF(ISNUMBER(AA48),AA48-ROW()/100000,"") | AO48: =IF(OR(L48="überfällig",L48="fällig"),J48+ROW()/100000,"") | AP48: 6.1.3 | AQ48: Anschlüsse auf Dichtheit und Beschädigungen prüfen
A49: 6.1.4 | B49: Befestigung des Zylinders prüfen (wenn möglich) | C49: Inspektion | E49: Fest, kein Spiel | G49: =IF(AB49="unvollständig","Bewertung fehlt",INDEX(Kl_Intervall,MATCH(AB49,Kl_Name,0))) | H49: =IF(G49="Bewertung fehlt","",G49) | J49: =IF(OR(I49="",NOT(ISNUMBER(AK49))),"",IF(AJ49="Tage",I49+AI49,IF(AJ49="Wochen",I49+7*AI49,EDATE(I49,ROUND(AI49*IF(AJ49="Jahre",12,1),0))))) | K49: =IF(J49="","",J49-TODAY()) | L49: =IF(H49="","Intervall fehlt",IF(NOT(ISNUMBER(AK49)),"Intervall prüfen",IF(I49="","nicht erfasst",IF(K49<0,"überfällig",IF(K49<=MIN(P_Vorwarn,ROUND(AK49/4,0)),"fällig","in Ordnung"))))) | Q49: =Q34 | R49: =R34 | S49: =S34 | T49: =T34 | U49: =U34 | V49: =V34 | W49: =W34 | X49: =X34 | Y49: =P_SF | Z49: =IF(COUNT(Q49:V49)=6,SQRT(SUMSQ(Q49:V49))/2,"") | AA49: =IF(COUNT(W49:Z49)=4,Z49*W49*X49*Y49,"") | AB49: =IF(AA49="","unvollständig",IF(AA49>P_Grenze_kritisch,"kritisch",IF(AA49>=P_Grenze_hoch,"hoch",IF(AA49>=P_Grenze_mittel,"mittel","gering")))) | AC49: =TRIM(IF(N(T49)>=P_Krit,"AS ","")&IF(N(S49)>=P_Krit,"Q ","")&IF(N(U49)>=P_Krit,"US","")) | AD49: =IF(ISNUMBER(R49),INDEX(IH_Text,R49),"") | AF49: 5.2.4 | AG49: Hydraulik-/Pneumatikzylinder (Baugruppe in der Vorversion nicht benannt) | AH49: Maßnahme | AI49: =IF(H49="","",IFERROR(INDEX(Iv_Anzahl,MATCH(H49,Iv_Name,0)),IFERROR(VALUE(LEFT(TRIM(SUBSTITUTE(LOWER(H49),"alle ","")),FIND(" ",TRIM(SUBSTITUTE(LOWER(H49),"alle ",""))&" ")-1)),""))) | AJ49: =IF(H49="","",IFERROR(INDEX(Iv_Einheit,MATCH(H49,Iv_Name,0)),IF(ISNUMBER(SEARCH("jahr",H49)),"Jahre",IF(ISNUMBER(SEARCH("monat",H49)),"Monate",IF(ISNUMBER(SEARCH("woche",H49)),"Wochen",IF(ISNUMBER(SEARCH("tag",H49)),"Tage","")))))) | AK49: =IF(AND(ISNUMBER(AI49),AJ49<>""),IF(AI49>0,AI49*IF(AJ49="Tage",1,IF(AJ49="Wochen",7,IF(AJ49="Monate",365/12,365))),""),"") | AL49: =IF(ISNUMBER(AK49),365/AK49,"") | AM49: =IF(AND(ISNUMBER(AL49),ISNUMBER(AE49)),AL49*AE49/60,"") | AN49: =IF(ISNUMBER(AA49),AA49-ROW()/100000,"") | AO49: =IF(OR(L49="überfällig",L49="fällig"),J49+ROW()/100000,"") | AP49: 6.1.4 | AQ49: überprüfe die Befestigung des Zylinders (wenn möglich)
A50: 6.1.5 | B50: Funktion des Zylinders testen | C50: Funktionsprüfung | E50: Gleichmäßige Bewegung über den gesamten Hub | G50: =IF(AB50="unvollständig","Bewertung fehlt",INDEX(Kl_Intervall,MATCH(AB50,Kl_Name,0))) | H50: =IF(G50="Bewertung fehlt","",G50) | J50: =IF(OR(I50="",NOT(ISNUMBER(AK50))),"",IF(AJ50="Tage",I50+AI50,IF(AJ50="Wochen",I50+7*AI50,EDATE(I50,ROUND(AI50*IF(AJ50="Jahre",12,1),0))))) | K50: =IF(J50="","",J50-TODAY()) | L50: =IF(H50="","Intervall fehlt",IF(NOT(ISNUMBER(AK50)),"Intervall prüfen",IF(I50="","nicht erfasst",IF(K50<0,"überfällig",IF(K50<=MIN(P_Vorwarn,ROUND(AK50/4,0)),"fällig","in Ordnung"))))) | Q50: =Q35 | R50: =R35 | S50: =S35 | T50: =T35 | U50: =U35 | V50: =V35 | W50: =W35 | X50: =X35 | Y50: =P_SF | Z50: =IF(COUNT(Q50:V50)=6,SQRT(SUMSQ(Q50:V50))/2,"") | AA50: =IF(COUNT(W50:Z50)=4,Z50*W50*X50*Y50,"") | AB50: =IF(AA50="","unvollständig",IF(AA50>P_Grenze_kritisch,"kritisch",IF(AA50>=P_Grenze_hoch,"hoch",IF(AA50>=P_Grenze_mittel,"mittel","gering")))) | AC50: =TRIM(IF(N(T50)>=P_Krit,"AS ","")&IF(N(S50)>=P_Krit,"Q ","")&IF(N(U50)>=P_Krit,"US","")) | AD50: =IF(ISNUMBER(R50),INDEX(IH_Text,R50),"") | AF50: 5.2.5 | AG50: Hydraulik-/Pneumatikzylinder (Baugruppe in der Vorversion nicht benannt) | AH50: Maßnahme | AI50: =IF(H50="","",IFERROR(INDEX(Iv_Anzahl,MATCH(H50,Iv_Name,0)),IFERROR(VALUE(LEFT(TRIM(SUBSTITUTE(LOWER(H50),"alle ","")),FIND(" ",TRIM(SUBSTITUTE(LOWER(H50),"alle ",""))&" ")-1)),""))) | AJ50: =IF(H50="","",IFERROR(INDEX(Iv_Einheit,MATCH(H50,Iv_Name,0)),IF(ISNUMBER(SEARCH("jahr",H50)),"Jahre",IF(ISNUMBER(SEARCH("monat",H50)),"Monate",IF(ISNUMBER(SEARCH("woche",H50)),"Wochen",IF(ISNUMBER(SEARCH("tag",H50)),"Tage","")))))) | AK50: =IF(AND(ISNUMBER(AI50),AJ50<>""),IF(AI50>0,AI50*IF(AJ50="Tage",1,IF(AJ50="Wochen",7,IF(AJ50="Monate",365/12,365))),""),"") | AL50: =IF(ISNUMBER(AK50),365/AK50,"") | AM50: =IF(AND(ISNUMBER(AL50),ISNUMBER(AE50)),AL50*AE50/60,"") | AN50: =IF(ISNUMBER(AA50),AA50-ROW()/100000,"") | AO50: =IF(OR(L50="überfällig",L50="fällig"),J50+ROW()/100000,"") | AP50: 6.1.5 | AQ50: Funktion des Zylinders testen
A51: 6.1.6 | B51: Hydraulikverschraubungen kontrollieren, ggf. nachziehen | C51: Inspektion | E51: Verschraubungen fest und dicht | G51: =IF(AB51="unvollständig","Bewertung fehlt",INDEX(Kl_Intervall,MATCH(AB51,Kl_Name,0))) | H51: =IF(G51="Bewertung fehlt","",G51) | J51: =IF(OR(I51="",NOT(ISNUMBER(AK51))),"",IF(AJ51="Tage",I51+AI51,IF(AJ51="Wochen",I51+7*AI51,EDATE(I51,ROUND(AI51*IF(AJ51="Jahre",12,1),0))))) | K51: =IF(J51="","",J51-TODAY()) | L51: =IF(H51="","Intervall fehlt",IF(NOT(ISNUMBER(AK51)),"Intervall prüfen",IF(I51="","nicht erfasst",IF(K51<0,"überfällig",IF(K51<=MIN(P_Vorwarn,ROUND(AK51/4,0)),"fällig","in Ordnung"))))) | Q51: =Q36 | R51: =R36 | S51: =S36 | T51: =T36 | U51: =U36 | V51: =V36 | W51: =W36 | X51: =X36 | Y51: =P_SF | Z51: =IF(COUNT(Q51:V51)=6,SQRT(SUMSQ(Q51:V51))/2,"") | AA51: =IF(COUNT(W51:Z51)=4,Z51*W51*X51*Y51,"") | AB51: =IF(AA51="","unvollständig",IF(AA51>P_Grenze_kritisch,"kritisch",IF(AA51>=P_Grenze_hoch,"hoch",IF(AA51>=P_Grenze_mittel,"mittel","gering")))) | AC51: =TRIM(IF(N(T51)>=P_Krit,"AS ","")&IF(N(S51)>=P_Krit,"Q ","")&IF(N(U51)>=P_Krit,"US","")) | AD51: =IF(ISNUMBER(R51),INDEX(IH_Text,R51),"") | AF51: 5.2.6 | AG51: Hydraulik-/Pneumatikzylinder (Baugruppe in der Vorversion nicht benannt) | AH51: Maßnahme | AI51: =IF(H51="","",IFERROR(INDEX(Iv_Anzahl,MATCH(H51,Iv_Name,0)),IFERROR(VALUE(LEFT(TRIM(SUBSTITUTE(LOWER(H51),"alle ","")),FIND(" ",TRIM(SUBSTITUTE(LOWER(H51),"alle ",""))&" ")-1)),""))) | AJ51: =IF(H51="","",IFERROR(INDEX(Iv_Einheit,MATCH(H51,Iv_Name,0)),IF(ISNUMBER(SEARCH("jahr",H51)),"Jahre",IF(ISNUMBER(SEARCH("monat",H51)),"Monate",IF(ISNUMBER(SEARCH("woche",H51)),"Wochen",IF(ISNUMBER(SEARCH("tag",H51)),"Tage","")))))) | AK51: =IF(AND(ISNUMBER(AI51),AJ51<>""),IF(AI51>0,AI51*IF(AJ51="Tage",1,IF(AJ51="Wochen",7,IF(AJ51="Monate",365/12,365))),""),"") | AL51: =IF(ISNUMBER(AK51),365/AK51,"") | AM51: =IF(AND(ISNUMBER(AL51),ISNUMBER(AE51)),AL51*AE51/60,"") | AN51: =IF(ISNUMBER(AA51),AA51-ROW()/100000,"") | AO51: =IF(OR(L51="überfällig",L51="fällig"),J51+ROW()/100000,"") | AP51: 6.1.6 | AQ51: kontrolliere Hydraulikverschraubungen ggf. nachziehen
A52: 6.1.7 | B52: Hydraulikschläuche/-leitungen auf Dichtheit und Beschädigungen prüfen, ggf. nachziehen | C52: Inspektion | E52: Dicht; keine Scheuerstellen, Risse oder Knicke | G52: =IF(AB52="unvollständig","Bewertung fehlt",INDEX(Kl_Intervall,MATCH(AB52,Kl_Name,0))) | H52: =IF(G52="Bewertung fehlt","",G52) | J52: =IF(OR(I52="",NOT(ISNUMBER(AK52))),"",IF(AJ52="Tage",I52+AI52,IF(AJ52="Wochen",I52+7*AI52,EDATE(I52,ROUND(AI52*IF(AJ52="Jahre",12,1),0))))) | K52: =IF(J52="","",J52-TODAY()) | L52: =IF(H52="","Intervall fehlt",IF(NOT(ISNUMBER(AK52)),"Intervall prüfen",IF(I52="","nicht erfasst",IF(K52<0,"überfällig",IF(K52<=MIN(P_Vorwarn,ROUND(AK52/4,0)),"fällig","in Ordnung"))))) | Q52: =Q37 | R52: =R37 | S52: =S37 | T52: =T37 | U52: =U37 | V52: =V37 | W52: =W37 | X52: =X37 | Y52: =P_SF | Z52: =IF(COUNT(Q52:V52)=6,SQRT(SUMSQ(Q52:V52))/2,"") | AA52: =IF(COUNT(W52:Z52)=4,Z52*W52*X52*Y52,"") | AB52: =IF(AA52="","unvollständig",IF(AA52>P_Grenze_kritisch,"kritisch",IF(AA52>=P_Grenze_hoch,"hoch",IF(AA52>=P_Grenze_mittel,"mittel","gering")))) | AC52: =TRIM(IF(N(T52)>=P_Krit,"AS ","")&IF(N(S52)>=P_Krit,"Q ","")&IF(N(U52)>=P_Krit,"US","")) | AD52: =IF(ISNUMBER(R52),INDEX(IH_Text,R52),"") | AF52: 5.2.7 | AG52: Hydraulik-/Pneumatikzylinder (Baugruppe in der Vorversion nicht benannt) | AH52: Maßnahme | AI52: =IF(H52="","",IFERROR(INDEX(Iv_Anzahl,MATCH(H52,Iv_Name,0)),IFERROR(VALUE(LEFT(TRIM(SUBSTITUTE(LOWER(H52),"alle ","")),FIND(" ",TRIM(SUBSTITUTE(LOWER(H52),"alle ",""))&" ")-1)),""))) | AJ52: =IF(H52="","",IFERROR(INDEX(Iv_Einheit,MATCH(H52,Iv_Name,0)),IF(ISNUMBER(SEARCH("jahr",H52)),"Jahre",IF(ISNUMBER(SEARCH("monat",H52)),"Monate",IF(ISNUMBER(SEARCH("woche",H52)),"Wochen",IF(ISNUMBER(SEARCH("tag",H52)),"Tage","")))))) | AK52: =IF(AND(ISNUMBER(AI52),AJ52<>""),IF(AI52>0,AI52*IF(AJ52="Tage",1,IF(AJ52="Wochen",7,IF(AJ52="Monate",365/12,365))),""),"") | AL52: =IF(ISNUMBER(AK52),365/AK52,"") | AM52: =IF(AND(ISNUMBER(AL52),ISNUMBER(AE52)),AL52*AE52/60,"") | AN52: =IF(ISNUMBER(AA52),AA52-ROW()/100000,"") | AO52: =IF(OR(L52="überfällig",L52="fällig"),J52+ROW()/100000,"") | AP52: 6.1.7 | AQ52: Hydraulikschläuche/Hydraulikleitungen auf Dichtheit und Beschädigungen prüfen ggf. Nachziehen
A53: 6.2 | B53: Alle Sensoren/Endschalter nach folgenden Kriterien inspizieren: | AG53: Hydraulik-/Pneumatikzylinder (Baugruppe in der Vorversion nicht benannt) | AH53: Prüfgruppe | AP53: 6.2 | AQ53: Inspiziere alle Sensoren/Endschalter nach folgenden Kriterien:
A54: 6.2.1 | B54: Funktion testen | C54: Funktionsprüfung | E54: Schaltsignal kommt sicher | G54: =IF(AB54="unvollständig","Bewertung fehlt",INDEX(Kl_Intervall,MATCH(AB54,Kl_Name,0))) | H54: =IF(G54="Bewertung fehlt","",G54) | J54: =IF(OR(I54="",NOT(ISNUMBER(AK54))),"",IF(AJ54="Tage",I54+AI54,IF(AJ54="Wochen",I54+7*AI54,EDATE(I54,ROUND(AI54*IF(AJ54="Jahre",12,1),0))))) | K54: =IF(J54="","",J54-TODAY()) | L54: =IF(H54="","Intervall fehlt",IF(NOT(ISNUMBER(AK54)),"Intervall prüfen",IF(I54="","nicht erfasst",IF(K54<0,"überfällig",IF(K54<=MIN(P_Vorwarn,ROUND(AK54/4,0)),"fällig","in Ordnung"))))) | Q54: =Q39 | R54: =R39 | S54: =S39 | T54: =T39 | U54: =U39 | V54: =V39 | W54: =W39 | X54: =X39 | Y54: =P_SF | Z54: =IF(COUNT(Q54:V54)=6,SQRT(SUMSQ(Q54:V54))/2,"") | AA54: =IF(COUNT(W54:Z54)=4,Z54*W54*X54*Y54,"") | AB54: =IF(AA54="","unvollständig",IF(AA54>P_Grenze_kritisch,"kritisch",IF(AA54>=P_Grenze_hoch,"hoch",IF(AA54>=P_Grenze_mittel,"mittel","gering")))) | AC54: =TRIM(IF(N(T54)>=P_Krit,"AS ","")&IF(N(S54)>=P_Krit,"Q ","")&IF(N(U54)>=P_Krit,"US","")) | AD54: =IF(ISNUMBER(R54),INDEX(IH_Text,R54),"") | AF54: 5.3.1 | AG54: Hydraulik-/Pneumatikzylinder (Baugruppe in der Vorversion nicht benannt) | AH54: Maßnahme | AI54: =IF(H54="","",IFERROR(INDEX(Iv_Anzahl,MATCH(H54,Iv_Name,0)),IFERROR(VALUE(LEFT(TRIM(SUBSTITUTE(LOWER(H54),"alle ","")),FIND(" ",TRIM(SUBSTITUTE(LOWER(H54),"alle ",""))&" ")-1)),""))) | AJ54: =IF(H54="","",IFERROR(INDEX(Iv_Einheit,MATCH(H54,Iv_Name,0)),IF(ISNUMBER(SEARCH("jahr",H54)),"Jahre",IF(ISNUMBER(SEARCH("monat",H54)),"Monate",IF(ISNUMBER(SEARCH("woche",H54)),"Wochen",IF(ISNUMBER(SEARCH("tag",H54)),"Tage","")))))) | AK54: =IF(AND(ISNUMBER(AI54),AJ54<>""),IF(AI54>0,AI54*IF(AJ54="Tage",1,IF(AJ54="Wochen",7,IF(AJ54="Monate",365/12,365))),""),"") | AL54: =IF(ISNUMBER(AK54),365/AK54,"") | AM54: =IF(AND(ISNUMBER(AL54),ISNUMBER(AE54)),AL54*AE54/60,"") | AN54: =IF(ISNUMBER(AA54),AA54-ROW()/100000,"") | AO54: =IF(OR(L54="überfällig",L54="fällig"),J54+ROW()/100000,"") | AP54: 6.2.1 | AQ54: Funktion testen
A55: 6.2.2 | B55: Anschlüsse kontrollieren | C55: Inspektion | E55: Stecker fest, unbeschädigt | G55: =IF(AB55="unvollständig","Bewertung fehlt",INDEX(Kl_Intervall,MATCH(AB55,Kl_Name,0))) | H55: =IF(G55="Bewertung fehlt","",G55) | J55: =IF(OR(I55="",NOT(ISNUMBER(AK55))),"",IF(AJ55="Tage",I55+AI55,IF(AJ55="Wochen",I55+7*AI55,EDATE(I55,ROUND(AI55*IF(AJ55="Jahre",12,1),0))))) | K55: =IF(J55="","",J55-TODAY()) | L55: =IF(H55="","Intervall fehlt",IF(NOT(ISNUMBER(AK55)),"Intervall prüfen",IF(I55="","nicht erfasst",IF(K55<0,"überfällig",IF(K55<=MIN(P_Vorwarn,ROUND(AK55/4,0)),"fällig","in Ordnung"))))) | Q55: =Q40 | R55: =R40 | S55: =S40 | T55: =T40 | U55: =U40 | V55: =V40 | W55: =W40 | X55: =X40 | Y55: =P_SF | Z55: =IF(COUNT(Q55:V55)=6,SQRT(SUMSQ(Q55:V55))/2,"") | AA55: =IF(COUNT(W55:Z55)=4,Z55*W55*X55*Y55,"") | AB55: =IF(AA55="","unvollständig",IF(AA55>P_Grenze_kritisch,"kritisch",IF(AA55>=P_Grenze_hoch,"hoch",IF(AA55>=P_Grenze_mittel,"mittel","gering")))) | AC55: =TRIM(IF(N(T55)>=P_Krit,"AS ","")&IF(N(S55)>=P_Krit,"Q ","")&IF(N(U55)>=P_Krit,"US","")) | AD55: =IF(ISNUMBER(R55),INDEX(IH_Text,R55),"") | AF55: 5.3.2 | AG55: Hydraulik-/Pneumatikzylinder (Baugruppe in der Vorversion nicht benannt) | AH55: Maßnahme | AI55: =IF(H55="","",IFERROR(INDEX(Iv_Anzahl,MATCH(H55,Iv_Name,0)),IFERROR(VALUE(LEFT(TRIM(SUBSTITUTE(LOWER(H55),"alle ","")),FIND(" ",TRIM(SUBSTITUTE(LOWER(H55),"alle ",""))&" ")-1)),""))) | AJ55: =IF(H55="","",IFERROR(INDEX(Iv_Einheit,MATCH(H55,Iv_Name,0)),IF(ISNUMBER(SEARCH("jahr",H55)),"Jahre",IF(ISNUMBER(SEARCH("monat",H55)),"Monate",IF(ISNUMBER(SEARCH("woche",H55)),"Wochen",IF(ISNUMBER(SEARCH("tag",H55)),"Tage","")))))) | AK55: =IF(AND(ISNUMBER(AI55),AJ55<>""),IF(AI55>0,AI55*IF(AJ55="Tage",1,IF(AJ55="Wochen",7,IF(AJ55="Monate",365/12,365))),""),"") | AL55: =IF(ISNUMBER(AK55),365/AK55,"") | AM55: =IF(AND(ISNUMBER(AL55),ISNUMBER(AE55)),AL55*AE55/60,"") | AN55: =IF(ISNUMBER(AA55),AA55-ROW()/100000,"") | AO55: =IF(OR(L55="überfällig",L55="fällig"),J55+ROW()/100000,"") | AP55: 6.2.2 | AQ55: Anschlüsse kontrollieren
A56: 6.2.3 | B56: Befestigung und Position kontrollieren | C56: Inspektion | E56: Fest, Position unverändert | G56: =IF(AB56="unvollständig","Bewertung fehlt",INDEX(Kl_Intervall,MATCH(AB56,Kl_Name,0))) | H56: =IF(G56="Bewertung fehlt","",G56) | J56: =IF(OR(I56="",NOT(ISNUMBER(AK56))),"",IF(AJ56="Tage",I56+AI56,IF(AJ56="Wochen",I56+7*AI56,EDATE(I56,ROUND(AI56*IF(AJ56="Jahre",12,1),0))))) | K56: =IF(J56="","",J56-TODAY()) | L56: =IF(H56="","Intervall fehlt",IF(NOT(ISNUMBER(AK56)),"Intervall prüfen",IF(I56="","nicht erfasst",IF(K56<0,"überfällig",IF(K56<=MIN(P_Vorwarn,ROUND(AK56/4,0)),"fällig","in Ordnung"))))) | Q56: =Q41 | R56: =R41 | S56: =S41 | T56: =T41 | U56: =U41 | V56: =V41 | W56: =W41 | X56: =X41 | Y56: =P_SF | Z56: =IF(COUNT(Q56:V56)=6,SQRT(SUMSQ(Q56:V56))/2,"") | AA56: =IF(COUNT(W56:Z56)=4,Z56*W56*X56*Y56,"") | AB56: =IF(AA56="","unvollständig",IF(AA56>P_Grenze_kritisch,"kritisch",IF(AA56>=P_Grenze_hoch,"hoch",IF(AA56>=P_Grenze_mittel,"mittel","gering")))) | AC56: =TRIM(IF(N(T56)>=P_Krit,"AS ","")&IF(N(S56)>=P_Krit,"Q ","")&IF(N(U56)>=P_Krit,"US","")) | AD56: =IF(ISNUMBER(R56),INDEX(IH_Text,R56),"") | AF56: 5.3.3 | AG56: Hydraulik-/Pneumatikzylinder (Baugruppe in der Vorversion nicht benannt) | AH56: Maßnahme | AI56: =IF(H56="","",IFERROR(INDEX(Iv_Anzahl,MATCH(H56,Iv_Name,0)),IFERROR(VALUE(LEFT(TRIM(SUBSTITUTE(LOWER(H56),"alle ","")),FIND(" ",TRIM(SUBSTITUTE(LOWER(H56),"alle ",""))&" ")-1)),""))) | AJ56: =IF(H56="","",IFERROR(INDEX(Iv_Einheit,MATCH(H56,Iv_Name,0)),IF(ISNUMBER(SEARCH("jahr",H56)),"Jahre",IF(ISNUMBER(SEARCH("monat",H56)),"Monate",IF(ISNUMBER(SEARCH("woche",H56)),"Wochen",IF(ISNUMBER(SEARCH("tag",H56)),"Tage","")))))) | AK56: =IF(AND(ISNUMBER(AI56),AJ56<>""),IF(AI56>0,AI56*IF(AJ56="Tage",1,IF(AJ56="Wochen",7,IF(AJ56="Monate",365/12,365))),""),"") | AL56: =IF(ISNUMBER(AK56),365/AK56,"") | AM56: =IF(AND(ISNUMBER(AL56),ISNUMBER(AE56)),AL56*AE56/60,"") | AN56: =IF(ISNUMBER(AA56),AA56-ROW()/100000,"") | AO56: =IF(OR(L56="überfällig",L56="fällig"),J56+ROW()/100000,"") | AP56: 6.2.3 | AQ56: Befestigung und Position kontrollieren
A57: 6.2.4 | B57: Sensor auf Beschädigung kontrollieren | C57: Inspektion | E57: Keine Beschädigung | G57: =IF(AB57="unvollständig","Bewertung fehlt",INDEX(Kl_Intervall,MATCH(AB57,Kl_Name,0))) | H57: =IF(G57="Bewertung fehlt","",G57) | J57: =IF(OR(I57="",NOT(ISNUMBER(AK57))),"",IF(AJ57="Tage",I57+AI57,IF(AJ57="Wochen",I57+7*AI57,EDATE(I57,ROUND(AI57*IF(AJ57="Jahre",12,1),0))))) | K57: =IF(J57="","",J57-TODAY()) | L57: =IF(H57="","Intervall fehlt",IF(NOT(ISNUMBER(AK57)),"Intervall prüfen",IF(I57="","nicht erfasst",IF(K57<0,"überfällig",IF(K57<=MIN(P_Vorwarn,ROUND(AK57/4,0)),"fällig","in Ordnung"))))) | Q57: =Q42 | R57: =R42 | S57: =S42 | T57: =T42 | U57: =U42 | V57: =V42 | W57: =W42 | X57: =X42 | Y57: =P_SF | Z57: =IF(COUNT(Q57:V57)=6,SQRT(SUMSQ(Q57:V57))/2,"") | AA57: =IF(COUNT(W57:Z57)=4,Z57*W57*X57*Y57,"") | AB57: =IF(AA57="","unvollständig",IF(AA57>P_Grenze_kritisch,"kritisch",IF(AA57>=P_Grenze_hoch,"hoch",IF(AA57>=P_Grenze_mittel,"mittel","gering")))) | AC57: =TRIM(IF(N(T57)>=P_Krit,"AS ","")&IF(N(S57)>=P_Krit,"Q ","")&IF(N(U57)>=P_Krit,"US","")) | AD57: =IF(ISNUMBER(R57),INDEX(IH_Text,R57),"") | AF57: 5.3.4 | AG57: Hydraulik-/Pneumatikzylinder (Baugruppe in der Vorversion nicht benannt) | AH57: Maßnahme | AI57: =IF(H57="","",IFERROR(INDEX(Iv_Anzahl,MATCH(H57,Iv_Name,0)),IFERROR(VALUE(LEFT(TRIM(SUBSTITUTE(LOWER(H57),"alle ","")),FIND(" ",TRIM(SUBSTITUTE(LOWER(H57),"alle ",""))&" ")-1)),""))) | AJ57: =IF(H57="","",IFERROR(INDEX(Iv_Einheit,MATCH(H57,Iv_Name,0)),IF(ISNUMBER(SEARCH("jahr",H57)),"Jahre",IF(ISNUMBER(SEARCH("monat",H57)),"Monate",IF(ISNUMBER(SEARCH("woche",H57)),"Wochen",IF(ISNUMBER(SEARCH("tag",H57)),"Tage","")))))) | AK57: =IF(AND(ISNUMBER(AI57),AJ57<>""),IF(AI57>0,AI57*IF(AJ57="Tage",1,IF(AJ57="Wochen",7,IF(AJ57="Monate",365/12,365))),""),"") | AL57: =IF(ISNUMBER(AK57),365/AK57,"") | AM57: =IF(AND(ISNUMBER(AL57),ISNUMBER(AE57)),AL57*AE57/60,"") | AN57: =IF(ISNUMBER(AA57),AA57-ROW()/100000,"") | AO57: =IF(OR(L57="überfällig",L57="fällig"),J57+ROW()/100000,"") | AP57: 6.2.4 | AQ57: Sensor auf Beschädigung kontrollieren
A58: 6.2.5 | B58: Kabelklemmung, Knickschutz, Kabelkasten und Leitungen auf Beschädigung prüfen | C58: Inspektion | D58: ⚠ Gefahrenstelle | E58: Keine Beschädigung; Zugentlastung wirksam | G58: =IF(AB58="unvollständig","Bewertung fehlt",INDEX(Kl_Intervall,MATCH(AB58,Kl_Name,0))) | H58: =IF(G58="Bewertung fehlt","",G58) | J58: =IF(OR(I58="",NOT(ISNUMBER(AK58))),"",IF(AJ58="Tage",I58+AI58,IF(AJ58="Wochen",I58+7*AI58,EDATE(I58,ROUND(AI58*IF(AJ58="Jahre",12,1),0))))) | K58: =IF(J58="","",J58-TODAY()) | L58: =IF(H58="","Intervall fehlt",IF(NOT(ISNUMBER(AK58)),"Intervall prüfen",IF(I58="","nicht erfasst",IF(K58<0,"überfällig",IF(K58<=MIN(P_Vorwarn,ROUND(AK58/4,0)),"fällig","in Ordnung"))))) | Q58: =Q43 | R58: =R43 | S58: =S43 | T58: =T43 | U58: =U43 | V58: =V43 | W58: =W43 | X58: =X43 | Y58: =P_SF | Z58: =IF(COUNT(Q58:V58)=6,SQRT(SUMSQ(Q58:V58))/2,"") | AA58: =IF(COUNT(W58:Z58)=4,Z58*W58*X58*Y58,"") | AB58: =IF(AA58="","unvollständig",IF(AA58>P_Grenze_kritisch,"kritisch",IF(AA58>=P_Grenze_hoch,"hoch",IF(AA58>=P_Grenze_mittel,"mittel","gering")))) | AC58: =TRIM(IF(N(T58)>=P_Krit,"AS ","")&IF(N(S58)>=P_Krit,"Q ","")&IF(N(U58)>=P_Krit,"US","")) | AD58: =IF(ISNUMBER(R58),INDEX(IH_Text,R58),"") | AF58: 5.3.5 | AG58: Hydraulik-/Pneumatikzylinder (Baugruppe in der Vorversion nicht benannt) | AH58: Maßnahme | AI58: =IF(H58="","",IFERROR(INDEX(Iv_Anzahl,MATCH(H58,Iv_Name,0)),IFERROR(VALUE(LEFT(TRIM(SUBSTITUTE(LOWER(H58),"alle ","")),FIND(" ",TRIM(SUBSTITUTE(LOWER(H58),"alle ",""))&" ")-1)),""))) | AJ58: =IF(H58="","",IFERROR(INDEX(Iv_Einheit,MATCH(H58,Iv_Name,0)),IF(ISNUMBER(SEARCH("jahr",H58)),"Jahre",IF(ISNUMBER(SEARCH("monat",H58)),"Monate",IF(ISNUMBER(SEARCH("woche",H58)),"Wochen",IF(ISNUMBER(SEARCH("tag",H58)),"Tage","")))))) | AK58: =IF(AND(ISNUMBER(AI58),AJ58<>""),IF(AI58>0,AI58*IF(AJ58="Tage",1,IF(AJ58="Wochen",7,IF(AJ58="Monate",365/12,365))),""),"") | AL58: =IF(ISNUMBER(AK58),365/AK58,"") | AM58: =IF(AND(ISNUMBER(AL58),ISNUMBER(AE58)),AL58*AE58/60,"") | AN58: =IF(ISNUMBER(AA58),AA58-ROW()/100000,"") | AO58: =IF(OR(L58="überfällig",L58="fällig"),J58+ROW()/100000,"") | AP58: 6.2.5 | AQ58: Prüfe Kabelklemmung, Knickschutz, Kabelkasten und Leitungen auf Beschädigung
A59: 7 | B59: Wasserbehälter für Umformmedium (Pos. 11) | AG59: Wasserbehälter für Umformmedium | AH59: Baugruppe | AP59: 7 | AQ59: 11.) Wasserbehälter für Umformmedium
A60: 7.1 | B60: Wasserbehälter auf Beschädigung kontrollieren | C60: Inspektion | E60: Keine Beschädigung, keine Leckage | G60: =IF(AB60="unvollständig","Bewertung fehlt",INDEX(Kl_Intervall,MATCH(AB60,Kl_Name,0))) | H60: =IF(G60="Bewertung fehlt","",G60) | J60: =IF(OR(I60="",NOT(ISNUMBER(AK60))),"",IF(AJ60="Tage",I60+AI60,IF(AJ60="Wochen",I60+7*AI60,EDATE(I60,ROUND(AI60*IF(AJ60="Jahre",12,1),0))))) | K60: =IF(J60="","",J60-TODAY()) | L60: =IF(H60="","Intervall fehlt",IF(NOT(ISNUMBER(AK60)),"Intervall prüfen",IF(I60="","nicht erfasst",IF(K60<0,"überfällig",IF(K60<=MIN(P_Vorwarn,ROUND(AK60/4,0)),"fällig","in Ordnung"))))) | Q60: 3 | R60: 2 | S60: 3 | T60: 2 | U60: 4 | V60: 1 | W60: 1 | X60: 3 | Y60: =P_SF | Z60: =IF(COUNT(Q60:V60)=6,SQRT(SUMSQ(Q60:V60))/2,"") | AA60: =IF(COUNT(W60:Z60)=4,Z60*W60*X60*Y60,"") | AB60: =IF(AA60="","unvollständig",IF(AA60>P_Grenze_kritisch,"kritisch",IF(AA60>=P_Grenze_hoch,"hoch",IF(AA60>=P_Grenze_mittel,"mittel","gering")))) | AC60: =TRIM(IF(N(T60)>=P_Krit,"AS ","")&IF(N(S60)>=P_Krit,"Q ","")&IF(N(U60)>=P_Krit,"US","")) | AD60: =IF(ISNUMBER(R60),INDEX(IH_Text,R60),"") | AG60: Wasserbehälter für Umformmedium | AH60: Maßnahme | AI60: =IF(H60="","",IFERROR(INDEX(Iv_Anzahl,MATCH(H60,Iv_Name,0)),IFERROR(VALUE(LEFT(TRIM(SUBSTITUTE(LOWER(H60),"alle ","")),FIND(" ",TRIM(SUBSTITUTE(LOWER(H60),"alle ",""))&" ")-1)),""))) | AJ60: =IF(H60="","",IFERROR(INDEX(Iv_Einheit,MATCH(H60,Iv_Name,0)),IF(ISNUMBER(SEARCH("jahr",H60)),"Jahre",IF(ISNUMBER(SEARCH("monat",H60)),"Monate",IF(ISNUMBER(SEARCH("woche",H60)),"Wochen",IF(ISNUMBER(SEARCH("tag",H60)),"Tage","")))))) | AK60: =IF(AND(ISNUMBER(AI60),AJ60<>""),IF(AI60>0,AI60*IF(AJ60="Tage",1,IF(AJ60="Wochen",7,IF(AJ60="Monate",365/12,365))),""),"") | AL60: =IF(ISNUMBER(AK60),365/AK60,"") | AM60: =IF(AND(ISNUMBER(AL60),ISNUMBER(AE60)),AL60*AE60/60,"") | AN60: =IF(ISNUMBER(AA60),AA60-ROW()/100000,"") | AO60: =IF(OR(L60="überfällig",L60="fällig"),J60+ROW()/100000,"") | AP60: 7.1 | AQ60: Wasserbehälter auf Beschädigung kontrollieren
A61: 8 | B61: Auslaufrinne (Pos. 13) | D61: ℹ Hinweis beachten | AG61: Auslaufrinne | AH61: Baugruppe | AP61: 8 | AQ61: 13.) Auslaufrinne
A62: 8.1 | B62: Band auf Beschädigungen prüfen (starke Risse) | C62: Inspektion | E62: Keine starken Risse | G62: =IF(AB62="unvollständig","Bewertung fehlt",INDEX(Kl_Intervall,MATCH(AB62,Kl_Name,0))) | H62: =IF(G62="Bewertung fehlt","",G62) | J62: =IF(OR(I62="",NOT(ISNUMBER(AK62))),"",IF(AJ62="Tage",I62+AI62,IF(AJ62="Wochen",I62+7*AI62,EDATE(I62,ROUND(AI62*IF(AJ62="Jahre",12,1),0))))) | K62: =IF(J62="","",J62-TODAY()) | L62: =IF(H62="","Intervall fehlt",IF(NOT(ISNUMBER(AK62)),"Intervall prüfen",IF(I62="","nicht erfasst",IF(K62<0,"überfällig",IF(K62<=MIN(P_Vorwarn,ROUND(AK62/4,0)),"fällig","in Ordnung"))))) | Q62: 2 | R62: 2 | S62: 2 | T62: 3 | U62: 1 | V62: 3 | W62: 2 | X62: 2 | Y62: =P_SF | Z62: =IF(COUNT(Q62:V62)=6,SQRT(SUMSQ(Q62:V62))/2,"") | AA62: =IF(COUNT(W62:Z62)=4,Z62*W62*X62*Y62,"") | AB62: =IF(AA62="","unvollständig",IF(AA62>P_Grenze_kritisch,"kritisch",IF(AA62>=P_Grenze_hoch,"hoch",IF(AA62>=P_Grenze_mittel,"mittel","gering")))) | AC62: =TRIM(IF(N(T62)>=P_Krit,"AS ","")&IF(N(S62)>=P_Krit,"Q ","")&IF(N(U62)>=P_Krit,"US","")) | AD62: =IF(ISNUMBER(R62),INDEX(IH_Text,R62),"") | AG62: Auslaufrinne | AH62: Maßnahme | AI62: =IF(H62="","",IFERROR(INDEX(Iv_Anzahl,MATCH(H62,Iv_Name,0)),IFERROR(VALUE(LEFT(TRIM(SUBSTITUTE(LOWER(H62),"alle ","")),FIND(" ",TRIM(SUBSTITUTE(LOWER(H62),"alle ",""))&" ")-1)),""))) | AJ62: =IF(H62="","",IFERROR(INDEX(Iv_Einheit,MATCH(H62,Iv_Name,0)),IF(ISNUMBER(SEARCH("jahr",H62)),"Jahre",IF(ISNUMBER(SEARCH("monat",H62)),"Monate",IF(ISNUMBER(SEARCH("woche",H62)),"Wochen",IF(ISNUMBER(SEARCH("tag",H62)),"Tage","")))))) | AK62: =IF(AND(ISNUMBER(AI62),AJ62<>""),IF(AI62>0,AI62*IF(AJ62="Tage",1,IF(AJ62="Wochen",7,IF(AJ62="Monate",365/12,365))),""),"") | AL62: =IF(ISNUMBER(AK62),365/AK62,"") | AM62: =IF(AND(ISNUMBER(AL62),ISNUMBER(AE62)),AL62*AE62/60,"") | AN62: =IF(ISNUMBER(AA62),AA62-ROW()/100000,"") | AO62: =IF(OR(L62="überfällig",L62="fällig"),J62+ROW()/100000,"") | AP62: 8.1 | AQ62: Band auf Beschädigungen prüfen (starke Risse)
A63: 8.2 | B63: Elektromotor kontrollieren (Funktion, Verschmutzung, Laufruhe, Kabel) | C63: Inspektion | E63: Motor sauber, ruhiger Lauf; Kabel unbeschädigt | G63: =IF(AB63="unvollständig","Bewertung fehlt",INDEX(Kl_Intervall,MATCH(AB63,Kl_Name,0))) | H63: =IF(G63="Bewertung fehlt","",G63) | J63: =IF(OR(I63="",NOT(ISNUMBER(AK63))),"",IF(AJ63="Tage",I63+AI63,IF(AJ63="Wochen",I63+7*AI63,EDATE(I63,ROUND(AI63*IF(AJ63="Jahre",12,1),0))))) | K63: =IF(J63="","",J63-TODAY()) | L63: =IF(H63="","Intervall fehlt",IF(NOT(ISNUMBER(AK63)),"Intervall prüfen",IF(I63="","nicht erfasst",IF(K63<0,"überfällig",IF(K63<=MIN(P_Vorwarn,ROUND(AK63/4,0)),"fällig","in Ordnung"))))) | Q63: 3 | R63: 3 | S63: 2 | T63: 2 | U63: 2 | V63: 3 | W63: 2 | X63: 3 | Y63: =P_SF | Z63: =IF(COUNT(Q63:V63)=6,SQRT(SUMSQ(Q63:V63))/2,"") | AA63: =IF(COUNT(W63:Z63)=4,Z63*W63*X63*Y63,"") | AB63: =IF(AA63="","unvollständig",IF(AA63>P_Grenze_kritisch,"kritisch",IF(AA63>=P_Grenze_hoch,"hoch",IF(AA63>=P_Grenze_mittel,"mittel","gering")))) | AC63: =TRIM(IF(N(T63)>=P_Krit,"AS ","")&IF(N(S63)>=P_Krit,"Q ","")&IF(N(U63)>=P_Krit,"US","")) | AD63: =IF(ISNUMBER(R63),INDEX(IH_Text,R63),"") | AG63: Auslaufrinne | AH63: Maßnahme | AI63: =IF(H63="","",IFERROR(INDEX(Iv_Anzahl,MATCH(H63,Iv_Name,0)),IFERROR(VALUE(LEFT(TRIM(SUBSTITUTE(LOWER(H63),"alle ","")),FIND(" ",TRIM(SUBSTITUTE(LOWER(H63),"alle ",""))&" ")-1)),""))) | AJ63: =IF(H63="","",IFERROR(INDEX(Iv_Einheit,MATCH(H63,Iv_Name,0)),IF(ISNUMBER(SEARCH("jahr",H63)),"Jahre",IF(ISNUMBER(SEARCH("monat",H63)),"Monate",IF(ISNUMBER(SEARCH("woche",H63)),"Wochen",IF(ISNUMBER(SEARCH("tag",H63)),"Tage","")))))) | AK63: =IF(AND(ISNUMBER(AI63),AJ63<>""),IF(AI63>0,AI63*IF(AJ63="Tage",1,IF(AJ63="Wochen",7,IF(AJ63="Monate",365/12,365))),""),"") | AL63: =IF(ISNUMBER(AK63),365/AK63,"") | AM63: =IF(AND(ISNUMBER(AL63),ISNUMBER(AE63)),AL63*AE63/60,"") | AN63: =IF(ISNUMBER(AA63),AA63-ROW()/100000,"") | AO63: =IF(OR(L63="überfällig",L63="fällig"),J63+ROW()/100000,"") | AP63: 8.2 | AQ63: Kontrolliere Elektromotor (Funktion/Verschmutzung/Laufruhe/Kabeln)
A64: 9 | B64: Beladehandling (Handling Glattrohrgreifer) und Entnahmehandling (Handling Balggreifer) (Pos. 14 / 8) | AG64: Beladehandling (Handling Glattrohrgreifer) und Entnahmehandling (Handling Balggreifer) | AH64: Baugruppe | AP64: 9 | AQ64: 14.) Beladehandling (Handling Glattrohrgreifer) 8.) Entnahmehandling (= Handling Balggreifer)
A65: 9.1 | B65: Handling (Balg- und Glattrohrgreifer): Greifer auf Funktion prüfen; Minischlitten auf Spiel prüfen, ggf. festziehen (!) | C65: Funktionsprüfung | E65: Greifer greift sicher; Minischlitten ohne Spiel | G65: =IF(AB65="unvollständig","Bewertung fehlt",INDEX(Kl_Intervall,MATCH(AB65,Kl_Name,0))) | H65: =IF(G65="Bewertung fehlt","",G65) | J65: =IF(OR(I65="",NOT(ISNUMBER(AK65))),"",IF(AJ65="Tage",I65+AI65,IF(AJ65="Wochen",I65+7*AI65,EDATE(I65,ROUND(AI65*IF(AJ65="Jahre",12,1),0))))) | K65: =IF(J65="","",J65-TODAY()) | L65: =IF(H65="","Intervall fehlt",IF(NOT(ISNUMBER(AK65)),"Intervall prüfen",IF(I65="","nicht erfasst",IF(K65<0,"überfällig",IF(K65<=MIN(P_Vorwarn,ROUND(AK65/4,0)),"fällig","in Ordnung"))))) | Q65: 4 | R65: 3 | S65: 3 | T65: 2 | U65: 2 | V65: 3 | W65: 3 | X65: 3 | Y65: =P_SF | Z65: =IF(COUNT(Q65:V65)=6,SQRT(SUMSQ(Q65:V65))/2,"") | AA65: =IF(COUNT(W65:Z65)=4,Z65*W65*X65*Y65,"") | AB65: =IF(AA65="","unvollständig",IF(AA65>P_Grenze_kritisch,"kritisch",IF(AA65>=P_Grenze_hoch,"hoch",IF(AA65>=P_Grenze_mittel,"mittel","gering")))) | AC65: =TRIM(IF(N(T65)>=P_Krit,"AS ","")&IF(N(S65)>=P_Krit,"Q ","")&IF(N(U65)>=P_Krit,"US","")) | AD65: =IF(ISNUMBER(R65),INDEX(IH_Text,R65),"") | AG65: Beladehandling (Handling Glattrohrgreifer) und Entnahmehandling (Handling Balggreifer) | AH65: Maßnahme | AI65: =IF(H65="","",IFERROR(INDEX(Iv_Anzahl,MATCH(H65,Iv_Name,0)),IFERROR(VALUE(LEFT(TRIM(SUBSTITUTE(LOWER(H65),"alle ","")),FIND(" ",TRIM(SUBSTITUTE(LOWER(H65),"alle ",""))&" ")-1)),""))) | AJ65: =IF(H65="","",IFERROR(INDEX(Iv_Einheit,MATCH(H65,Iv_Name,0)),IF(ISNUMBER(SEARCH("jahr",H65)),"Jahre",IF(ISNUMBER(SEARCH("monat",H65)),"Monate",IF(ISNUMBER(SEARCH("woche",H65)),"Wochen",IF(ISNUMBER(SEARCH("tag",H65)),"Tage","")))))) | AK65: =IF(AND(ISNUMBER(AI65),AJ65<>""),IF(AI65>0,AI65*IF(AJ65="Tage",1,IF(AJ65="Wochen",7,IF(AJ65="Monate",365/12,365))),""),"") | AL65: =IF(ISNUMBER(AK65),365/AK65,"") | AM65: =IF(AND(ISNUMBER(AL65),ISNUMBER(AE65)),AL65*AE65/60,"") | AN65: =IF(ISNUMBER(AA65),AA65-ROW()/100000,"") | AO65: =IF(OR(L65="überfällig",L65="fällig"),J65+ROW()/100000,"") | AP65: 9.01 | AQ65: Handling (Balg & Glattrohr) - Greifer auf Funktion prüfen / Minischlitten auf Spiel prüfen ggf. festziehen!!!
A66: 9.2 | B66: Stoßdämpfer/Minischlitten auf Funktion prüfen | C66: Funktionsprüfung | E66: Gedämpfte Endlage, kein Anschlagen | G66: =IF(AB66="unvollständig","Bewertung fehlt",INDEX(Kl_Intervall,MATCH(AB66,Kl_Name,0))) | H66: =IF(G66="Bewertung fehlt","",G66) | J66: =IF(OR(I66="",NOT(ISNUMBER(AK66))),"",IF(AJ66="Tage",I66+AI66,IF(AJ66="Wochen",I66+7*AI66,EDATE(I66,ROUND(AI66*IF(AJ66="Jahre",12,1),0))))) | K66: =IF(J66="","",J66-TODAY()) | L66: =IF(H66="","Intervall fehlt",IF(NOT(ISNUMBER(AK66)),"Intervall prüfen",IF(I66="","nicht erfasst",IF(K66<0,"überfällig",IF(K66<=MIN(P_Vorwarn,ROUND(AK66/4,0)),"fällig","in Ordnung"))))) | Q66: 4 | R66: 3 | S66: 3 | T66: 2 | U66: 2 | V66: 3 | W66: 3 | X66: 3 | Y66: =P_SF | Z66: =IF(COUNT(Q66:V66)=6,SQRT(SUMSQ(Q66:V66))/2,"") | AA66: =IF(COUNT(W66:Z66)=4,Z66*W66*X66*Y66,"") | AB66: =IF(AA66="","unvollständig",IF(AA66>P_Grenze_kritisch,"kritisch",IF(AA66>=P_Grenze_hoch,"hoch",IF(AA66>=P_Grenze_mittel,"mittel","gering")))) | AC66: =TRIM(IF(N(T66)>=P_Krit,"AS ","")&IF(N(S66)>=P_Krit,"Q ","")&IF(N(U66)>=P_Krit,"US","")) | AD66: =IF(ISNUMBER(R66),INDEX(IH_Text,R66),"") | AG66: Beladehandling (Handling Glattrohrgreifer) und Entnahmehandling (Handling Balggreifer) | AH66: Maßnahme | AI66: =IF(H66="","",IFERROR(INDEX(Iv_Anzahl,MATCH(H66,Iv_Name,0)),IFERROR(VALUE(LEFT(TRIM(SUBSTITUTE(LOWER(H66),"alle ","")),FIND(" ",TRIM(SUBSTITUTE(LOWER(H66),"alle ",""))&" ")-1)),""))) | AJ66: =IF(H66="","",IFERROR(INDEX(Iv_Einheit,MATCH(H66,Iv_Name,0)),IF(ISNUMBER(SEARCH("jahr",H66)),"Jahre",IF(ISNUMBER(SEARCH("monat",H66)),"Monate",IF(ISNUMBER(SEARCH("woche",H66)),"Wochen",IF(ISNUMBER(SEARCH("tag",H66)),"Tage","")))))) | AK66: =IF(AND(ISNUMBER(AI66),AJ66<>""),IF(AI66>0,AI66*IF(AJ66="Tage",1,IF(AJ66="Wochen",7,IF(AJ66="Monate",365/12,365))),""),"") | AL66: =IF(ISNUMBER(AK66),365/AK66,"") | AM66: =IF(AND(ISNUMBER(AL66),ISNUMBER(AE66)),AL66*AE66/60,"") | AN66: =IF(ISNUMBER(AA66),AA66-ROW()/100000,"") | AO66: =IF(OR(L66="überfällig",L66="fällig"),J66+ROW()/100000,"") | AP66: 9.02 | AQ66: Stoßdämpfer / Minischlitten auf Funktion prüfen
A67: 9.3 | B67: Schwenkeinheit 66° und 12° auf Funktion prüfen; Stoßdämpfer auf Funktion prüfen | C67: Funktionsprüfung | E67: Schwenkwinkel 66° / 12° werden sicher erreicht | G67: =IF(AB67="unvollständig","Bewertung fehlt",INDEX(Kl_Intervall,MATCH(AB67,Kl_Name,0))) | H67: =IF(G67="Bewertung fehlt","",G67) | J67: =IF(OR(I67="",NOT(ISNUMBER(AK67))),"",IF(AJ67="Tage",I67+AI67,IF(AJ67="Wochen",I67+7*AI67,EDATE(I67,ROUND(AI67*IF(AJ67="Jahre",12,1),0))))) | K67: =IF(J67="","",J67-TODAY()) | L67: =IF(H67="","Intervall fehlt",IF(NOT(ISNUMBER(AK67)),"Intervall prüfen",IF(I67="","nicht erfasst",IF(K67<0,"überfällig",IF(K67<=MIN(P_Vorwarn,ROUND(AK67/4,0)),"fällig","in Ordnung"))))) | Q67: 4 | R67: 3 | S67: 3 | T67: 2 | U67: 2 | V67: 3 | W67: 3 | X67: 3 | Y67: =P_SF | Z67: =IF(COUNT(Q67:V67)=6,SQRT(SUMSQ(Q67:V67))/2,"") | AA67: =IF(COUNT(W67:Z67)=4,Z67*W67*X67*Y67,"") | AB67: =IF(AA67="","unvollständig",IF(AA67>P_Grenze_kritisch,"kritisch",IF(AA67>=P_Grenze_hoch,"hoch",IF(AA67>=P_Grenze_mittel,"mittel","gering")))) | AC67: =TRIM(IF(N(T67)>=P_Krit,"AS ","")&IF(N(S67)>=P_Krit,"Q ","")&IF(N(U67)>=P_Krit,"US","")) | AD67: =IF(ISNUMBER(R67),INDEX(IH_Text,R67),"") | AG67: Beladehandling (Handling Glattrohrgreifer) und Entnahmehandling (Handling Balggreifer) | AH67: Maßnahme | AI67: =IF(H67="","",IFERROR(INDEX(Iv_Anzahl,MATCH(H67,Iv_Name,0)),IFERROR(VALUE(LEFT(TRIM(SUBSTITUTE(LOWER(H67),"alle ","")),FIND(" ",TRIM(SUBSTITUTE(LOWER(H67),"alle ",""))&" ")-1)),""))) | AJ67: =IF(H67="","",IFERROR(INDEX(Iv_Einheit,MATCH(H67,Iv_Name,0)),IF(ISNUMBER(SEARCH("jahr",H67)),"Jahre",IF(ISNUMBER(SEARCH("monat",H67)),"Monate",IF(ISNUMBER(SEARCH("woche",H67)),"Wochen",IF(ISNUMBER(SEARCH("tag",H67)),"Tage","")))))) | AK67: =IF(AND(ISNUMBER(AI67),AJ67<>""),IF(AI67>0,AI67*IF(AJ67="Tage",1,IF(AJ67="Wochen",7,IF(AJ67="Monate",365/12,365))),""),"") | AL67: =IF(ISNUMBER(AK67),365/AK67,"") | AM67: =IF(AND(ISNUMBER(AL67),ISNUMBER(AE67)),AL67*AE67/60,"") | AN67: =IF(ISNUMBER(AA67),AA67-ROW()/100000,"") | AO67: =IF(OR(L67="überfällig",L67="fällig"),J67+ROW()/100000,"") | AP67: 9.03 | AQ67: Schwenkeinheit 66° & 12° auf Funktion prüfen Stoßdämpfer auf Funktion prüfen
A68: 9.4 | B68: Alle Sensoren/Endschalter nach folgenden Kriterien inspizieren: | D68: ⚠ Gefahrenstelle | AG68: Beladehandling (Handling Glattrohrgreifer) und Entnahmehandling (Handling Balggreifer) | AH68: Prüfgruppe | AP68: 9.1 | AQ68: Inspiziere alle Sensoren/Endschalter nach folgenden Kriterien:
A69: 9.4.1 | B69: Funktion testen | C69: Funktionsprüfung | E69: Schaltsignal kommt sicher | G69: =IF(AB69="unvollständig","Bewertung fehlt",INDEX(Kl_Intervall,MATCH(AB69,Kl_Name,0))) | H69: =IF(G69="Bewertung fehlt","",G69) | J69: =IF(OR(I69="",NOT(ISNUMBER(AK69))),"",IF(AJ69="Tage",I69+AI69,IF(AJ69="Wochen",I69+7*AI69,EDATE(I69,ROUND(AI69*IF(AJ69="Jahre",12,1),0))))) | K69: =IF(J69="","",J69-TODAY()) | L69: =IF(H69="","Intervall fehlt",IF(NOT(ISNUMBER(AK69)),"Intervall prüfen",IF(I69="","nicht erfasst",IF(K69<0,"überfällig",IF(K69<=MIN(P_Vorwarn,ROUND(AK69/4,0)),"fällig","in Ordnung"))))) | Q69: =Q39 | R69: =R39 | S69: =S39 | T69: =T39 | U69: =U39 | V69: =V39 | W69: =W39 | X69: =X39 | Y69: =P_SF | Z69: =IF(COUNT(Q69:V69)=6,SQRT(SUMSQ(Q69:V69))/2,"") | AA69: =IF(COUNT(W69:Z69)=4,Z69*W69*X69*Y69,"") | AB69: =IF(AA69="","unvollständig",IF(AA69>P_Grenze_kritisch,"kritisch",IF(AA69>=P_Grenze_hoch,"hoch",IF(AA69>=P_Grenze_mittel,"mittel","gering")))) | AC69: =TRIM(IF(N(T69)>=P_Krit,"AS ","")&IF(N(S69)>=P_Krit,"Q ","")&IF(N(U69)>=P_Krit,"US","")) | AD69: =IF(ISNUMBER(R69),INDEX(IH_Text,R69),"") | AF69: 5.3.1 | AG69: Beladehandling (Handling Glattrohrgreifer) und Entnahmehandling (Handling Balggreifer) | AH69: Maßnahme | AI69: =IF(H69="","",IFERROR(INDEX(Iv_Anzahl,MATCH(H69,Iv_Name,0)),IFERROR(VALUE(LEFT(TRIM(SUBSTITUTE(LOWER(H69),"alle ","")),FIND(" ",TRIM(SUBSTITUTE(LOWER(H69),"alle ",""))&" ")-1)),""))) | AJ69: =IF(H69="","",IFERROR(INDEX(Iv_Einheit,MATCH(H69,Iv_Name,0)),IF(ISNUMBER(SEARCH("jahr",H69)),"Jahre",IF(ISNUMBER(SEARCH("monat",H69)),"Monate",IF(ISNUMBER(SEARCH("woche",H69)),"Wochen",IF(ISNUMBER(SEARCH("tag",H69)),"Tage","")))))) | AK69: =IF(AND(ISNUMBER(AI69),AJ69<>""),IF(AI69>0,AI69*IF(AJ69="Tage",1,IF(AJ69="Wochen",7,IF(AJ69="Monate",365/12,365))),""),"") | AL69: =IF(ISNUMBER(AK69),365/AK69,"") | AM69: =IF(AND(ISNUMBER(AL69),ISNUMBER(AE69)),AL69*AE69/60,"") | AN69: =IF(ISNUMBER(AA69),AA69-ROW()/100000,"") | AO69: =IF(OR(L69="überfällig",L69="fällig"),J69+ROW()/100000,"") | AP69: 9.1.1 | AQ69: Funktion testen
A70: 9.4.2 | B70: Anschlüsse kontrollieren | C70: Inspektion | E70: Stecker fest, unbeschädigt | G70: =IF(AB70="unvollständig","Bewertung fehlt",INDEX(Kl_Intervall,MATCH(AB70,Kl_Name,0))) | H70: =IF(G70="Bewertung fehlt","",G70) | J70: =IF(OR(I70="",NOT(ISNUMBER(AK70))),"",IF(AJ70="Tage",I70+AI70,IF(AJ70="Wochen",I70+7*AI70,EDATE(I70,ROUND(AI70*IF(AJ70="Jahre",12,1),0))))) | K70: =IF(J70="","",J70-TODAY()) | L70: =IF(H70="","Intervall fehlt",IF(NOT(ISNUMBER(AK70)),"Intervall prüfen",IF(I70="","nicht erfasst",IF(K70<0,"überfällig",IF(K70<=MIN(P_Vorwarn,ROUND(AK70/4,0)),"fällig","in Ordnung"))))) | Q70: =Q40 | R70: =R40 | S70: =S40 | T70: =T40 | U70: =U40 | V70: =V40 | W70: =W40 | X70: =X40 | Y70: =P_SF | Z70: =IF(COUNT(Q70:V70)=6,SQRT(SUMSQ(Q70:V70))/2,"") | AA70: =IF(COUNT(W70:Z70)=4,Z70*W70*X70*Y70,"") | AB70: =IF(AA70="","unvollständig",IF(AA70>P_Grenze_kritisch,"kritisch",IF(AA70>=P_Grenze_hoch,"hoch",IF(AA70>=P_Grenze_mittel,"mittel","gering")))) | AC70: =TRIM(IF(N(T70)>=P_Krit,"AS ","")&IF(N(S70)>=P_Krit,"Q ","")&IF(N(U70)>=P_Krit,"US","")) | AD70: =IF(ISNUMBER(R70),INDEX(IH_Text,R70),"") | AF70: 5.3.2 | AG70: Beladehandling (Handling Glattrohrgreifer) und Entnahmehandling (Handling Balggreifer) | AH70: Maßnahme | AI70: =IF(H70="","",IFERROR(INDEX(Iv_Anzahl,MATCH(H70,Iv_Name,0)),IFERROR(VALUE(LEFT(TRIM(SUBSTITUTE(LOWER(H70),"alle ","")),FIND(" ",TRIM(SUBSTITUTE(LOWER(H70),"alle ",""))&" ")-1)),""))) | AJ70: =IF(H70="","",IFERROR(INDEX(Iv_Einheit,MATCH(H70,Iv_Name,0)),IF(ISNUMBER(SEARCH("jahr",H70)),"Jahre",IF(ISNUMBER(SEARCH("monat",H70)),"Monate",IF(ISNUMBER(SEARCH("woche",H70)),"Wochen",IF(ISNUMBER(SEARCH("tag",H70)),"Tage","")))))) | AK70: =IF(AND(ISNUMBER(AI70),AJ70<>""),IF(AI70>0,AI70*IF(AJ70="Tage",1,IF(AJ70="Wochen",7,IF(AJ70="Monate",365/12,365))),""),"") | AL70: =IF(ISNUMBER(AK70),365/AK70,"") | AM70: =IF(AND(ISNUMBER(AL70),ISNUMBER(AE70)),AL70*AE70/60,"") | AN70: =IF(ISNUMBER(AA70),AA70-ROW()/100000,"") | AO70: =IF(OR(L70="überfällig",L70="fällig"),J70+ROW()/100000,"") | AP70: 9.1.2 | AQ70: Anschlüsse kontrollieren
A71: 9.4.3 | B71: Befestigung und Position kontrollieren | C71: Inspektion | E71: Fest, Position unverändert | G71: =IF(AB71="unvollständig","Bewertung fehlt",INDEX(Kl_Intervall,MATCH(AB71,Kl_Name,0))) | H71: =IF(G71="Bewertung fehlt","",G71) | J71: =IF(OR(I71="",NOT(ISNUMBER(AK71))),"",IF(AJ71="Tage",I71+AI71,IF(AJ71="Wochen",I71+7*AI71,EDATE(I71,ROUND(AI71*IF(AJ71="Jahre",12,1),0))))) | K71: =IF(J71="","",J71-TODAY()) | L71: =IF(H71="","Intervall fehlt",IF(NOT(ISNUMBER(AK71)),"Intervall prüfen",IF(I71="","nicht erfasst",IF(K71<0,"überfällig",IF(K71<=MIN(P_Vorwarn,ROUND(AK71/4,0)),"fällig","in Ordnung"))))) | Q71: =Q41 | R71: =R41 | S71: =S41 | T71: =T41 | U71: =U41 | V71: =V41 | W71: =W41 | X71: =X41 | Y71: =P_SF | Z71: =IF(COUNT(Q71:V71)=6,SQRT(SUMSQ(Q71:V71))/2,"") | AA71: =IF(COUNT(W71:Z71)=4,Z71*W71*X71*Y71,"") | AB71: =IF(AA71="","unvollständig",IF(AA71>P_Grenze_kritisch,"kritisch",IF(AA71>=P_Grenze_hoch,"hoch",IF(AA71>=P_Grenze_mittel,"mittel","gering")))) | AC71: =TRIM(IF(N(T71)>=P_Krit,"AS ","")&IF(N(S71)>=P_Krit,"Q ","")&IF(N(U71)>=P_Krit,"US","")) | AD71: =IF(ISNUMBER(R71),INDEX(IH_Text,R71),"") | AF71: 5.3.3 | AG71: Beladehandling (Handling Glattrohrgreifer) und Entnahmehandling (Handling Balggreifer) | AH71: Maßnahme | AI71: =IF(H71="","",IFERROR(INDEX(Iv_Anzahl,MATCH(H71,Iv_Name,0)),IFERROR(VALUE(LEFT(TRIM(SUBSTITUTE(LOWER(H71),"alle ","")),FIND(" ",TRIM(SUBSTITUTE(LOWER(H71),"alle ",""))&" ")-1)),""))) | AJ71: =IF(H71="","",IFERROR(INDEX(Iv_Einheit,MATCH(H71,Iv_Name,0)),IF(ISNUMBER(SEARCH("jahr",H71)),"Jahre",IF(ISNUMBER(SEARCH("monat",H71)),"Monate",IF(ISNUMBER(SEARCH("woche",H71)),"Wochen",IF(ISNUMBER(SEARCH("tag",H71)),"Tage","")))))) | AK71: =IF(AND(ISNUMBER(AI71),AJ71<>""),IF(AI71>0,AI71*IF(AJ71="Tage",1,IF(AJ71="Wochen",7,IF(AJ71="Monate",365/12,365))),""),"") | AL71: =IF(ISNUMBER(AK71),365/AK71,"") | AM71: =IF(AND(ISNUMBER(AL71),ISNUMBER(AE71)),AL71*AE71/60,"") | AN71: =IF(ISNUMBER(AA71),AA71-ROW()/100000,"") | AO71: =IF(OR(L71="überfällig",L71="fällig"),J71+ROW()/100000,"") | AP71: 9.1.3 | AQ71: Befestigung und Position kontrollieren
A72: 9.4.4 | B72: Sensor auf Beschädigung kontrollieren | C72: Inspektion | E72: Keine Beschädigung | G72: =IF(AB72="unvollständig","Bewertung fehlt",INDEX(Kl_Intervall,MATCH(AB72,Kl_Name,0))) | H72: =IF(G72="Bewertung fehlt","",G72) | J72: =IF(OR(I72="",NOT(ISNUMBER(AK72))),"",IF(AJ72="Tage",I72+AI72,IF(AJ72="Wochen",I72+7*AI72,EDATE(I72,ROUND(AI72*IF(AJ72="Jahre",12,1),0))))) | K72: =IF(J72="","",J72-TODAY()) | L72: =IF(H72="","Intervall fehlt",IF(NOT(ISNUMBER(AK72)),"Intervall prüfen",IF(I72="","nicht erfasst",IF(K72<0,"überfällig",IF(K72<=MIN(P_Vorwarn,ROUND(AK72/4,0)),"fällig","in Ordnung"))))) | Q72: =Q42 | R72: =R42 | S72: =S42 | T72: =T42 | U72: =U42 | V72: =V42 | W72: =W42 | X72: 3 | Y72: =P_SF | Z72: =IF(COUNT(Q72:V72)=6,SQRT(SUMSQ(Q72:V72))/2,"") | AA72: =IF(COUNT(W72:Z72)=4,Z72*W72*X72*Y72,"") | AB72: =IF(AA72="","unvollständig",IF(AA72>P_Grenze_kritisch,"kritisch",IF(AA72>=P_Grenze_hoch,"hoch",IF(AA72>=P_Grenze_mittel,"mittel","gering")))) | AC72: =TRIM(IF(N(T72)>=P_Krit,"AS ","")&IF(N(S72)>=P_Krit,"Q ","")&IF(N(U72)>=P_Krit,"US","")) | AD72: =IF(ISNUMBER(R72),INDEX(IH_Text,R72),"") | AF72: 5.3.4 | AG72: Beladehandling (Handling Glattrohrgreifer) und Entnahmehandling (Handling Balggreifer) | AH72: Maßnahme | AI72: =IF(H72="","",IFERROR(INDEX(Iv_Anzahl,MATCH(H72,Iv_Name,0)),IFERROR(VALUE(LEFT(TRIM(SUBSTITUTE(LOWER(H72),"alle ","")),FIND(" ",TRIM(SUBSTITUTE(LOWER(H72),"alle ",""))&" ")-1)),""))) | AJ72: =IF(H72="","",IFERROR(INDEX(Iv_Einheit,MATCH(H72,Iv_Name,0)),IF(ISNUMBER(SEARCH("jahr",H72)),"Jahre",IF(ISNUMBER(SEARCH("monat",H72)),"Monate",IF(ISNUMBER(SEARCH("woche",H72)),"Wochen",IF(ISNUMBER(SEARCH("tag",H72)),"Tage","")))))) | AK72: =IF(AND(ISNUMBER(AI72),AJ72<>""),IF(AI72>0,AI72*IF(AJ72="Tage",1,IF(AJ72="Wochen",7,IF(AJ72="Monate",365/12,365))),""),"") | AL72: =IF(ISNUMBER(AK72),365/AK72,"") | AM72: =IF(AND(ISNUMBER(AL72),ISNUMBER(AE72)),AL72*AE72/60,"") | AN72: =IF(ISNUMBER(AA72),AA72-ROW()/100000,"") | AO72: =IF(OR(L72="überfällig",L72="fällig"),J72+ROW()/100000,"") | AP72: 9.1.4 | AQ72: Sensor auf Beschädigung kontrollieren
A73: 9.4.5 | B73: Hydraulik- und Pneumatikleitungen/-anschlüsse kontrollieren | C73: Inspektion | E73: Dicht, unbeschädigt | G73: =IF(AB73="unvollständig","Bewertung fehlt",INDEX(Kl_Intervall,MATCH(AB73,Kl_Name,0))) | H73: =IF(G73="Bewertung fehlt","",G73) | J73: =IF(OR(I73="",NOT(ISNUMBER(AK73))),"",IF(AJ73="Tage",I73+AI73,IF(AJ73="Wochen",I73+7*AI73,EDATE(I73,ROUND(AI73*IF(AJ73="Jahre",12,1),0))))) | K73: =IF(J73="","",J73-TODAY()) | L73: =IF(H73="","Intervall fehlt",IF(NOT(ISNUMBER(AK73)),"Intervall prüfen",IF(I73="","nicht erfasst",IF(K73<0,"überfällig",IF(K73<=MIN(P_Vorwarn,ROUND(AK73/4,0)),"fällig","in Ordnung"))))) | Q73: 3 | R73: 2 | S73: 2 | T73: 3 | U73: 3 | V73: 2 | W73: 3 | X73: 3 | Y73: =P_SF | Z73: =IF(COUNT(Q73:V73)=6,SQRT(SUMSQ(Q73:V73))/2,"") | AA73: =IF(COUNT(W73:Z73)=4,Z73*W73*X73*Y73,"") | AB73: =IF(AA73="","unvollständig",IF(AA73>P_Grenze_kritisch,"kritisch",IF(AA73>=P_Grenze_hoch,"hoch",IF(AA73>=P_Grenze_mittel,"mittel","gering")))) | AC73: =TRIM(IF(N(T73)>=P_Krit,"AS ","")&IF(N(S73)>=P_Krit,"Q ","")&IF(N(U73)>=P_Krit,"US","")) | AD73: =IF(ISNUMBER(R73),INDEX(IH_Text,R73),"") | AG73: Beladehandling (Handling Glattrohrgreifer) und Entnahmehandling (Handling Balggreifer) | AH73: Maßnahme | AI73: =IF(H73="","",IFERROR(INDEX(Iv_Anzahl,MATCH(H73,Iv_Name,0)),IFERROR(VALUE(LEFT(TRIM(SUBSTITUTE(LOWER(H73),"alle ","")),FIND(" ",TRIM(SUBSTITUTE(LOWER(H73),"alle ",""))&" ")-1)),""))) | AJ73: =IF(H73="","",IFERROR(INDEX(Iv_Einheit,MATCH(H73,Iv_Name,0)),IF(ISNUMBER(SEARCH("jahr",H73)),"Jahre",IF(ISNUMBER(SEARCH("monat",H73)),"Monate",IF(ISNUMBER(SEARCH("woche",H73)),"Wochen",IF(ISNUMBER(SEARCH("tag",H73)),"Tage","")))))) | AK73: =IF(AND(ISNUMBER(AI73),AJ73<>""),IF(AI73>0,AI73*IF(AJ73="Tage",1,IF(AJ73="Wochen",7,IF(AJ73="Monate",365/12,365))),""),"") | AL73: =IF(ISNUMBER(AK73),365/AK73,"") | AM73: =IF(AND(ISNUMBER(AL73),ISNUMBER(AE73)),AL73*AE73/60,"") | AN73: =IF(ISNUMBER(AA73),AA73-ROW()/100000,"") | AO73: =IF(OR(L73="überfällig",L73="fällig"),J73+ROW()/100000,"") | AP73: 9.1.5 | AQ73: Hydraulikleitungen/Anschlüsse u. Pneumatikleitungen/Anschlüsse kontrollieren
A74: 9.4.6 | B74: Kabelklemmung, Knickschutz, Kabelkasten und Leitungen auf Beschädigung prüfen | C74: Inspektion | D74: ⚠ Gefahrenstelle | E74: Keine Beschädigung; Zugentlastung wirksam | G74: =IF(AB74="unvollständig","Bewertung fehlt",INDEX(Kl_Intervall,MATCH(AB74,Kl_Name,0))) | H74: =IF(G74="Bewertung fehlt","",G74) | J74: =IF(OR(I74="",NOT(ISNUMBER(AK74))),"",IF(AJ74="Tage",I74+AI74,IF(AJ74="Wochen",I74+7*AI74,EDATE(I74,ROUND(AI74*IF(AJ74="Jahre",12,1),0))))) | K74: =IF(J74="","",J74-TODAY()) | L74: =IF(H74="","Intervall fehlt",IF(NOT(ISNUMBER(AK74)),"Intervall prüfen",IF(I74="","nicht erfasst",IF(K74<0,"überfällig",IF(K74<=MIN(P_Vorwarn,ROUND(AK74/4,0)),"fällig","in Ordnung"))))) | Q74: =Q43 | R74: =R43 | S74: =S43 | T74: =T43 | U74: =U43 | V74: =V43 | W74: =W43 | X74: =X43 | Y74: =P_SF | Z74: =IF(COUNT(Q74:V74)=6,SQRT(SUMSQ(Q74:V74))/2,"") | AA74: =IF(COUNT(W74:Z74)=4,Z74*W74*X74*Y74,"") | AB74: =IF(AA74="","unvollständig",IF(AA74>P_Grenze_kritisch,"kritisch",IF(AA74>=P_Grenze_hoch,"hoch",IF(AA74>=P_Grenze_mittel,"mittel","gering")))) | AC74: =TRIM(IF(N(T74)>=P_Krit,"AS ","")&IF(N(S74)>=P_Krit,"Q ","")&IF(N(U74)>=P_Krit,"US","")) | AD74: =IF(ISNUMBER(R74),INDEX(IH_Text,R74),"") | AF74: 5.3.5 | AG74: Beladehandling (Handling Glattrohrgreifer) und Entnahmehandling (Handling Balggreifer) | AH74: Maßnahme | AI74: =IF(H74="","",IFERROR(INDEX(Iv_Anzahl,MATCH(H74,Iv_Name,0)),IFERROR(VALUE(LEFT(TRIM(SUBSTITUTE(LOWER(H74),"alle ","")),FIND(" ",TRIM(SUBSTITUTE(LOWER(H74),"alle ",""))&" ")-1)),""))) | AJ74: =IF(H74="","",IFERROR(INDEX(Iv_Einheit,MATCH(H74,Iv_Name,0)),IF(ISNUMBER(SEARCH("jahr",H74)),"Jahre",IF(ISNUMBER(SEARCH("monat",H74)),"Monate",IF(ISNUMBER(SEARCH("woche",H74)),"Wochen",IF(ISNUMBER(SEARCH("tag",H74)),"Tage","")))))) | AK74: =IF(AND(ISNUMBER(AI74),AJ74<>""),IF(AI74>0,AI74*IF(AJ74="Tage",1,IF(AJ74="Wochen",7,IF(AJ74="Monate",365/12,365))),""),"") | AL74: =IF(ISNUMBER(AK74),365/AK74,"") | AM74: =IF(AND(ISNUMBER(AL74),ISNUMBER(AE74)),AL74*AE74/60,"") | AN74: =IF(ISNUMBER(AA74),AA74-ROW()/100000,"") | AO74: =IF(OR(L74="überfällig",L74="fällig"),J74+ROW()/100000,"") | AP74: 9.1.6 | AQ74: Prüfe Kabelklemmung, Knickschutz, Kabelkasten und Leitungen auf Beschädigung
A75: 10 | B75: Wartungseinheit (falls vorhanden) (Pos. 15) | AG75: Wartungseinheit (falls vorhanden) | AH75: Baugruppe | AP75: 10 | AQ75: 15.) Wartungseinheit (falls vorhanden)
A76: 10.1 | B76: Kondensat ablassen, Filter reinigen, Öl DTE 25 nachfüllen (0,05 l) | C76: Wartung | D76: Öl DTE 25; 0,05 l | E76: Kein Kondensat; Filter sauber; Ölstand i.O. | G76: =IF(AB76="unvollständig","Bewertung fehlt",INDEX(Kl_Intervall,MATCH(AB76,Kl_Name,0))) | H76: =IF(G76="Bewertung fehlt","",G76) | J76: =IF(OR(I76="",NOT(ISNUMBER(AK76))),"",IF(AJ76="Tage",I76+AI76,IF(AJ76="Wochen",I76+7*AI76,EDATE(I76,ROUND(AI76*IF(AJ76="Jahre",12,1),0))))) | K76: =IF(J76="","",J76-TODAY()) | L76: =IF(H76="","Intervall fehlt",IF(NOT(ISNUMBER(AK76)),"Intervall prüfen",IF(I76="","nicht erfasst",IF(K76<0,"überfällig",IF(K76<=MIN(P_Vorwarn,ROUND(AK76/4,0)),"fällig","in Ordnung"))))) | Q76: 3 | R76: 2 | S76: 2 | T76: 2 | U76: 4 | V76: 2 | W76: 2 | X76: 4 | Y76: =P_SF | Z76: =IF(COUNT(Q76:V76)=6,SQRT(SUMSQ(Q76:V76))/2,"") | AA76: =IF(COUNT(W76:Z76)=4,Z76*W76*X76*Y76,"") | AB76: =IF(AA76="","unvollständig",IF(AA76>P_Grenze_kritisch,"kritisch",IF(AA76>=P_Grenze_hoch,"hoch",IF(AA76>=P_Grenze_mittel,"mittel","gering")))) | AC76: =TRIM(IF(N(T76)>=P_Krit,"AS ","")&IF(N(S76)>=P_Krit,"Q ","")&IF(N(U76)>=P_Krit,"US","")) | AD76: =IF(ISNUMBER(R76),INDEX(IH_Text,R76),"") | AG76: Wartungseinheit (falls vorhanden) | AH76: Maßnahme | AI76: =IF(H76="","",IFERROR(INDEX(Iv_Anzahl,MATCH(H76,Iv_Name,0)),IFERROR(VALUE(LEFT(TRIM(SUBSTITUTE(LOWER(H76),"alle ","")),FIND(" ",TRIM(SUBSTITUTE(LOWER(H76),"alle ",""))&" ")-1)),""))) | AJ76: =IF(H76="","",IFERROR(INDEX(Iv_Einheit,MATCH(H76,Iv_Name,0)),IF(ISNUMBER(SEARCH("jahr",H76)),"Jahre",IF(ISNUMBER(SEARCH("monat",H76)),"Monate",IF(ISNUMBER(SEARCH("woche",H76)),"Wochen",IF(ISNUMBER(SEARCH("tag",H76)),"Tage","")))))) | AK76: =IF(AND(ISNUMBER(AI76),AJ76<>""),IF(AI76>0,AI76*IF(AJ76="Tage",1,IF(AJ76="Wochen",7,IF(AJ76="Monate",365/12,365))),""),"") | AL76: =IF(ISNUMBER(AK76),365/AK76,"") | AM76: =IF(AND(ISNUMBER(AL76),ISNUMBER(AE76)),AL76*AE76/60,"") | AN76: =IF(ISNUMBER(AA76),AA76-ROW()/100000,"") | AO76: =IF(OR(L76="überfällig",L76="fällig"),J76+ROW()/100000,"") | AP76: 10.1 | AQ76: Kondensat ablassen, Filter reinigen, Öl DTE 25 nachfüllen (0,05 Liter)
A77: 11 | B77: Glattrohrzuführung und Vereinzeler/Rohrstopper (Pos. 16 / 17) | AG77: Glattrohrzuführung und Vereinzeler/Rohrstopper | AH77: Baugruppe | AP77: 11 | AQ77: 16.) Glattrohrzuführung 17.) Vereinzeler/Rohrstopper
A78: 11.1 | B78: Alle Pneumatikventile/Ventilinseln nach folgenden Kriterien prüfen: | AG78: Glattrohrzuführung und Vereinzeler/Rohrstopper | AH78: Prüfgruppe | AP78: 11.1.1 | AQ78: Prüfe alle Pneumatikventile/Ventilinseln nach folgenden Kriterien:
A79: 11.1.1 | B79: Anschlüsse auf Dichtheit und Beschädigungen prüfen | C79: Inspektion | E79: Dicht (keine hörbare Leckage), unbeschädigt | G79: =IF(AB79="unvollständig","Bewertung fehlt",INDEX(Kl_Intervall,MATCH(AB79,Kl_Name,0))) | H79: =IF(G79="Bewertung fehlt","",G79) | J79: =IF(OR(I79="",NOT(ISNUMBER(AK79))),"",IF(AJ79="Tage",I79+AI79,IF(AJ79="Wochen",I79+7*AI79,EDATE(I79,ROUND(AI79*IF(AJ79="Jahre",12,1),0))))) | K79: =IF(J79="","",J79-TODAY()) | L79: =IF(H79="","Intervall fehlt",IF(NOT(ISNUMBER(AK79)),"Intervall prüfen",IF(I79="","nicht erfasst",IF(K79<0,"überfällig",IF(K79<=MIN(P_Vorwarn,ROUND(AK79/4,0)),"fällig","in Ordnung"))))) | Q79: =Q33 | R79: =R33 | S79: =S33 | T79: =T33 | U79: =U33 | V79: =V33 | W79: =W33 | X79: =X33 | Y79: =P_SF | Z79: =IF(COUNT(Q79:V79)=6,SQRT(SUMSQ(Q79:V79))/2,"") | AA79: =IF(COUNT(W79:Z79)=4,Z79*W79*X79*Y79,"") | AB79: =IF(AA79="","unvollständig",IF(AA79>P_Grenze_kritisch,"kritisch",IF(AA79>=P_Grenze_hoch,"hoch",IF(AA79>=P_Grenze_mittel,"mittel","gering")))) | AC79: =TRIM(IF(N(T79)>=P_Krit,"AS ","")&IF(N(S79)>=P_Krit,"Q ","")&IF(N(U79)>=P_Krit,"US","")) | AD79: =IF(ISNUMBER(R79),INDEX(IH_Text,R79),"") | AF79: 5.2.3 | AG79: Glattrohrzuführung und Vereinzeler/Rohrstopper | AH79: Maßnahme | AI79: =IF(H79="","",IFERROR(INDEX(Iv_Anzahl,MATCH(H79,Iv_Name,0)),IFERROR(VALUE(LEFT(TRIM(SUBSTITUTE(LOWER(H79),"alle ","")),FIND(" ",TRIM(SUBSTITUTE(LOWER(H79),"alle ",""))&" ")-1)),""))) | AJ79: =IF(H79="","",IFERROR(INDEX(Iv_Einheit,MATCH(H79,Iv_Name,0)),IF(ISNUMBER(SEARCH("jahr",H79)),"Jahre",IF(ISNUMBER(SEARCH("monat",H79)),"Monate",IF(ISNUMBER(SEARCH("woche",H79)),"Wochen",IF(ISNUMBER(SEARCH("tag",H79)),"Tage","")))))) | AK79: =IF(AND(ISNUMBER(AI79),AJ79<>""),IF(AI79>0,AI79*IF(AJ79="Tage",1,IF(AJ79="Wochen",7,IF(AJ79="Monate",365/12,365))),""),"") | AL79: =IF(ISNUMBER(AK79),365/AK79,"") | AM79: =IF(AND(ISNUMBER(AL79),ISNUMBER(AE79)),AL79*AE79/60,"") | AN79: =IF(ISNUMBER(AA79),AA79-ROW()/100000,"") | AO79: =IF(OR(L79="überfällig",L79="fällig"),J79+ROW()/100000,"") | AP79: 11.1.2 | AQ79: Anschlüsse auf Dichtheit und Beschädigungen prüfen
A80: 11.1.2 | B80: Befestigung der Ventile prüfen | C80: Inspektion | E80: Fest | G80: =IF(AB80="unvollständig","Bewertung fehlt",INDEX(Kl_Intervall,MATCH(AB80,Kl_Name,0))) | H80: =IF(G80="Bewertung fehlt","",G80) | J80: =IF(OR(I80="",NOT(ISNUMBER(AK80))),"",IF(AJ80="Tage",I80+AI80,IF(AJ80="Wochen",I80+7*AI80,EDATE(I80,ROUND(AI80*IF(AJ80="Jahre",12,1),0))))) | K80: =IF(J80="","",J80-TODAY()) | L80: =IF(H80="","Intervall fehlt",IF(NOT(ISNUMBER(AK80)),"Intervall prüfen",IF(I80="","nicht erfasst",IF(K80<0,"überfällig",IF(K80<=MIN(P_Vorwarn,ROUND(AK80/4,0)),"fällig","in Ordnung"))))) | Q80: =Q34 | R80: =R34 | S80: =S34 | T80: =T34 | U80: =U34 | V80: =V34 | W80: =W34 | X80: =X34 | Y80: =P_SF | Z80: =IF(COUNT(Q80:V80)=6,SQRT(SUMSQ(Q80:V80))/2,"") | AA80: =IF(COUNT(W80:Z80)=4,Z80*W80*X80*Y80,"") | AB80: =IF(AA80="","unvollständig",IF(AA80>P_Grenze_kritisch,"kritisch",IF(AA80>=P_Grenze_hoch,"hoch",IF(AA80>=P_Grenze_mittel,"mittel","gering")))) | AC80: =TRIM(IF(N(T80)>=P_Krit,"AS ","")&IF(N(S80)>=P_Krit,"Q ","")&IF(N(U80)>=P_Krit,"US","")) | AD80: =IF(ISNUMBER(R80),INDEX(IH_Text,R80),"") | AF80: 5.2.4 | AG80: Glattrohrzuführung und Vereinzeler/Rohrstopper | AH80: Maßnahme | AI80: =IF(H80="","",IFERROR(INDEX(Iv_Anzahl,MATCH(H80,Iv_Name,0)),IFERROR(VALUE(LEFT(TRIM(SUBSTITUTE(LOWER(H80),"alle ","")),FIND(" ",TRIM(SUBSTITUTE(LOWER(H80),"alle ",""))&" ")-1)),""))) | AJ80: =IF(H80="","",IFERROR(INDEX(Iv_Einheit,MATCH(H80,Iv_Name,0)),IF(ISNUMBER(SEARCH("jahr",H80)),"Jahre",IF(ISNUMBER(SEARCH("monat",H80)),"Monate",IF(ISNUMBER(SEARCH("woche",H80)),"Wochen",IF(ISNUMBER(SEARCH("tag",H80)),"Tage","")))))) | AK80: =IF(AND(ISNUMBER(AI80),AJ80<>""),IF(AI80>0,AI80*IF(AJ80="Tage",1,IF(AJ80="Wochen",7,IF(AJ80="Monate",365/12,365))),""),"") | AL80: =IF(ISNUMBER(AK80),365/AK80,"") | AM80: =IF(AND(ISNUMBER(AL80),ISNUMBER(AE80)),AL80*AE80/60,"") | AN80: =IF(ISNUMBER(AA80),AA80-ROW()/100000,"") | AO80: =IF(OR(L80="überfällig",L80="fällig"),J80+ROW()/100000,"") | AP80: 11.1.3 | AQ80: überprüfe die Befestigung d. Ventile
A81: 11.1.3 | B81: Funktion der Ventile testen | C81: Funktionsprüfung | E81: Ventile schalten einwandfrei | G81: =IF(AB81="unvollständig","Bewertung fehlt",INDEX(Kl_Intervall,MATCH(AB81,Kl_Name,0))) | H81: =IF(G81="Bewertung fehlt","",G81) | J81: =IF(OR(I81="",NOT(ISNUMBER(AK81))),"",IF(AJ81="Tage",I81+AI81,IF(AJ81="Wochen",I81+7*AI81,EDATE(I81,ROUND(AI81*IF(AJ81="Jahre",12,1),0))))) | K81: =IF(J81="","",J81-TODAY()) | L81: =IF(H81="","Intervall fehlt",IF(NOT(ISNUMBER(AK81)),"Intervall prüfen",IF(I81="","nicht erfasst",IF(K81<0,"überfällig",IF(K81<=MIN(P_Vorwarn,ROUND(AK81/4,0)),"fällig","in Ordnung"))))) | Q81: =Q35 | R81: =R35 | S81: =S35 | T81: =T35 | U81: =U35 | V81: =V35 | W81: =W35 | X81: =X35 | Y81: =P_SF | Z81: =IF(COUNT(Q81:V81)=6,SQRT(SUMSQ(Q81:V81))/2,"") | AA81: =IF(COUNT(W81:Z81)=4,Z81*W81*X81*Y81,"") | AB81: =IF(AA81="","unvollständig",IF(AA81>P_Grenze_kritisch,"kritisch",IF(AA81>=P_Grenze_hoch,"hoch",IF(AA81>=P_Grenze_mittel,"mittel","gering")))) | AC81: =TRIM(IF(N(T81)>=P_Krit,"AS ","")&IF(N(S81)>=P_Krit,"Q ","")&IF(N(U81)>=P_Krit,"US","")) | AD81: =IF(ISNUMBER(R81),INDEX(IH_Text,R81),"") | AF81: 5.2.5 | AG81: Glattrohrzuführung und Vereinzeler/Rohrstopper | AH81: Maßnahme | AI81: =IF(H81="","",IFERROR(INDEX(Iv_Anzahl,MATCH(H81,Iv_Name,0)),IFERROR(VALUE(LEFT(TRIM(SUBSTITUTE(LOWER(H81),"alle ","")),FIND(" ",TRIM(SUBSTITUTE(LOWER(H81),"alle ",""))&" ")-1)),""))) | AJ81: =IF(H81="","",IFERROR(INDEX(Iv_Einheit,MATCH(H81,Iv_Name,0)),IF(ISNUMBER(SEARCH("jahr",H81)),"Jahre",IF(ISNUMBER(SEARCH("monat",H81)),"Monate",IF(ISNUMBER(SEARCH("woche",H81)),"Wochen",IF(ISNUMBER(SEARCH("tag",H81)),"Tage","")))))) | AK81: =IF(AND(ISNUMBER(AI81),AJ81<>""),IF(AI81>0,AI81*IF(AJ81="Tage",1,IF(AJ81="Wochen",7,IF(AJ81="Monate",365/12,365))),""),"") | AL81: =IF(ISNUMBER(AK81),365/AK81,"") | AM81: =IF(AND(ISNUMBER(AL81),ISNUMBER(AE81)),AL81*AE81/60,"") | AN81: =IF(ISNUMBER(AA81),AA81-ROW()/100000,"") | AO81: =IF(OR(L81="überfällig",L81="fällig"),J81+ROW()/100000,"") | AP81: 11.1.4 | AQ81: Funktion d. Ventile testen
A82: 11.2 | B82: Alle Sensoren/Endschalter nach folgenden Kriterien inspizieren: | AG82: Glattrohrzuführung und Vereinzeler/Rohrstopper | AH82: Prüfgruppe | AP82: 11.2 | AQ82: Inspiziere alle Sensoren/Endschalter nach folgenden Kriterien:
A83: 11.2.1 | B83: Funktion testen | C83: Funktionsprüfung | E83: Schaltsignal kommt sicher | G83: =IF(AB83="unvollständig","Bewertung fehlt",INDEX(Kl_Intervall,MATCH(AB83,Kl_Name,0))) | H83: =IF(G83="Bewertung fehlt","",G83) | J83: =IF(OR(I83="",NOT(ISNUMBER(AK83))),"",IF(AJ83="Tage",I83+AI83,IF(AJ83="Wochen",I83+7*AI83,EDATE(I83,ROUND(AI83*IF(AJ83="Jahre",12,1),0))))) | K83: =IF(J83="","",J83-TODAY()) | L83: =IF(H83="","Intervall fehlt",IF(NOT(ISNUMBER(AK83)),"Intervall prüfen",IF(I83="","nicht erfasst",IF(K83<0,"überfällig",IF(K83<=MIN(P_Vorwarn,ROUND(AK83/4,0)),"fällig","in Ordnung"))))) | Q83: =Q39 | R83: =R39 | S83: =S39 | T83: =T39 | U83: =U39 | V83: =V39 | W83: =W39 | X83: =X39 | Y83: =P_SF | Z83: =IF(COUNT(Q83:V83)=6,SQRT(SUMSQ(Q83:V83))/2,"") | AA83: =IF(COUNT(W83:Z83)=4,Z83*W83*X83*Y83,"") | AB83: =IF(AA83="","unvollständig",IF(AA83>P_Grenze_kritisch,"kritisch",IF(AA83>=P_Grenze_hoch,"hoch",IF(AA83>=P_Grenze_mittel,"mittel","gering")))) | AC83: =TRIM(IF(N(T83)>=P_Krit,"AS ","")&IF(N(S83)>=P_Krit,"Q ","")&IF(N(U83)>=P_Krit,"US","")) | AD83: =IF(ISNUMBER(R83),INDEX(IH_Text,R83),"") | AF83: 5.3.1 | AG83: Glattrohrzuführung und Vereinzeler/Rohrstopper | AH83: Maßnahme | AI83: =IF(H83="","",IFERROR(INDEX(Iv_Anzahl,MATCH(H83,Iv_Name,0)),IFERROR(VALUE(LEFT(TRIM(SUBSTITUTE(LOWER(H83),"alle ","")),FIND(" ",TRIM(SUBSTITUTE(LOWER(H83),"alle ",""))&" ")-1)),""))) | AJ83: =IF(H83="","",IFERROR(INDEX(Iv_Einheit,MATCH(H83,Iv_Name,0)),IF(ISNUMBER(SEARCH("jahr",H83)),"Jahre",IF(ISNUMBER(SEARCH("monat",H83)),"Monate",IF(ISNUMBER(SEARCH("woche",H83)),"Wochen",IF(ISNUMBER(SEARCH("tag",H83)),"Tage","")))))) | AK83: =IF(AND(ISNUMBER(AI83),AJ83<>""),IF(AI83>0,AI83*IF(AJ83="Tage",1,IF(AJ83="Wochen",7,IF(AJ83="Monate",365/12,365))),""),"") | AL83: =IF(ISNUMBER(AK83),365/AK83,"") | AM83: =IF(AND(ISNUMBER(AL83),ISNUMBER(AE83)),AL83*AE83/60,"") | AN83: =IF(ISNUMBER(AA83),AA83-ROW()/100000,"") | AO83: =IF(OR(L83="überfällig",L83="fällig"),J83+ROW()/100000,"") | AP83: 11.2.1 | AQ83: Funktion testen
A84: 11.2.2 | B84: Anschlüsse kontrollieren | C84: Inspektion | E84: Stecker fest, unbeschädigt | G84: =IF(AB84="unvollständig","Bewertung fehlt",INDEX(Kl_Intervall,MATCH(AB84,Kl_Name,0))) | H84: =IF(G84="Bewertung fehlt","",G84) | J84: =IF(OR(I84="",NOT(ISNUMBER(AK84))),"",IF(AJ84="Tage",I84+AI84,IF(AJ84="Wochen",I84+7*AI84,EDATE(I84,ROUND(AI84*IF(AJ84="Jahre",12,1),0))))) | K84: =IF(J84="","",J84-TODAY()) | L84: =IF(H84="","Intervall fehlt",IF(NOT(ISNUMBER(AK84)),"Intervall prüfen",IF(I84="","nicht erfasst",IF(K84<0,"überfällig",IF(K84<=MIN(P_Vorwarn,ROUND(AK84/4,0)),"fällig","in Ordnung"))))) | Q84: =Q40 | R84: =R40 | S84: =S40 | T84: =T40 | U84: =U40 | V84: =V40 | W84: =W40 | X84: =X40 | Y84: =P_SF | Z84: =IF(COUNT(Q84:V84)=6,SQRT(SUMSQ(Q84:V84))/2,"") | AA84: =IF(COUNT(W84:Z84)=4,Z84*W84*X84*Y84,"") | AB84: =IF(AA84="","unvollständig",IF(AA84>P_Grenze_kritisch,"kritisch",IF(AA84>=P_Grenze_hoch,"hoch",IF(AA84>=P_Grenze_mittel,"mittel","gering")))) | AC84: =TRIM(IF(N(T84)>=P_Krit,"AS ","")&IF(N(S84)>=P_Krit,"Q ","")&IF(N(U84)>=P_Krit,"US","")) | AD84: =IF(ISNUMBER(R84),INDEX(IH_Text,R84),"") | AF84: 5.3.2 | AG84: Glattrohrzuführung und Vereinzeler/Rohrstopper | AH84: Maßnahme | AI84: =IF(H84="","",IFERROR(INDEX(Iv_Anzahl,MATCH(H84,Iv_Name,0)),IFERROR(VALUE(LEFT(TRIM(SUBSTITUTE(LOWER(H84),"alle ","")),FIND(" ",TRIM(SUBSTITUTE(LOWER(H84),"alle ",""))&" ")-1)),""))) | AJ84: =IF(H84="","",IFERROR(INDEX(Iv_Einheit,MATCH(H84,Iv_Name,0)),IF(ISNUMBER(SEARCH("jahr",H84)),"Jahre",IF(ISNUMBER(SEARCH("monat",H84)),"Monate",IF(ISNUMBER(SEARCH("woche",H84)),"Wochen",IF(ISNUMBER(SEARCH("tag",H84)),"Tage","")))))) | AK84: =IF(AND(ISNUMBER(AI84),AJ84<>""),IF(AI84>0,AI84*IF(AJ84="Tage",1,IF(AJ84="Wochen",7,IF(AJ84="Monate",365/12,365))),""),"") | AL84: =IF(ISNUMBER(AK84),365/AK84,"") | AM84: =IF(AND(ISNUMBER(AL84),ISNUMBER(AE84)),AL84*AE84/60,"") | AN84: =IF(ISNUMBER(AA84),AA84-ROW()/100000,"") | AO84: =IF(OR(L84="überfällig",L84="fällig"),J84+ROW()/100000,"") | AP84: 11.2.2 | AQ84: Anschlüsse kontrollieren
A85: 11.2.3 | B85: Befestigung und Position kontrollieren | C85: Inspektion | E85: Fest, Position unverändert | G85: =IF(AB85="unvollständig","Bewertung fehlt",INDEX(Kl_Intervall,MATCH(AB85,Kl_Name,0))) | H85: =IF(G85="Bewertung fehlt","",G85) | J85: =IF(OR(I85="",NOT(ISNUMBER(AK85))),"",IF(AJ85="Tage",I85+AI85,IF(AJ85="Wochen",I85+7*AI85,EDATE(I85,ROUND(AI85*IF(AJ85="Jahre",12,1),0))))) | K85: =IF(J85="","",J85-TODAY()) | L85: =IF(H85="","Intervall fehlt",IF(NOT(ISNUMBER(AK85)),"Intervall prüfen",IF(I85="","nicht erfasst",IF(K85<0,"überfällig",IF(K85<=MIN(P_Vorwarn,ROUND(AK85/4,0)),"fällig","in Ordnung"))))) | Q85: =Q41 | R85: =R41 | S85: =S41 | T85: =T41 | U85: =U41 | V85: =V41 | W85: =W41 | X85: =X41 | Y85: =P_SF | Z85: =IF(COUNT(Q85:V85)=6,SQRT(SUMSQ(Q85:V85))/2,"") | AA85: =IF(COUNT(W85:Z85)=4,Z85*W85*X85*Y85,"") | AB85: =IF(AA85="","unvollständig",IF(AA85>P_Grenze_kritisch,"kritisch",IF(AA85>=P_Grenze_hoch,"hoch",IF(AA85>=P_Grenze_mittel,"mittel","gering")))) | AC85: =TRIM(IF(N(T85)>=P_Krit,"AS ","")&IF(N(S85)>=P_Krit,"Q ","")&IF(N(U85)>=P_Krit,"US","")) | AD85: =IF(ISNUMBER(R85),INDEX(IH_Text,R85),"") | AF85: 5.3.3 | AG85: Glattrohrzuführung und Vereinzeler/Rohrstopper | AH85: Maßnahme | AI85: =IF(H85="","",IFERROR(INDEX(Iv_Anzahl,MATCH(H85,Iv_Name,0)),IFERROR(VALUE(LEFT(TRIM(SUBSTITUTE(LOWER(H85),"alle ","")),FIND(" ",TRIM(SUBSTITUTE(LOWER(H85),"alle ",""))&" ")-1)),""))) | AJ85: =IF(H85="","",IFERROR(INDEX(Iv_Einheit,MATCH(H85,Iv_Name,0)),IF(ISNUMBER(SEARCH("jahr",H85)),"Jahre",IF(ISNUMBER(SEARCH("monat",H85)),"Monate",IF(ISNUMBER(SEARCH("woche",H85)),"Wochen",IF(ISNUMBER(SEARCH("tag",H85)),"Tage","")))))) | AK85: =IF(AND(ISNUMBER(AI85),AJ85<>""),IF(AI85>0,AI85*IF(AJ85="Tage",1,IF(AJ85="Wochen",7,IF(AJ85="Monate",365/12,365))),""),"") | AL85: =IF(ISNUMBER(AK85),365/AK85,"") | AM85: =IF(AND(ISNUMBER(AL85),ISNUMBER(AE85)),AL85*AE85/60,"") | AN85: =IF(ISNUMBER(AA85),AA85-ROW()/100000,"") | AO85: =IF(OR(L85="überfällig",L85="fällig"),J85+ROW()/100000,"") | AP85: 11.2.3 | AQ85: Befestigung und Position kontrollieren
A86: 11.2.4 | B86: Sensor auf Beschädigung kontrollieren | C86: Inspektion | E86: Keine Beschädigung | G86: =IF(AB86="unvollständig","Bewertung fehlt",INDEX(Kl_Intervall,MATCH(AB86,Kl_Name,0))) | H86: =IF(G86="Bewertung fehlt","",G86) | J86: =IF(OR(I86="",NOT(ISNUMBER(AK86))),"",IF(AJ86="Tage",I86+AI86,IF(AJ86="Wochen",I86+7*AI86,EDATE(I86,ROUND(AI86*IF(AJ86="Jahre",12,1),0))))) | K86: =IF(J86="","",J86-TODAY()) | L86: =IF(H86="","Intervall fehlt",IF(NOT(ISNUMBER(AK86)),"Intervall prüfen",IF(I86="","nicht erfasst",IF(K86<0,"überfällig",IF(K86<=MIN(P_Vorwarn,ROUND(AK86/4,0)),"fällig","in Ordnung"))))) | Q86: =Q42 | R86: =R42 | S86: =S42 | T86: =T42 | U86: =U42 | V86: =V42 | W86: =W42 | X86: =X42 | Y86: =P_SF | Z86: =IF(COUNT(Q86:V86)=6,SQRT(SUMSQ(Q86:V86))/2,"") | AA86: =IF(COUNT(W86:Z86)=4,Z86*W86*X86*Y86,"") | AB86: =IF(AA86="","unvollständig",IF(AA86>P_Grenze_kritisch,"kritisch",IF(AA86>=P_Grenze_hoch,"hoch",IF(AA86>=P_Grenze_mittel,"mittel","gering")))) | AC86: =TRIM(IF(N(T86)>=P_Krit,"AS ","")&IF(N(S86)>=P_Krit,"Q ","")&IF(N(U86)>=P_Krit,"US","")) | AD86: =IF(ISNUMBER(R86),INDEX(IH_Text,R86),"") | AF86: 5.3.4 | AG86: Glattrohrzuführung und Vereinzeler/Rohrstopper | AH86: Maßnahme | AI86: =IF(H86="","",IFERROR(INDEX(Iv_Anzahl,MATCH(H86,Iv_Name,0)),IFERROR(VALUE(LEFT(TRIM(SUBSTITUTE(LOWER(H86),"alle ","")),FIND(" ",TRIM(SUBSTITUTE(LOWER(H86),"alle ",""))&" ")-1)),""))) | AJ86: =IF(H86="","",IFERROR(INDEX(Iv_Einheit,MATCH(H86,Iv_Name,0)),IF(ISNUMBER(SEARCH("jahr",H86)),"Jahre",IF(ISNUMBER(SEARCH("monat",H86)),"Monate",IF(ISNUMBER(SEARCH("woche",H86)),"Wochen",IF(ISNUMBER(SEARCH("tag",H86)),"Tage","")))))) | AK86: =IF(AND(ISNUMBER(AI86),AJ86<>""),IF(AI86>0,AI86*IF(AJ86="Tage",1,IF(AJ86="Wochen",7,IF(AJ86="Monate",365/12,365))),""),"") | AL86: =IF(ISNUMBER(AK86),365/AK86,"") | AM86: =IF(AND(ISNUMBER(AL86),ISNUMBER(AE86)),AL86*AE86/60,"") | AN86: =IF(ISNUMBER(AA86),AA86-ROW()/100000,"") | AO86: =IF(OR(L86="überfällig",L86="fällig"),J86+ROW()/100000,"") | AP86: 11.2.4 | AQ86: Sensor auf Beschädigung kontrollieren
A87: 11.2.5 | B87: Kabelklemmung, Knickschutz, Kabelkasten und Leitungen auf Beschädigung prüfen | C87: Inspektion | D87: ⚠ Gefahrenstelle | E87: Keine Beschädigung; Zugentlastung wirksam | G87: =IF(AB87="unvollständig","Bewertung fehlt",INDEX(Kl_Intervall,MATCH(AB87,Kl_Name,0))) | H87: =IF(G87="Bewertung fehlt","",G87) | J87: =IF(OR(I87="",NOT(ISNUMBER(AK87))),"",IF(AJ87="Tage",I87+AI87,IF(AJ87="Wochen",I87+7*AI87,EDATE(I87,ROUND(AI87*IF(AJ87="Jahre",12,1),0))))) | K87: =IF(J87="","",J87-TODAY()) | L87: =IF(H87="","Intervall fehlt",IF(NOT(ISNUMBER(AK87)),"Intervall prüfen",IF(I87="","nicht erfasst",IF(K87<0,"überfällig",IF(K87<=MIN(P_Vorwarn,ROUND(AK87/4,0)),"fällig","in Ordnung"))))) | Q87: =Q43 | R87: =R43 | S87: =S43 | T87: =T43 | U87: =U43 | V87: =V43 | W87: =W43 | X87: =X43 | Y87: =P_SF | Z87: =IF(COUNT(Q87:V87)=6,SQRT(SUMSQ(Q87:V87))/2,"") | AA87: =IF(COUNT(W87:Z87)=4,Z87*W87*X87*Y87,"") | AB87: =IF(AA87="","unvollständig",IF(AA87>P_Grenze_kritisch,"kritisch",IF(AA87>=P_Grenze_hoch,"hoch",IF(AA87>=P_Grenze_mittel,"mittel","gering")))) | AC87: =TRIM(IF(N(T87)>=P_Krit,"AS ","")&IF(N(S87)>=P_Krit,"Q ","")&IF(N(U87)>=P_Krit,"US","")) | AD87: =IF(ISNUMBER(R87),INDEX(IH_Text,R87),"") | AF87: 5.3.5 | AG87: Glattrohrzuführung und Vereinzeler/Rohrstopper | AH87: Maßnahme | AI87: =IF(H87="","",IFERROR(INDEX(Iv_Anzahl,MATCH(H87,Iv_Name,0)),IFERROR(VALUE(LEFT(TRIM(SUBSTITUTE(LOWER(H87),"alle ","")),FIND(" ",TRIM(SUBSTITUTE(LOWER(H87),"alle ",""))&" ")-1)),""))) | AJ87: =IF(H87="","",IFERROR(INDEX(Iv_Einheit,MATCH(H87,Iv_Name,0)),IF(ISNUMBER(SEARCH("jahr",H87)),"Jahre",IF(ISNUMBER(SEARCH("monat",H87)),"Monate",IF(ISNUMBER(SEARCH("woche",H87)),"Wochen",IF(ISNUMBER(SEARCH("tag",H87)),"Tage","")))))) | AK87: =IF(AND(ISNUMBER(AI87),AJ87<>""),IF(AI87>0,AI87*IF(AJ87="Tage",1,IF(AJ87="Wochen",7,IF(AJ87="Monate",365/12,365))),""),"") | AL87: =IF(ISNUMBER(AK87),365/AK87,"") | AM87: =IF(AND(ISNUMBER(AL87),ISNUMBER(AE87)),AL87*AE87/60,"") | AN87: =IF(ISNUMBER(AA87),AA87-ROW()/100000,"") | AO87: =IF(OR(L87="überfällig",L87="fällig"),J87+ROW()/100000,"") | AP87: 11.2.5 | AQ87: Prüfe Kabelklemmung, Knickschutz, Kabelkasten und Leitungen auf Beschädigung
A88: 12 | B88: Handbediengerät (Pos. 19) | AG88: Handbediengerät | AH88: Baugruppe | AP88: 12 | AQ88: 19.) Handbediengerät
A89: 12.1 | B89: Funktion aller Bedienelemente prüfen | C89: Funktionsprüfung | E89: Alle Bedienelemente schalten einwandfrei; keine Beschädigung | G89: =IF(AB89="unvollständig","Bewertung fehlt",INDEX(Kl_Intervall,MATCH(AB89,Kl_Name,0))) | H89: =IF(G89="Bewertung fehlt","",G89) | J89: =IF(OR(I89="",NOT(ISNUMBER(AK89))),"",IF(AJ89="Tage",I89+AI89,IF(AJ89="Wochen",I89+7*AI89,EDATE(I89,ROUND(AI89*IF(AJ89="Jahre",12,1),0))))) | K89: =IF(J89="","",J89-TODAY()) | L89: =IF(H89="","Intervall fehlt",IF(NOT(ISNUMBER(AK89)),"Intervall prüfen",IF(I89="","nicht erfasst",IF(K89<0,"überfällig",IF(K89<=MIN(P_Vorwarn,ROUND(AK89/4,0)),"fällig","in Ordnung"))))) | Q89: =Q9 | R89: =R9 | S89: =S9 | T89: =T9 | U89: =U9 | V89: =V9 | W89: =W9 | X89: =X9 | Y89: =P_SF | Z89: =IF(COUNT(Q89:V89)=6,SQRT(SUMSQ(Q89:V89))/2,"") | AA89: =IF(COUNT(W89:Z89)=4,Z89*W89*X89*Y89,"") | AB89: =IF(AA89="","unvollständig",IF(AA89>P_Grenze_kritisch,"kritisch",IF(AA89>=P_Grenze_hoch,"hoch",IF(AA89>=P_Grenze_mittel,"mittel","gering")))) | AC89: =TRIM(IF(N(T89)>=P_Krit,"AS ","")&IF(N(S89)>=P_Krit,"Q ","")&IF(N(U89)>=P_Krit,"US","")) | AD89: =IF(ISNUMBER(R89),INDEX(IH_Text,R89),"") | AF89: 2.1 | AG89: Handbediengerät | AH89: Maßnahme | AI89: =IF(H89="","",IFERROR(INDEX(Iv_Anzahl,MATCH(H89,Iv_Name,0)),IFERROR(VALUE(LEFT(TRIM(SUBSTITUTE(LOWER(H89),"alle ","")),FIND(" ",TRIM(SUBSTITUTE(LOWER(H89),"alle ",""))&" ")-1)),""))) | AJ89: =IF(H89="","",IFERROR(INDEX(Iv_Einheit,MATCH(H89,Iv_Name,0)),IF(ISNUMBER(SEARCH("jahr",H89)),"Jahre",IF(ISNUMBER(SEARCH("monat",H89)),"Monate",IF(ISNUMBER(SEARCH("woche",H89)),"Wochen",IF(ISNUMBER(SEARCH("tag",H89)),"Tage","")))))) | AK89: =IF(AND(ISNUMBER(AI89),AJ89<>""),IF(AI89>0,AI89*IF(AJ89="Tage",1,IF(AJ89="Wochen",7,IF(AJ89="Monate",365/12,365))),""),"") | AL89: =IF(ISNUMBER(AK89),365/AK89,"") | AM89: =IF(AND(ISNUMBER(AL89),ISNUMBER(AE89)),AL89*AE89/60,"") | AN89: =IF(ISNUMBER(AA89),AA89-ROW()/100000,"") | AO89: =IF(OR(L89="überfällig",L89="fällig"),J89+ROW()/100000,"") | AP89: 12.1 | AQ89: Prüfe die Funktion aller Bedienelemente
A90: 12.2 | B90: Handbediengerät reinigen | C90: Reinigung | E90: Sauber; Anzeige lesbar | G90: =IF(AB90="unvollständig","Bewertung fehlt",INDEX(Kl_Intervall,MATCH(AB90,Kl_Name,0))) | H90: =IF(G90="Bewertung fehlt","",G90) | J90: =IF(OR(I90="",NOT(ISNUMBER(AK90))),"",IF(AJ90="Tage",I90+AI90,IF(AJ90="Wochen",I90+7*AI90,EDATE(I90,ROUND(AI90*IF(AJ90="Jahre",12,1),0))))) | K90: =IF(J90="","",J90-TODAY()) | L90: =IF(H90="","Intervall fehlt",IF(NOT(ISNUMBER(AK90)),"Intervall prüfen",IF(I90="","nicht erfasst",IF(K90<0,"überfällig",IF(K90<=MIN(P_Vorwarn,ROUND(AK90/4,0)),"fällig","in Ordnung"))))) | Q90: =Q10 | R90: =R10 | S90: =S10 | T90: =T10 | U90: =U10 | V90: =V10 | W90: =W10 | X90: =X10 | Y90: =P_SF | Z90: =IF(COUNT(Q90:V90)=6,SQRT(SUMSQ(Q90:V90))/2,"") | AA90: =IF(COUNT(W90:Z90)=4,Z90*W90*X90*Y90,"") | AB90: =IF(AA90="","unvollständig",IF(AA90>P_Grenze_kritisch,"kritisch",IF(AA90>=P_Grenze_hoch,"hoch",IF(AA90>=P_Grenze_mittel,"mittel","gering")))) | AC90: =TRIM(IF(N(T90)>=P_Krit,"AS ","")&IF(N(S90)>=P_Krit,"Q ","")&IF(N(U90)>=P_Krit,"US","")) | AD90: =IF(ISNUMBER(R90),INDEX(IH_Text,R90),"") | AF90: 2.2 | AG90: Handbediengerät | AH90: Maßnahme | AI90: =IF(H90="","",IFERROR(INDEX(Iv_Anzahl,MATCH(H90,Iv_Name,0)),IFERROR(VALUE(LEFT(TRIM(SUBSTITUTE(LOWER(H90),"alle ","")),FIND(" ",TRIM(SUBSTITUTE(LOWER(H90),"alle ",""))&" ")-1)),""))) | AJ90: =IF(H90="","",IFERROR(INDEX(Iv_Einheit,MATCH(H90,Iv_Name,0)),IF(ISNUMBER(SEARCH("jahr",H90)),"Jahre",IF(ISNUMBER(SEARCH("monat",H90)),"Monate",IF(ISNUMBER(SEARCH("woche",H90)),"Wochen",IF(ISNUMBER(SEARCH("tag",H90)),"Tage","")))))) | AK90: =IF(AND(ISNUMBER(AI90),AJ90<>""),IF(AI90>0,AI90*IF(AJ90="Tage",1,IF(AJ90="Wochen",7,IF(AJ90="Monate",365/12,365))),""),"") | AL90: =IF(ISNUMBER(AK90),365/AK90,"") | AM90: =IF(AND(ISNUMBER(AL90),ISNUMBER(AE90)),AL90*AE90/60,"") | AN90: =IF(ISNUMBER(AA90),AA90-ROW()/100000,"") | AO90: =IF(OR(L90="überfällig",L90="fällig"),J90+ROW()/100000,"") | AP90: 12.2 | AQ90: Bedienpult reinigen
A91: 13 | B91: Klimagerät für Schaltschrank (Pos. 20) | AG91: Klimagerät für Schaltschrank | AH91: Baugruppe | AP91: 13 | AQ91: 20.) Klimagerät für Schaltschrank
