Workbook

Sheet Übersicht
A1: Kapazitätsplanung BB2 Instandhaltung – Umsetzung
A2: Personalbedarfsermittlung für das Umsetzungsteam der Instandhaltung BB2
A3: ="Planungsstand: "&TEXT(P_Stand,"DD.MM.YYYY")&" · Verantwortlich: fz-pA / Mrugalla" -> Planungsstand: 21.07.2025 · Verantwortlich: fz-pA / Mrugalla
A5: Zweck
A6: Die Datei ermittelt, wie viele Mitarbeitende (FTE) das Umsetzungsteam der Instandhaltung BB2 benötigt. Grundlage ist der geschätzte tägliche Zeitbedarf je Tätigkeit. Daraus werden Jahresstunden, Netto-FTE und – über Urlaub und Krankheit – der Brutto-Personalbedarf berechnet und mit dem verfügbaren Team abgeglichen.
A8: Ergebnis auf einen Blick
A9: Personalbedarf netto | B9: =Personalbedarf!B8 -> 4.0142857
A10: Personalbedarf brutto | B10: =Personalbedarf!C17 -> 4.8722481
A11: Verfügbare Kapazität (Annahme) | B11: =Personalbedarf!C34 -> 4
A12: Über-/Unterdeckung | B12: =Personalbedarf!C36 -> -0.87224805
A13: Bewertung | B13: =Personalbedarf!C38 -> Unterdeckung
A15: Aufbau der Arbeitsmappe
A16: Blatt | B16: Inhalt | C16: Zielgruppe
A17: Übersicht | B17: Zweck, Ergebnis, Bedienung, Legende | C17: alle
A18: Dashboard | B18: Kennzahlen, Pareto, Top-Risiken, Diagramme (automatisch) | C18: Management, Produktion
A19: Kapazitätsbedarf | B19: Tätigkeiten mit Zeitbedarf, Kategorisierung, Verantwortung, Risiko, Plan-Ist | C19: Instandhaltung (Eingabe)
A20: Personalbedarf | B20: Netto → Brutto, Methodenvergleich, Abgleich mit Team | C20: Instandhaltung, Management
A21: Parameter | B21: Alle Annahmen (Arbeitstage, Jahresstunden, Urlaub, Krankenquote) und Bewertungsskalen | C21: Instandhaltung, Controlling
A22: Analyse | B22: Stärken/Schwächen der Ausgangsdatei, Kennzahlenvorschläge, nächste Schritte | C22: alle
A23: Änderungsprotokoll | B23: Jede Änderung gegenüber dem Original mit Begründung | C23: QM, Revision
A24: Original 21.07.2025 | B24: Unveränderte Archivkopie der Ausgangsdatei | C24: Nachvollziehbarkeit
A26: Bedienung in 4 Schritten
A27: 1. Blatt „Parameter“: Annahmen prüfen (Arbeitstage, Jahresstunden, Urlaub, Krankenquote).
A28: 2. Blatt „Kapazitätsbedarf“: Std. je Arbeitstag (Spalte G) je Tätigkeit eintragen; neu ergänzte Tätigkeiten bewerten; Verantwortliche zuordnen.
A29: 3. Risikovorschläge (lila) im Team validieren bzw. anpassen; Klärungsbedarf (Spalte V) abarbeiten.
A30: 4. Blatt „Personalbedarf“: verfügbare FTE je Person bestätigen → Ergebnis erscheint auf Dashboard und Übersicht.
A32: Legende
A33: Eingabefeld | B33: blaue Schrift auf gelbem Grund
A34: Formel / Berechnung | B34: schwarze Schrift – nicht überschreiben
A35: Verknüpfung zu anderem Blatt | B35: grüne Schrift
A36: Erstvorschlag (zu validieren) | B36: lila kursiv auf hellviolettem Grund
A37: Neu ergänzte Tätigkeit | B37: grau hinterlegt, Herkunft „Neu (Vorschlag)“

Sheet Dashboard
A1: Dashboard Kapazitätsplanung BB2 Instandhaltung
A2: Automatische Auswertung – keine Eingaben auf diesem Blatt. | J2: Stand: | K2: =P_Stand -> 45859
A4: Bedarf netto | B4: Bedarf brutto | F4: Verfügbar | H4: Über-/Unterdeckung | J4: Deckungsgrad | K4: Präventivanteil (Wartung + Inspektion)
A5: =Personalbedarf!B8 -> 4.0142857 | B5: =Personalbedarf!C17 -> 4.8722481 | F5: =Personalbedarf!C34 -> 4 | H5: =Personalbedarf!C36 -> -0.87224805 | J5: =Personalbedarf!C37 -> 0.82097626 | K5: =IF(Kapazitätsbedarf!I33=0,0,(SUMIFS(Kapazitätsbedarf!$I$6:$I$32,Kapazitätsbedarf!$D$6:$D$32,"Wartung")+SUMIFS(Kapazitätsbedarf!$I$6:$I$32,Kapazitätsbedarf!$D$6:$D$32,"Inspektion"))/Kapazitätsbedarf!I33) -> 0
A7: Status der Bewertung | F7: Top 10 Tätigkeiten (Pareto)
A8: Tätigkeiten gesamt | D8: =COUNTA(Kapazitätsbedarf!$E$6:$E$32) -> 27 | F8: Rang | G8: Tätigkeit | H8: Std./Jahr | I8: FTE | J8: Anteil | K8: kumuliert
A9: davon bewertet (> 0 Std.) | D9: =COUNTIF(Kapazitätsbedarf!$L$6:$L$32,"bewertet") -> 14 | F9: 1 | G9: =INDEX(Kapazitätsbedarf!$E$6:$E$32,MATCH(LARGE(Kapazitätsbedarf!$X$6:$X$32,1),Kapazitätsbedarf!$X$6:$X$32,0)) -> Projekte und KVP (Lean-Projekte, z. B. SMED) | H9: =N(INDEX(Kapazitätsbedarf!$I$6:$I$32,MATCH(LARGE(Kapazitätsbedarf!$X$6:$X$32,1),Kapazitätsbedarf!$X$6:$X$32,0))) -> 2500 | I9: =H9/P_JahresStd -> 1.4285714 | J9: =IF(Kapazitätsbedarf!$I$33=0,0,H9/Kapazitätsbedarf!$I$33) -> 0.35587189 | K9: =SUM($J$9:J9) -> 0.35587189
A10: 0 Std. – Plausibilität prüfen | D10: =COUNTIF(Kapazitätsbedarf!$L$6:$L$32,"0 h*") -> 5 | F10: 2 | G10: =INDEX(Kapazitätsbedarf!$E$6:$E$32,MATCH(LARGE(Kapazitätsbedarf!$X$6:$X$32,2),Kapazitätsbedarf!$X$6:$X$32,0)) -> Facility Management | H10: =N(INDEX(Kapazitätsbedarf!$I$6:$I$32,MATCH(LARGE(Kapazitätsbedarf!$X$6:$X$32,2),Kapazitätsbedarf!$X$6:$X$32,0))) -> 1500 | I10: =H10/P_JahresStd -> 0.85714286 | J10: =IF(Kapazitätsbedarf!$I$33=0,0,H10/Kapazitätsbedarf!$I$33) -> 0.21352313 | K10: =SUM($J$9:J10) -> 0.56939502
A11: offen – neue Ergänzungen | D11: =COUNTIF(Kapazitätsbedarf!$L$6:$L$32,"offen*") -> 8 | F11: 3 | G11: =INDEX(Kapazitätsbedarf!$E$6:$E$32,MATCH(LARGE(Kapazitätsbedarf!$X$6:$X$32,3),Kapazitätsbedarf!$X$6:$X$32,0)) -> Administration | H11: =N(INDEX(Kapazitätsbedarf!$I$6:$I$32,MATCH(LARGE(Kapazitätsbedarf!$X$6:$X$32,3),Kapazitätsbedarf!$X$6:$X$32,0))) -> 750 | I11: =H11/P_JahresStd -> 0.42857143 | J11: =IF(Kapazitätsbedarf!$I$33=0,0,H11/Kapazitätsbedarf!$I$33) -> 0.10676157 | K11: =SUM($J$9:J11) -> 0.67615658
A12: Risikoklasse „hoch“ | D12: =COUNTIF(Kapazitätsbedarf!$S$6:$S$32,"hoch") -> 5 | F12: 4 | G12: =INDEX(Kapazitätsbedarf!$E$6:$E$32,MATCH(LARGE(Kapazitätsbedarf!$X$6:$X$32,4),Kapazitätsbedarf!$X$6:$X$32,0)) -> Ersatzteilumlagerung und Sonstiges | H12: =N(INDEX(Kapazitätsbedarf!$I$6:$I$32,MATCH(LARGE(Kapazitätsbedarf!$X$6:$X$32,4),Kapazitätsbedarf!$X$6:$X$32,0))) -> 500 | I12: =H12/P_JahresStd -> 0.28571429 | J12: =IF(Kapazitätsbedarf!$I$33=0,0,H12/Kapazitätsbedarf!$I$33) -> 0.071174377 | K12: =SUM($J$9:J12) -> 0.74733096
A13: Risikoklasse „mittel“ | D13: =COUNTIF(Kapazitätsbedarf!$S$6:$S$32,"mittel") -> 11 | F13: 5 | G13: =INDEX(Kapazitätsbedarf!$E$6:$E$32,MATCH(LARGE(Kapazitätsbedarf!$X$6:$X$32,5),Kapazitätsbedarf!$X$6:$X$32,0)) -> Betreuung Balg-Bereich | H13: =N(INDEX(Kapazitätsbedarf!$I$6:$I$32,MATCH(LARGE(Kapazitätsbedarf!$X$6:$X$32,5),Kapazitätsbedarf!$X$6:$X$32,0))) -> 500 | I13: =H13/P_JahresStd -> 0.28571429 | J13: =IF(Kapazitätsbedarf!$I$33=0,0,H13/Kapazitätsbedarf!$I$33) -> 0.071174377 | K13: =SUM($J$9:J13) -> 0.81850534
F14: 6 | G14: =INDEX(Kapazitätsbedarf!$E$6:$E$32,MATCH(LARGE(Kapazitätsbedarf!$X$6:$X$32,6),Kapazitätsbedarf!$X$6:$X$32,0)) -> Ersatzteilmanagement – Planung | H14: =N(INDEX(Kapazitätsbedarf!$I$6:$I$32,MATCH(LARGE(Kapazitätsbedarf!$X$6:$X$32,6),Kapazitätsbedarf!$X$6:$X$32,0))) -> 375 | I14: =H14/P_JahresStd -> 0.21428571 | J14: =IF(Kapazitätsbedarf!$I$33=0,0,H14/Kapazitätsbedarf!$I$33) -> 0.053380783 | K14: =SUM($J$9:J14) -> 0.87188612
A15: Kapazität nach Tätigkeitsbereich | F15: 7 | G15: =INDEX(Kapazitätsbedarf!$E$6:$E$32,MATCH(LARGE(Kapazitätsbedarf!$X$6:$X$32,7),Kapazitätsbedarf!$X$6:$X$32,0)) -> Konstruktion / 3D | H15: =N(INDEX(Kapazitätsbedarf!$I$6:$I$32,MATCH(LARGE(Kapazitätsbedarf!$X$6:$X$32,7),Kapazitätsbedarf!$X$6:$X$32,0))) -> 250 | I15: =H15/P_JahresStd -> 0.14285714 | J15: =IF(Kapazitätsbedarf!$I$33=0,0,H15/Kapazitätsbedarf!$I$33) -> 0.035587189 | K15: =SUM($J$9:J15) -> 0.90747331
A16: Tätigkeitsbereich | B16: Std./Jahr | C16: FTE | D16: Anteil | F16: 8 | G16: =INDEX(Kapazitätsbedarf!$E$6:$E$32,MATCH(LARGE(Kapazitätsbedarf!$X$6:$X$32,8),Kapazitätsbedarf!$X$6:$X$32,0)) -> Training / Schulung / Betreuung / TPM / WPS | H16: =N(INDEX(Kapazitätsbedarf!$I$6:$I$32,MATCH(LARGE(Kapazitätsbedarf!$X$6:$X$32,8),Kapazitätsbedarf!$X$6:$X$32,0))) -> 125 | I16: =H16/P_JahresStd -> 0.071428571 | J16: =IF(Kapazitätsbedarf!$I$33=0,0,H16/Kapazitätsbedarf!$I$33) -> 0.017793594 | K16: =SUM($J$9:J16) -> 0.9252669
A17: Ersatzteilmanagement | B17: =SUMIFS(Kapazitätsbedarf!$I$6:$I$32,Kapazitätsbedarf!$C$6:$C$32,A17) -> 875 | C17: =B17/P_JahresStd -> 0.5 | D17: =IF(Kapazitätsbedarf!$I$33=0,0,B17/Kapazitätsbedarf!$I$33) -> 0.12455516 | F17: 9 | G17: =INDEX(Kapazitätsbedarf!$E$6:$E$32,MATCH(LARGE(Kapazitätsbedarf!$X$6:$X$32,9),Kapazitätsbedarf!$X$6:$X$32,0)) -> Auslandseinsätze / Auslandsbetreuung | H17: =N(INDEX(Kapazitätsbedarf!$I$6:$I$32,MATCH(LARGE(Kapazitätsbedarf!$X$6:$X$32,9),Kapazitätsbedarf!$X$6:$X$32,0))) -> 125 | I17: =H17/P_JahresStd -> 0.071428571 | J17: =IF(Kapazitätsbedarf!$I$33=0,0,H17/Kapazitätsbedarf!$I$33) -> 0.017793594 | K17: =SUM($J$9:J17) -> 0.9430605
A18: Instandsetzung & Reparatur | B18: =SUMIFS(Kapazitätsbedarf!$I$6:$I$32,Kapazitätsbedarf!$C$6:$C$32,A18) -> 75 | C18: =B18/P_JahresStd -> 0.042857143 | D18: =IF(Kapazitätsbedarf!$I$33=0,0,B18/Kapazitätsbedarf!$I$33) -> 0.010676157 | F18: 10 | G18: =INDEX(Kapazitätsbedarf!$E$6:$E$32,MATCH(LARGE(Kapazitätsbedarf!$X$6:$X$32,10),Kapazitätsbedarf!$X$6:$X$32,0)) -> Anfahren von Neuanlagen | H18: =N(INDEX(Kapazitätsbedarf!$I$6:$I$32,MATCH(LARGE(Kapazitätsbedarf!$X$6:$X$32,10),Kapazitätsbedarf!$X$6:$X$32,0))) -> 125 | I18: =H18/P_JahresStd -> 0.071428571 | J18: =IF(Kapazitätsbedarf!$I$33=0,0,H18/Kapazitätsbedarf!$I$33) -> 0.017793594 | K18: =SUM($J$9:J18) -> 0.96085409
A19: Präventive Instandhaltung | B19: =SUMIFS(Kapazitätsbedarf!$I$6:$I$32,Kapazitätsbedarf!$C$6:$C$32,A19) -> 0 | C19: =B19/P_JahresStd -> 0 | D19: =IF(Kapazitätsbedarf!$I$33=0,0,B19/Kapazitätsbedarf!$I$33) -> 0
A20: Verbesserung, Projekte & Technik | B20: =SUMIFS(Kapazitätsbedarf!$I$6:$I$32,Kapazitätsbedarf!$C$6:$C$32,A20) -> 2750 | C20: =B20/P_JahresStd -> 1.5714286 | D20: =IF(Kapazitätsbedarf!$I$33=0,0,B20/Kapazitätsbedarf!$I$33) -> 0.39145907 | F20: Top 8 Risiken (Vorschlag – zu validieren)
A21: Neuanlagen, Werkzeuge & Umzüge | B21: =SUMIFS(Kapazitätsbedarf!$I$6:$I$32,Kapazitätsbedarf!$C$6:$C$32,A21) -> 200 | C21: =B21/P_JahresStd -> 0.11428571 | D21: =IF(Kapazitätsbedarf!$I$33=0,0,B21/Kapazitätsbedarf!$I$33) -> 0.028469751 | F21: Rang | G21: Tätigkeit | H21: Risiko- zahl | I21: Klasse | J21: Std./Jahr | K21: Status
A22: Qualifizierung & TPM | B22: =SUMIFS(Kapazitätsbedarf!$I$6:$I$32,Kapazitätsbedarf!$C$6:$C$32,A22) -> 125 | C22: =B22/P_JahresStd -> 0.071428571 | D22: =IF(Kapazitätsbedarf!$I$33=0,0,B22/Kapazitätsbedarf!$I$33) -> 0.017793594 | F22: 1 | G22: =INDEX(Kapazitätsbedarf!$E$6:$E$32,MATCH(LARGE(Kapazitätsbedarf!$Y$6:$Y$32,1),Kapazitätsbedarf!$Y$6:$Y$32,0)) -> Wartung Betriebsmittel | H22: =INDEX(Kapazitätsbedarf!$R$6:$R$32,MATCH(LARGE(Kapazitätsbedarf!$Y$6:$Y$32,1),Kapazitätsbedarf!$Y$6:$Y$32,0)) -> 20 | I22: =INDEX(Kapazitätsbedarf!$S$6:$S$32,MATCH(LARGE(Kapazitätsbedarf!$Y$6:$Y$32,1),Kapazitätsbedarf!$Y$6:$Y$32,0)) -> hoch | J22: =N(INDEX(Kapazitätsbedarf!$I$6:$I$32,MATCH(LARGE(Kapazitätsbedarf!$Y$6:$Y$32,1),Kapazitätsbedarf!$Y$6:$Y$32,0))) -> 0 | K22: =INDEX(Kapazitätsbedarf!$L$6:$L$32,MATCH(LARGE(Kapazitätsbedarf!$Y$6:$Y$32,1),Kapazitätsbedarf!$Y$6:$Y$32,0)) -> 0 h – Plausibilität prüfen
A23: Bereichs- & Standortbetreuung | B23: =SUMIFS(Kapazitätsbedarf!$I$6:$I$32,Kapazitätsbedarf!$C$6:$C$32,A23) -> 625 | C23: =B23/P_JahresStd -> 0.35714286 | D23: =IF(Kapazitätsbedarf!$I$33=0,0,B23/Kapazitätsbedarf!$I$33) -> 0.088967972 | F23: 2 | G23: =INDEX(Kapazitätsbedarf!$E$6:$E$32,MATCH(LARGE(Kapazitätsbedarf!$Y$6:$Y$32,2),Kapazitätsbedarf!$Y$6:$Y$32,0)) -> Wartung allgemeiner Maschinen | H23: =INDEX(Kapazitätsbedarf!$R$6:$R$32,MATCH(LARGE(Kapazitätsbedarf!$Y$6:$Y$32,2),Kapazitätsbedarf!$Y$6:$Y$32,0)) -> 20 | I23: =INDEX(Kapazitätsbedarf!$S$6:$S$32,MATCH(LARGE(Kapazitätsbedarf!$Y$6:$Y$32,2),Kapazitätsbedarf!$Y$6:$Y$32,0)) -> hoch | J23: =N(INDEX(Kapazitätsbedarf!$I$6:$I$32,MATCH(LARGE(Kapazitätsbedarf!$Y$6:$Y$32,2),Kapazitätsbedarf!$Y$6:$Y$32,0))) -> 0 | K23: =INDEX(Kapazitätsbedarf!$L$6:$L$32,MATCH(LARGE(Kapazitätsbedarf!$Y$6:$Y$32,2),Kapazitätsbedarf!$Y$6:$Y$32,0)) -> 0 h – Plausibilität prüfen
A24: Facility Management & Sonderaufgaben | B24: =SUMIFS(Kapazitätsbedarf!$I$6:$I$32,Kapazitätsbedarf!$C$6:$C$32,A24) -> 1625 | C24: =B24/P_JahresStd -> 0.92857143 | D24: =IF(Kapazitätsbedarf!$I$33=0,0,B24/Kapazitätsbedarf!$I$33) -> 0.23131673 | F24: 3 | G24: =INDEX(Kapazitätsbedarf!$E$6:$E$32,MATCH(LARGE(Kapazitätsbedarf!$Y$6:$Y$32,3),Kapazitätsbedarf!$Y$6:$Y$32,0)) -> Planung und Dokumentation | H24: =INDEX(Kapazitätsbedarf!$R$6:$R$32,MATCH(LARGE(Kapazitätsbedarf!$Y$6:$Y$32,3),Kapazitätsbedarf!$Y$6:$Y$32,0)) -> 16 | I24: =INDEX(Kapazitätsbedarf!$S$6:$S$32,MATCH(LARGE(Kapazitätsbedarf!$Y$6:$Y$32,3),Kapazitätsbedarf!$Y$6:$Y$32,0)) -> hoch | J24: =N(INDEX(Kapazitätsbedarf!$I$6:$I$32,MATCH(LARGE(Kapazitätsbedarf!$Y$6:$Y$32,3),Kapazitätsbedarf!$Y$6:$Y$32,0))) -> 0 | K24: =INDEX(Kapazitätsbedarf!$L$6:$L$32,MATCH(LARGE(Kapazitätsbedarf!$Y$6:$Y$32,3),Kapazitätsbedarf!$Y$6:$Y$32,0)) -> 0 h – Plausibilität prüfen
A25: Organisation & Administration | B25: =SUMIFS(Kapazitätsbedarf!$I$6:$I$32,Kapazitätsbedarf!$C$6:$C$32,A25) -> 750 | C25: =B25/P_JahresStd -> 0.42857143 | D25: =IF(Kapazitätsbedarf!$I$33=0,0,B25/Kapazitätsbedarf!$I$33) -> 0.10676157 | F25: 4 | G25: =INDEX(Kapazitätsbedarf!$E$6:$E$32,MATCH(LARGE(Kapazitätsbedarf!$Y$6:$Y$32,4),Kapazitätsbedarf!$Y$6:$Y$32,0)) -> Störungsbehebung / ungeplante Instandsetzung | H25: =INDEX(Kapazitätsbedarf!$R$6:$R$32,MATCH(LARGE(Kapazitätsbedarf!$Y$6:$Y$32,4),Kapazitätsbedarf!$Y$6:$Y$32,0)) -> 15 | I25: =INDEX(Kapazitätsbedarf!$S$6:$S$32,MATCH(LARGE(Kapazitätsbedarf!$Y$6:$Y$32,4),Kapazitätsbedarf!$Y$6:$Y$32,0)) -> hoch | J25: =N(INDEX(Kapazitätsbedarf!$I$6:$I$32,MATCH(LARGE(Kapazitätsbedarf!$Y$6:$Y$32,4),Kapazitätsbedarf!$Y$6:$Y$32,0))) -> 0 | K25: =INDEX(Kapazitätsbedarf!$L$6:$L$32,MATCH(LARGE(Kapazitätsbedarf!$Y$6:$Y$32,4),Kapazitätsbedarf!$Y$6:$Y$32,0)) -> offen – zu bewerten
A26: Summe | B26: =SUM(B17:B25) -> 7025 | C26: =SUM(C17:C25) -> 4.0142857 | D26: =SUM(D17:D25) -> 1 | F26: 5 | G26: =INDEX(Kapazitätsbedarf!$E$6:$E$32,MATCH(LARGE(Kapazitätsbedarf!$Y$6:$Y$32,5),Kapazitätsbedarf!$Y$6:$Y$32,0)) -> Inspektion & gesetzliche Prüfungen (DGUV V3, UVV, Krane, Druckbehälter) | H26: =INDEX(Kapazitätsbedarf!$R$6:$R$32,MATCH(LARGE(Kapazitätsbedarf!$Y$6:$Y$32,5),Kapazitätsbedarf!$Y$6:$Y$32,0)) -> 15 | I26: =INDEX(Kapazitätsbedarf!$S$6:$S$32,MATCH(LARGE(Kapazitätsbedarf!$Y$6:$Y$32,5),Kapazitätsbedarf!$Y$6:$Y$32,0)) -> hoch | J26: =N(INDEX(Kapazitätsbedarf!$I$6:$I$32,MATCH(LARGE(Kapazitätsbedarf!$Y$6:$Y$32,5),Kapazitätsbedarf!$Y$6:$Y$32,0))) -> 0 | K26: =INDEX(Kapazitätsbedarf!$L$6:$L$32,MATCH(LARGE(Kapazitätsbedarf!$Y$6:$Y$32,5),Kapazitätsbedarf!$Y$6:$Y$32,0)) -> offen – zu bewerten
F27: 6 | G27: =INDEX(Kapazitätsbedarf!$E$6:$E$32,MATCH(LARGE(Kapazitätsbedarf!$Y$6:$Y$32,6),Kapazitätsbedarf!$Y$6:$Y$32,0)) -> Ersatzteilmanagement – Planung | H27: =INDEX(Kapazitätsbedarf!$R$6:$R$32,MATCH(LARGE(Kapazitätsbedarf!$Y$6:$Y$32,6),Kapazitätsbedarf!$Y$6:$Y$32,0)) -> 12 | I27: =INDEX(Kapazitätsbedarf!$S$6:$S$32,MATCH(LARGE(Kapazitätsbedarf!$Y$6:$Y$32,6),Kapazitätsbedarf!$Y$6:$Y$32,0)) -> mittel | J27: =N(INDEX(Kapazitätsbedarf!$I$6:$I$32,MATCH(LARGE(Kapazitätsbedarf!$Y$6:$Y$32,6),Kapazitätsbedarf!$Y$6:$Y$32,0))) -> 375 | K27: =INDEX(Kapazitätsbedarf!$L$6:$L$32,MATCH(LARGE(Kapazitätsbedarf!$Y$6:$Y$32,6),Kapazitätsbedarf!$Y$6:$Y$32,0)) -> bewertet
A28: Kapazität nach Instandhaltungsart (DIN 31051) | F28: 7 | G28: =INDEX(Kapazitätsbedarf!$E$6:$E$32,MATCH(LARGE(Kapazitätsbedarf!$Y$6:$Y$32,7),Kapazitätsbedarf!$Y$6:$Y$32,0)) -> Komplexe Reparaturen / Generalüberholungen | H28: =INDEX(Kapazitätsbedarf!$R$6:$R$32,MATCH(LARGE(Kapazitätsbedarf!$Y$6:$Y$32,7),Kapazitätsbedarf!$Y$6:$Y$32,0)) -> 12 | I28: =INDEX(Kapazitätsbedarf!$S$6:$S$32,MATCH(LARGE(Kapazitätsbedarf!$Y$6:$Y$32,7),Kapazitätsbedarf!$Y$6:$Y$32,0)) -> mittel | J28: =N(INDEX(Kapazitätsbedarf!$I$6:$I$32,MATCH(LARGE(Kapazitätsbedarf!$Y$6:$Y$32,7),Kapazitätsbedarf!$Y$6:$Y$32,0))) -> 75 | K28: =INDEX(Kapazitätsbedarf!$L$6:$L$32,MATCH(LARGE(Kapazitätsbedarf!$Y$6:$Y$32,7),Kapazitätsbedarf!$Y$6:$Y$32,0)) -> bewertet
A29: Instandhaltungsart | B29: Std./Jahr | C29: FTE | D29: Anteil | F29: 8 | G29: =INDEX(Kapazitätsbedarf!$E$6:$E$32,MATCH(LARGE(Kapazitätsbedarf!$Y$6:$Y$32,8),Kapazitätsbedarf!$Y$6:$Y$32,0)) -> Reparatur / Überholung von Ersatzteilen | H29: =INDEX(Kapazitätsbedarf!$R$6:$R$32,MATCH(LARGE(Kapazitätsbedarf!$Y$6:$Y$32,8),Kapazitätsbedarf!$Y$6:$Y$32,0)) -> 12 | I29: =INDEX(Kapazitätsbedarf!$S$6:$S$32,MATCH(LARGE(Kapazitätsbedarf!$Y$6:$Y$32,8),Kapazitätsbedarf!$Y$6:$Y$32,0)) -> mittel | J29: =N(INDEX(Kapazitätsbedarf!$I$6:$I$32,MATCH(LARGE(Kapazitätsbedarf!$Y$6:$Y$32,8),Kapazitätsbedarf!$Y$6:$Y$32,0))) -> 0 | K29: =INDEX(Kapazitätsbedarf!$L$6:$L$32,MATCH(LARGE(Kapazitätsbedarf!$Y$6:$Y$32,8),Kapazitätsbedarf!$Y$6:$Y$32,0)) -> 0 h – Plausibilität prüfen
A30: Wartung | B30: =SUMIFS(Kapazitätsbedarf!$I$6:$I$32,Kapazitätsbedarf!$D$6:$D$32,A30) -> 0 | C30: =B30/P_JahresStd -> 0 | D30: =IF(Kapazitätsbedarf!$I$33=0,0,B30/Kapazitätsbedarf!$I$33) -> 0
A31: Inspektion | B31: =SUMIFS(Kapazitätsbedarf!$I$6:$I$32,Kapazitätsbedarf!$D$6:$D$32,A31) -> 0 | C31: =B31/P_JahresStd -> 0 | D31: =IF(Kapazitätsbedarf!$I$33=0,0,B31/Kapazitätsbedarf!$I$33) -> 0
A32: Instandsetzung | B32: =SUMIFS(Kapazitätsbedarf!$I$6:$I$32,Kapazitätsbedarf!$D$6:$D$32,A32) -> 75 | C32: =B32/P_JahresStd -> 0.042857143 | D32: =IF(Kapazitätsbedarf!$I$33=0,0,B32/Kapazitätsbedarf!$I$33) -> 0.010676157
A33: Verbesserung | B33: =SUMIFS(Kapazitätsbedarf!$I$6:$I$32,Kapazitätsbedarf!$D$6:$D$32,A33) -> 2750 | C33: =B33/P_JahresStd -> 1.5714286 | D33: =IF(Kapazitätsbedarf!$I$33=0,0,B33/Kapazitätsbedarf!$I$33) -> 0.39145907
A34: Unterstützende Tätigkeit | B34: =SUMIFS(Kapazitätsbedarf!$I$6:$I$32,Kapazitätsbedarf!$D$6:$D$32,A34) -> 4200 | C34: =B34/P_JahresStd -> 2.4 | D34: =IF(Kapazitätsbedarf!$I$33=0,0,B34/Kapazitätsbedarf!$I$33) -> 0.59786477
A36: Bedarf vs. Verfügbarkeit
A37: Größe | B37: FTE
A38: Bedarf netto | B38: =A5 -> 4.0142857
A39: Bedarf brutto (Methode 1, Original) | B39: =B5 -> 4.8722481
A40: Bedarf brutto (Methode 2) | B40: =Personalbedarf!C23 -> 5.1054622
A41: Verfügbar (Annahme) | B41: =F5 -> 4
A50: Diagramme

Sheet Kapazitätsbedarf
A1: Kapazitätsbedarf BB2 Instandhaltung – Umsetzung
A2: Eingabe: Std. je Arbeitstag (Spalte G). Wochen-, Jahres- und FTE-Werte werden aus den Parametern berechnet. Lila = Erstvorschlag zur Validierung im Team. | L2: Stand: | M2: =P_Stand -> 45859
G4: Kapazität (Plan) | M4: Organisation | P4: Risikobewertung (Vorschlag) | T4: Plan-Ist-Vergleich
A5: Nr. | B5: Herkunft | C5: Tätigkeitsbereich | D5: Instandhaltungs- art (DIN 31051) | E5: Tätigkeit | F5: Bemerkung (Original) | G5: Std. / Arbeitstag | H5: Std. / Woche | I5: Std. / Jahr | J5: FTE netto | K5: Anteil am Gesamtbedarf | L5: Bewertungs- status | M5: Verantwortlich | N5: Schicht- übergreifend | O5: Datenbasis | P5: Auswirkung (1–5) | Q5: Wahrschein- lichkeit (1–5) | R5: Risiko- zahl | S5: Risiko- klasse | T5: Ist-Std. / Jahr (Zeiterfassung) | U5: Abweichung Ist vs. Plan | V5: Klärungsbedarf / Hinweis | W5: Kennzeichnung im Original | X5: Hilfe Pareto | Y5: Hilfe Risiko
A6: 1 | B6: Original | C6: Ersatzteilmanagement | D6: Unterstützende Tätigkeit | E6: Ersatzteilmanagement – Planung | G6: 1.5 | H6: =IF(G6="","",G6*P_TageWoche) -> 7.5 | I6: =IF(G6="","",G6*P_AT) -> 375 | J6: =IF(G6="","",I6/P_JahresStd) -> 0.21428571 | K6: =IF(G6="","",I6/$I$33) -> 0.053380783 | L6: =IF(G6="","offen – zu bewerten",IF(G6=0,"0 h – Plausibilität prüfen","bewertet")) -> bewertet | P6: 4 | Q6: 3 | R6: =IF(OR(P6="",Q6=""),"",P6*Q6) -> 12 | S6: =IF(R6="","",IF(R6>=P_RiskHoch,"hoch",IF(R6>=P_RiskMittel,"mittel","niedrig"))) -> mittel | U6: =IF(OR(T6="",N(I6)=0),"",T6/I6-1) | W6: – | X6: =N(I6)+(1000-ROW())/1000000 -> 375.00099 | Y6: =N(R6)+(1000-ROW())/1000000 -> 12.000994
A7: 2 | B7: Original | C7: Ersatzteilmanagement | D7: Unterstützende Tätigkeit | E7: Ersatzteilumlagerung und Sonstiges | F7: Lagerhaltung / Ersatzteilbeschaffung extern | G7: 2 | H7: =IF(G7="","",G7*P_TageWoche) -> 10 | I7: =IF(G7="","",G7*P_AT) -> 500 | J7: =IF(G7="","",I7/P_JahresStd) -> 0.28571429 | K7: =IF(G7="","",I7/$I$33) -> 0.071174377 | L7: =IF(G7="","offen – zu bewerten",IF(G7=0,"0 h – Plausibilität prüfen","bewertet")) -> bewertet | P7: 3 | Q7: 2 | R7: =IF(OR(P7="",Q7=""),"",P7*Q7) -> 6 | S7: =IF(R7="","",IF(R7>=P_RiskHoch,"hoch",IF(R7>=P_RiskMittel,"mittel","niedrig"))) -> niedrig | U7: =IF(OR(T7="",N(I7)=0),"",T7/I7-1) | V7: Farbmarkierung im Original nicht erläutert – Bedeutung klären. | W7: grün hinterlegt, rote fette Schrift | X7: =N(I7)+(1000-ROW())/1000000 -> 500.00099 | Y7: =N(R7)+(1000-ROW())/1000000 -> 6.000993
A8: 3 | B8: Original | C8: Instandsetzung & Reparatur | D8: Instandsetzung | E8: Komplexe Reparaturen / Generalüberholungen | G8: 0.3 | H8: =IF(G8="","",G8*P_TageWoche) -> 1.5 | I8: =IF(G8="","",G8*P_AT) -> 75 | J8: =IF(G8="","",I8/P_JahresStd) -> 0.042857143 | K8: =IF(G8="","",I8/$I$33) -> 0.010676157 | L8: =IF(G8="","offen – zu bewerten",IF(G8=0,"0 h – Plausibilität prüfen","bewertet")) -> bewertet | P8: 4 | Q8: 3 | R8: =IF(OR(P8="",Q8=""),"",P8*Q8) -> 12 | S8: =IF(R8="","",IF(R8>=P_RiskHoch,"hoch",IF(R8>=P_RiskMittel,"mittel","niedrig"))) -> mittel | U8: =IF(OR(T8="",N(I8)=0),"",T8/I8-1) | W8: – | X8: =N(I8)+(1000-ROW())/1000000 -> 75.000992 | Y8: =N(R8)+(1000-ROW())/1000000 -> 12.000992
A9: 4 | B9: Original | C9: Instandsetzung & Reparatur | D9: Instandsetzung | E9: Reparatur / Überholung von Ersatzteilen | F9: Komplexe Ersatzteile (Druckübersetzer, Wasserventile …) | G9: 0 | H9: =IF(G9="","",G9*P_TageWoche) -> 0 | I9: =IF(G9="","",G9*P_AT) -> 0 | J9: =IF(G9="","",I9/P_JahresStd) -> 0 | K9: =IF(G9="","",I9/$I$33) -> 0 | L9: =IF(G9="","offen – zu bewerten",IF(G9=0,"0 h – Plausibilität prüfen","bewertet")) -> 0 h – Plausibilität prüfen | P9: 4 | Q9: 3 | R9: =IF(OR(P9="",Q9=""),"",P9*Q9) -> 12 | S9: =IF(R9="","",IF(R9>=P_RiskHoch,"hoch",IF(R9>=P_RiskMittel,"mittel","niedrig"))) -> mittel | U9: =IF(OR(T9="",N(I9)=0),"",T9/I9-1) | V9: 0 h: Wird die Aufbereitung extern vergeben oder fehlt Kapazität? Kosten-/Zeitvergleich intern vs. extern. | W9: rote Schrift | X9: =N(I9)+(1000-ROW())/1000000 -> 0.000991 | Y9: =N(R9)+(1000-ROW())/1000000 -> 12.000991
A10: 5 | B10: Original | C10: Verbesserung, Projekte & Technik | D10: Verbesserung | E10: Projekte und KVP (Lean-Projekte, z. B. SMED) | F10: Entwicklung, Berechnung, Bestellung | G10: 10 | H10: =IF(G10="","",G10*P_TageWoche) -> 50 | I10: =IF(G10="","",G10*P_AT) -> 2500 | J10: =IF(G10="","",I10/P_JahresStd) -> 1.4285714 | K10: =IF(G10="","",I10/$I$33) -> 0.35587189 | L10: =IF(G10="","offen – zu bewerten",IF(G10=0,"0 h – Plausibilität prüfen","bewertet")) -> bewertet | P10: 3 | Q10: 3 | R10: =IF(OR(P10="",Q10=""),"",P10*Q10) -> 9 | S10: =IF(R10="","",IF(R10>=P_RiskHoch,"hoch",IF(R10>=P_RiskMittel,"mittel","niedrig"))) -> mittel | U10: =IF(OR(T10="",N(I10)=0),"",T10/I10-1) | V10: Größter Einzelposten (≈36 %). Empfehlung: Projektliste mit Stundenbudget hinterlegen. | W10: – | X10: =N(I10)+(1000-ROW())/1000000 -> 2500.001 | Y10: =N(R10)+(1000-ROW())/1000000 -> 9.00099
A11: 6 | B11: Original | C11: Qualifizierung & TPM | D11: Unterstützende Tätigkeit | E11: Training / Schulung / Betreuung / TPM / WPS | G11: 0.5 | H11: =IF(G11="","",G11*P_TageWoche) -> 2.5 | I11: =IF(G11="","",G11*P_AT) -> 125 | J11: =IF(G11="","",I11/P_JahresStd) -> 0.071428571 | K11: =IF(G11="","",I11/$I$33) -> 0.017793594 | L11: =IF(G11="","offen – zu bewerten",IF(G11=0,"0 h – Plausibilität prüfen","bewertet")) -> bewertet | P11: 3 | Q11: 3 | R11: =IF(OR(P11="",Q11=""),"",P11*Q11) -> 9 | S11: =IF(R11="","",IF(R11>=P_RiskHoch,"hoch",IF(R11>=P_RiskMittel,"mittel","niedrig"))) -> mittel | U11: =IF(OR(T11="",N(I11)=0),"",T11/I11-1) | W11: – | X11: =N(I11)+(1000-ROW())/1000000 -> 125.00099 | Y11: =N(R11)+(1000-ROW())/1000000 -> 9.000989
A12: 7 | B12: Original | C12: Bereichs- & Standortbetreuung | D12: Unterstützende Tätigkeit | E12: Auslandseinsätze / Auslandsbetreuung | G12: 0.5 | H12: =IF(G12="","",G12*P_TageWoche) -> 2.5 | I12: =IF(G12="","",G12*P_AT) -> 125 | J12: =IF(G12="","",I12/P_JahresStd) -> 0.071428571 | K12: =IF(G12="","",I12/$I$33) -> 0.017793594 | L12: =IF(G12="","offen – zu bewerten",IF(G12=0,"0 h – Plausibilität prüfen","bewertet")) -> bewertet | P12: 2 | Q12: 2 | R12: =IF(OR(P12="",Q12=""),"",P12*Q12) -> 4 | S12: =IF(R12="","",IF(R12>=P_RiskHoch,"hoch",IF(R12>=P_RiskMittel,"mittel","niedrig"))) -> niedrig | U12: =IF(OR(T12="",N(I12)=0),"",T12/I12-1) | W12: – | X12: =N(I12)+(1000-ROW())/1000000 -> 125.00099 | Y12: =N(R12)+(1000-ROW())/1000000 -> 4.000988
A13: 8 | B13: Original | C13: Neuanlagen, Werkzeuge & Umzüge | D13: Unterstützende Tätigkeit | E13: Anfahren von Neuanlagen | G13: 0.5 | H13: =IF(G13="","",G13*P_TageWoche) -> 2.5 | I13: =IF(G13="","",G13*P_AT) -> 125 | J13: =IF(G13="","",I13/P_JahresStd) -> 0.071428571 | K13: =IF(G13="","",I13/$I$33) -> 0.017793594 | L13: =IF(G13="","offen – zu bewerten",IF(G13=0,"0 h – Plausibilität prüfen","bewertet")) -> bewertet | P13: 4 | Q13: 3 | R13: =IF(OR(P13="",Q13=""),"",P13*Q13) -> 12 | S13: =IF(R13="","",IF(R13>=P_RiskHoch,"hoch",IF(R13>=P_RiskMittel,"mittel","niedrig"))) -> mittel | U13: =IF(OR(T13="",N(I13)=0),"",T13/I13-1) | W13: – | X13: =N(I13)+(1000-ROW())/1000000 -> 125.00099 | Y13: =N(R13)+(1000-ROW())/1000000 -> 12.000987
A14: 9 | B14: Original | C14: Neuanlagen, Werkzeuge & Umzüge | D14: Unterstützende Tätigkeit | E14: Freiprüfung neuer Werkzeuge (Versuche) | G14: 0.2 | H14: =IF(G14="","",G14*P_TageWoche) -> 1 | I14: =IF(G14="","",G14*P_AT) -> 50 | J14: =IF(G14="","",I14/P_JahresStd) -> 0.028571429 | K14: =IF(G14="","",I14/$I$33) -> 0.0071174377 | L14: =IF(G14="","offen – zu bewerten",IF(G14=0,"0 h – Plausibilität prüfen","bewertet")) -> bewertet | P14: 4 | Q14: 2 | R14: =IF(OR(P14="",Q14=""),"",P14*Q14) -> 8 | S14: =IF(R14="","",IF(R14>=P_RiskHoch,"hoch",IF(R14>=P_RiskMittel,"mittel","niedrig"))) -> mittel | U14: =IF(OR(T14="",N(I14)=0),"",T14/I14-1) | W14: – | X14: =N(I14)+(1000-ROW())/1000000 -> 50.000986 | Y14: =N(R14)+(1000-ROW())/1000000 -> 8.000986
A15: 10 | B15: Original | C15: Verbesserung, Projekte & Technik | D15: Verbesserung | E15: Konstruktion / 3D | G15: 1 | H15: =IF(G15="","",G15*P_TageWoche) -> 5 | I15: =IF(G15="","",G15*P_AT) -> 250 | J15: =IF(G15="","",I15/P_JahresStd) -> 0.14285714 | K15: =IF(G15="","",I15/$I$33) -> 0.035587189 | L15: =IF(G15="","offen – zu bewerten",IF(G15=0,"0 h – Plausibilität prüfen","bewertet")) -> bewertet | P15: 2 | Q15: 2 | R15: =IF(OR(P15="",Q15=""),"",P15*Q15) -> 4 | S15: =IF(R15="","",IF(R15>=P_RiskHoch,"hoch",IF(R15>=P_RiskMittel,"mittel","niedrig"))) -> niedrig | U15: =IF(OR(T15="",N(I15)=0),"",T15/I15-1) | W15: – | X15: =N(I15)+(1000-ROW())/1000000 -> 250.00098 | Y15: =N(R15)+(1000-ROW())/1000000 -> 4.000985
A16: 11 | B16: Original | C16: Neuanlagen, Werkzeuge & Umzüge | D16: Unterstützende Tätigkeit | E16: Maschinenumzüge | G16: 0.1 | H16: =IF(G16="","",G16*P_TageWoche) -> 0.5 | I16: =IF(G16="","",G16*P_AT) -> 25 | J16: =IF(G16="","",I16/P_JahresStd) -> 0.014285714 | K16: =IF(G16="","",I16/$I$33) -> 0.0035587189 | L16: =IF(G16="","offen – zu bewerten",IF(G16=0,"0 h – Plausibilität prüfen","bewertet")) -> bewertet | P16: 3 | Q16: 2 | R16: =IF(OR(P16="",Q16=""),"",P16*Q16) -> 6 | S16: =IF(R16="","",IF(R16>=P_RiskHoch,"hoch",IF(R16>=P_RiskMittel,"mittel","niedrig"))) -> niedrig | U16: =IF(OR(T16="",N(I16)=0),"",T16/I16-1) | W16: – | X16: =N(I16)+(1000-ROW())/1000000 -> 25.000984 | Y16: =N(R16)+(1000-ROW())/1000000 -> 6.000984
A17: 12 | B17: Original | C17: Verbesserung, Projekte & Technik | D17: Instandsetzung | E17: CNC-Technik (z. B. Nachdrehen Messer) | G17: 0 | H17: =IF(G17="","",G17*P_TageWoche) -> 0 | I17: =IF(G17="","",G17*P_AT) -> 0 | J17: =IF(G17="","",I17/P_JahresStd) -> 0 | K17: =IF(G17="","",I17/$I$33) -> 0 | L17: =IF(G17="","offen – zu bewerten",IF(G17=0,"0 h – Plausibilität prüfen","bewertet")) -> 0 h – Plausibilität prüfen | P17: 2 | Q17: 2 | R17: =IF(OR(P17="",Q17=""),"",P17*Q17) -> 4 | S17: =IF(R17="","",IF(R17>=P_RiskHoch,"hoch",IF(R17>=P_RiskMittel,"mittel","niedrig"))) -> niedrig | U17: =IF(OR(T17="",N(I17)=0),"",T17/I17-1) | V17: 0 h: Leistung extern bezogen oder nicht benötigt? Bitte bestätigen. | W17: – | X17: =N(I17)+(1000-ROW())/1000000 -> 0.000983 | Y17: =N(R17)+(1000-ROW())/1000000 -> 4.000983
A18: 13 | B18: Original | C18: Facility Management & Sonderaufgaben | D18: Unterstützende Tätigkeit | E18: Sonderaufgaben (Lagersysteme …) | G18: 0.5 | H18: =IF(G18="","",G18*P_TageWoche) -> 2.5 | I18: =IF(G18="","",G18*P_AT) -> 125 | J18: =IF(G18="","",I18/P_JahresStd) -> 0.071428571 | K18: =IF(G18="","",I18/$I$33) -> 0.017793594 | L18: =IF(G18="","offen – zu bewerten",IF(G18=0,"0 h – Plausibilität prüfen","bewertet")) -> bewertet | P18: 2 | Q18: 2 | R18: =IF(OR(P18="",Q18=""),"",P18*Q18) -> 4 | S18: =IF(R18="","",IF(R18>=P_RiskHoch,"hoch",IF(R18>=P_RiskMittel,"mittel","niedrig"))) -> niedrig | U18: =IF(OR(T18="",N(I18)=0),"",T18/I18-1) | W18: grün hinterlegt | X18: =N(I18)+(1000-ROW())/1000000 -> 125.00098 | Y18: =N(R18)+(1000-ROW())/1000000 -> 4.000982
A19: 14 | B19: Original | C19: Facility Management & Sonderaufgaben | D19: Unterstützende Tätigkeit | E19: Facility Management | G19: 6 | H19: =IF(G19="","",G19*P_TageWoche) -> 30 | I19: =IF(G19="","",G19*P_AT) -> 1500 | J19: =IF(G19="","",I19/P_JahresStd) -> 0.85714286 | K19: =IF(G19="","",I19/$I$33) -> 0.21352313 | L19: =IF(G19="","offen – zu bewerten",IF(G19=0,"0 h – Plausibilität prüfen","bewertet")) -> bewertet | P19: 3 | Q19: 2 | R19: =IF(OR(P19="",Q19=""),"",P19*Q19) -> 6 | S19: =IF(R19="","",IF(R19>=P_RiskHoch,"hoch",IF(R19>=P_RiskMittel,"mittel","niedrig"))) -> niedrig | U19: =IF(OR(T19="",N(I19)=0),"",T19/I19-1) | V19: Zweitgrößter Posten (≈21 %). Abgrenzung zu Gebäudetechnik/Hausmeisterei prüfen. | W19: grün hinterlegt | X19: =N(I19)+(1000-ROW())/1000000 -> 1500.001 | Y19: =N(R19)+(1000-ROW())/1000000 -> 6.000981
A20: 15 | B20: Original | C20: Organisation & Administration | D20: Unterstützende Tätigkeit | E20: Planung und Dokumentation | G20: 0 | H20: =IF(G20="","",G20*P_TageWoche) -> 0 | I20: =IF(G20="","",G20*P_AT) -> 0 | J20: =IF(G20="","",I20/P_JahresStd) -> 0 | K20: =IF(G20="","",I20/$I$33) -> 0 | L20: =IF(G20="","offen – zu bewerten",IF(G20=0,"0 h – Plausibilität prüfen","bewertet")) -> 0 h – Plausibilität prüfen | P20: 4 | Q20: 4 | R20: =IF(OR(P20="",Q20=""),"",P20*Q20) -> 16 | S20: =IF(R20="","",IF(R20>=P_RiskHoch,"hoch",IF(R20>=P_RiskMittel,"mittel","niedrig"))) -> hoch | U20: =IF(OR(T20="",N(I20)=0),"",T20/I20-1) | V20: 0 h: Wartungsplanung, CMMS-Pflege und Dokumentation sind Grundlage für IATF 16949 (TPM) – Aufwand bewerten. | W20: orange hinterlegt, rote fette Schrift | X20: =N(I20)+(1000-ROW())/1000000 -> 0.00098 | Y20: =N(R20)+(1000-ROW())/1000000 -> 16.00098
A21: 16 | B21: Original | C21: Bereichs- & Standortbetreuung | D21: Unterstützende Tätigkeit | E21: Betreuung Balg-Bereich | G21: 2 | H21: =IF(G21="","",G21*P_TageWoche) -> 10 | I21: =IF(G21="","",G21*P_AT) -> 500 | J21: =IF(G21="","",I21/P_JahresStd) -> 0.28571429 | K21: =IF(G21="","",I21/$I$33) -> 0.071174377 | L21: =IF(G21="","offen – zu bewerten",IF(G21=0,"0 h – Plausibilität prüfen","bewertet")) -> bewertet | P21: 3 | Q21: 2 | R21: =IF(OR(P21="",Q21=""),"",P21*Q21) -> 6 | S21: =IF(R21="","",IF(R21>=P_RiskHoch,"hoch",IF(R21>=P_RiskMittel,"mittel","niedrig"))) -> niedrig | U21: =IF(OR(T21="",N(I21)=0),"",T21/I21-1) | V21: Farbmarkierung im Original nicht erläutert – Bedeutung klären. | W21: grün hinterlegt | X21: =N(I21)+(1000-ROW())/1000000 -> 500.00098 | Y21: =N(R21)+(1000-ROW())/1000000 -> 6.000979
A22: 17 | B22: Original | C22: Präventive Instandhaltung | D22: Wartung | E22: Wartung Betriebsmittel | G22: 0 | H22: =IF(G22="","",G22*P_TageWoche) -> 0 | I22: =IF(G22="","",G22*P_AT) -> 0 | J22: =IF(G22="","",I22/P_JahresStd) -> 0 | K22: =IF(G22="","",I22/$I$33) -> 0 | L22: =IF(G22="","offen – zu bewerten",IF(G22=0,"0 h – Plausibilität prüfen","bewertet")) -> 0 h – Plausibilität prüfen | P22: 5 | Q22: 4 | R22: =IF(OR(P22="",Q22=""),"",P22*Q22) -> 20 | S22: =IF(R22="","",IF(R22>=P_RiskHoch,"hoch",IF(R22>=P_RiskMittel,"mittel","niedrig"))) -> hoch | U22: =IF(OR(T22="",N(I22)=0),"",T22/I22-1) | V22: 0 h: Klären, ob die Wartung durch die Schicht-Instandhaltung abgedeckt ist. Falls nicht: höchstes Risiko. | W22: orange hinterlegt, rote fette Schrift | X22: =N(I22)+(1000-ROW())/1000000 -> 0.000978 | Y22: =N(R22)+(1000-ROW())/1000000 -> 20.000978
A23: 18 | B23: Original | C23: Präventive Instandhaltung | D23: Wartung | E23: Wartung allgemeiner Maschinen | G23: 0 | H23: =IF(G23="","",G23*P_TageWoche) -> 0 | I23: =IF(G23="","",G23*P_AT) -> 0 | J23: =IF(G23="","",I23/P_JahresStd) -> 0 | K23: =IF(G23="","",I23/$I$33) -> 0 | L23: =IF(G23="","offen – zu bewerten",IF(G23=0,"0 h – Plausibilität prüfen","bewertet")) -> 0 h – Plausibilität prüfen | P23: 5 | Q23: 4 | R23: =IF(OR(P23="",Q23=""),"",P23*Q23) -> 20 | S23: =IF(R23="","",IF(R23>=P_RiskHoch,"hoch",IF(R23>=P_RiskMittel,"mittel","niedrig"))) -> hoch | U23: =IF(OR(T23="",N(I23)=0),"",T23/I23-1) | V23: 0 h: wie Wartung Betriebsmittel – Zuständigkeit klären. | W23: rote fette Schrift | X23: =N(I23)+(1000-ROW())/1000000 -> 0.000977 | Y23: =N(R23)+(1000-ROW())/1000000 -> 20.000977
A24: 19 | B24: Original | C24: Organisation & Administration | D24: Unterstützende Tätigkeit | E24: Administration | G24: 3 | H24: =IF(G24="","",G24*P_TageWoche) -> 15 | I24: =IF(G24="","",G24*P_AT) -> 750 | J24: =IF(G24="","",I24/P_JahresStd) -> 0.42857143 | K24: =IF(G24="","",I24/$I$33) -> 0.10676157 | L24: =IF(G24="","offen – zu bewerten",IF(G24=0,"0 h – Plausibilität prüfen","bewertet")) -> bewertet | P24: 2 | Q24: 2 | R24: =IF(OR(P24="",Q24=""),"",P24*Q24) -> 4 | S24: =IF(R24="","",IF(R24>=P_RiskHoch,"hoch",IF(R24>=P_RiskMittel,"mittel","niedrig"))) -> niedrig | U24: =IF(OR(T24="",N(I24)=0),"",T24/I24-1) | W24: grün hinterlegt, fette Schrift | X24: =N(I24)+(1000-ROW())/1000000 -> 750.00098 | Y24: =N(R24)+(1000-ROW())/1000000 -> 4.000976
A25: 20 | B25: Neu (Vorschlag) | C25: Instandsetzung & Reparatur | D25: Instandsetzung | E25: Störungsbehebung / ungeplante Instandsetzung | H25: =IF(G25="","",G25*P_TageWoche) | I25: =IF(G25="","",G25*P_AT) | J25: =IF(G25="","",I25/P_JahresStd) | K25: =IF(G25="","",I25/$I$33) | L25: =IF(G25="","offen – zu bewerten",IF(G25=0,"0 h – Plausibilität prüfen","bewertet")) -> offen – zu bewerten | P25: 5 | Q25: 3 | R25: =IF(OR(P25="",Q25=""),"",P25*Q25) -> 15 | S25: =IF(R25="","",IF(R25>=P_RiskHoch,"hoch",IF(R25>=P_RiskMittel,"mittel","niedrig"))) -> hoch | U25: =IF(OR(T25="",N(I25)=0),"",T25/I25-1) | V25: Fehlt im Original. Nur relevant, falls das Umsetzungsteam Störungen mitbearbeitet (Abgrenzung zur Schicht-IH). | W25: – | X25: =N(I25)+(1000-ROW())/1000000 -> 0.000975 | Y25: =N(R25)+(1000-ROW())/1000000 -> 15.000975
A26: 21 | B26: Neu (Vorschlag) | C26: Präventive Instandhaltung | D26: Inspektion | E26: Inspektion & gesetzliche Prüfungen (DGUV V3, UVV, Krane, Druckbehälter) | H26: =IF(G26="","",G26*P_TageWoche) | I26: =IF(G26="","",G26*P_AT) | J26: =IF(G26="","",I26/P_JahresStd) | K26: =IF(G26="","",I26/$I$33) | L26: =IF(G26="","offen – zu bewerten",IF(G26=0,"0 h – Plausibilität prüfen","bewertet")) -> offen – zu bewerten | P26: 5 | Q26: 3 | R26: =IF(OR(P26="",Q26=""),"",P26*Q26) -> 15 | S26: =IF(R26="","",IF(R26>=P_RiskHoch,"hoch",IF(R26>=P_RiskMittel,"mittel","niedrig"))) -> hoch | U26: =IF(OR(T26="",N(I26)=0),"",T26/I26-1) | V26: Fehlt im Original. Prüffristen sind rechtlich bindend. | W26: – | X26: =N(I26)+(1000-ROW())/1000000 -> 0.000974 | Y26: =N(R26)+(1000-ROW())/1000000 -> 15.000974
A27: 22 | B27: Neu (Vorschlag) | C27: Organisation & Administration | D27: Unterstützende Tätigkeit | E27: Arbeitssicherheit (Gefährdungsbeurteilung, LOTO, Unterweisungen) | H27: =IF(G27="","",G27*P_TageWoche) | I27: =IF(G27="","",G27*P_AT) | J27: =IF(G27="","",I27/P_JahresStd) | K27: =IF(G27="","",I27/$I$33) | L27: =IF(G27="","offen – zu bewerten",IF(G27=0,"0 h – Plausibilität prüfen","bewertet")) -> offen – zu bewerten | P27: 5 | Q27: 2 | R27: =IF(OR(P27="",Q27=""),"",P27*Q27) -> 10 | S27: =IF(R27="","",IF(R27>=P_RiskHoch,"hoch",IF(R27>=P_RiskMittel,"mittel","niedrig"))) -> mittel | U27: =IF(OR(T27="",N(I27)=0),"",T27/I27-1) | V27: Fehlt im Original. | W27: – | X27: =N(I27)+(1000-ROW())/1000000 -> 0.000973 | Y27: =N(R27)+(1000-ROW())/1000000 -> 10.000973
A28: 23 | B28: Neu (Vorschlag) | C28: Verbesserung, Projekte & Technik | D28: Verbesserung | E28: Kennzahlen & Schwachstellenanalyse (MTBF, MTTR, Top-Störer) | H28: =IF(G28="","",G28*P_TageWoche) | I28: =IF(G28="","",G28*P_AT) | J28: =IF(G28="","",I28/P_JahresStd) | K28: =IF(G28="","",I28/$I$33) | L28: =IF(G28="","offen – zu bewerten",IF(G28=0,"0 h – Plausibilität prüfen","bewertet")) -> offen – zu bewerten | P28: 3 | Q28: 3 | R28: =IF(OR(P28="",Q28=""),"",P28*Q28) -> 9 | S28: =IF(R28="","",IF(R28>=P_RiskHoch,"hoch",IF(R28>=P_RiskMittel,"mittel","niedrig"))) -> mittel | U28: =IF(OR(T28="",N(I28)=0),"",T28/I28-1) | V28: Fehlt im Original. Grundlage für gezielte KVP-Projekte. | W28: – | X28: =N(I28)+(1000-ROW())/1000000 -> 0.000972 | Y28: =N(R28)+(1000-ROW())/1000000 -> 9.000972
A29: 24 | B29: Neu (Vorschlag) | C29: Organisation & Administration | D29: Unterstützende Tätigkeit | E29: Steuerung von Fremdfirmen / Dienstleistern | H29: =IF(G29="","",G29*P_TageWoche) | I29: =IF(G29="","",G29*P_AT) | J29: =IF(G29="","",I29/P_JahresStd) | K29: =IF(G29="","",I29/$I$33) | L29: =IF(G29="","offen – zu bewerten",IF(G29=0,"0 h – Plausibilität prüfen","bewertet")) -> offen – zu bewerten | P29: 3 | Q29: 2 | R29: =IF(OR(P29="",Q29=""),"",P29*Q29) -> 6 | S29: =IF(R29="","",IF(R29>=P_RiskHoch,"hoch",IF(R29>=P_RiskMittel,"mittel","niedrig"))) -> niedrig | U29: =IF(OR(T29="",N(I29)=0),"",T29/I29-1) | V29: Fehlt im Original (Angebote, Einweisung, Abnahme). | W29: – | X29: =N(I29)+(1000-ROW())/1000000 -> 0.000971 | Y29: =N(R29)+(1000-ROW())/1000000 -> 6.000971
A30: 25 | B30: Neu (Vorschlag) | C30: Qualifizierung & TPM | D30: Unterstützende Tätigkeit | E30: Audits & QM-Unterstützung (IATF 16949, ISO 14001/50001, 8D) | H30: =IF(G30="","",G30*P_TageWoche) | I30: =IF(G30="","",G30*P_AT) | J30: =IF(G30="","",I30/P_JahresStd) | K30: =IF(G30="","",I30/$I$33) | L30: =IF(G30="","offen – zu bewerten",IF(G30=0,"0 h – Plausibilität prüfen","bewertet")) -> offen – zu bewerten | P30: 4 | Q30: 2 | R30: =IF(OR(P30="",Q30=""),"",P30*Q30) -> 8 | S30: =IF(R30="","",IF(R30>=P_RiskHoch,"hoch",IF(R30>=P_RiskMittel,"mittel","niedrig"))) -> mittel | U30: =IF(OR(T30="",N(I30)=0),"",T30/I30-1) | V30: Fehlt im Original. | W30: – | X30: =N(I30)+(1000-ROW())/1000000 -> 0.00097 | Y30: =N(R30)+(1000-ROW())/1000000 -> 8.00097
A31: 26 | B31: Neu (Vorschlag) | C31: Verbesserung, Projekte & Technik | D31: Verbesserung | E31: Energiemanagement (z. B. Druckluft-Leckagen) | H31: =IF(G31="","",G31*P_TageWoche) | I31: =IF(G31="","",G31*P_AT) | J31: =IF(G31="","",I31/P_JahresStd) | K31: =IF(G31="","",I31/$I$33) | L31: =IF(G31="","offen – zu bewerten",IF(G31=0,"0 h – Plausibilität prüfen","bewertet")) -> offen – zu bewerten | P31: 2 | Q31: 2 | R31: =IF(OR(P31="",Q31=""),"",P31*Q31) -> 4 | S31: =IF(R31="","",IF(R31>=P_RiskHoch,"hoch",IF(R31>=P_RiskMittel,"mittel","niedrig"))) -> niedrig | U31: =IF(OR(T31="",N(I31)=0),"",T31/I31-1) | V31: Fehlt im Original. | W31: – | X31: =N(I31)+(1000-ROW())/1000000 -> 0.000969 | Y31: =N(R31)+(1000-ROW())/1000000 -> 4.000969
A32: 27 | B32: Neu (Vorschlag) | C32: Qualifizierung & TPM | D32: Unterstützende Tätigkeit | E32: Einarbeitung neuer Mitarbeitender / Wissenssicherung | H32: =IF(G32="","",G32*P_TageWoche) | I32: =IF(G32="","",G32*P_AT) | J32: =IF(G32="","",I32/P_JahresStd) | K32: =IF(G32="","",I32/$I$33) | L32: =IF(G32="","offen – zu bewerten",IF(G32=0,"0 h – Plausibilität prüfen","bewertet")) -> offen – zu bewerten | P32: 4 | Q32: 3 | R32: =IF(OR(P32="",Q32=""),"",P32*Q32) -> 12 | S32: =IF(R32="","",IF(R32>=P_RiskHoch,"hoch",IF(R32>=P_RiskMittel,"mittel","niedrig"))) -> mittel | U32: =IF(OR(T32="",N(I32)=0),"",T32/I32-1) | V32: Fehlt im Original. Reduziert Abhängigkeit von Einzelpersonen. | W32: – | X32: =N(I32)+(1000-ROW())/1000000 -> 0.000968 | Y32: =N(R32)+(1000-ROW())/1000000 -> 12.000968
E33: Gesamt (netto) | G33: =SUM(G6:G32) -> 28.1 | H33: =SUM(H6:H32) -> 140.5 | I33: =SUM(I6:I32) -> 7025 | J33: =SUM(J6:J32) -> 4.0142857 | K33: =SUM(K6:K32) -> 1 | T33: =IF(COUNT(T6:T32)=0,"",SUM(T6:T32)) | U33: =IF(T33="","",T33/I33-1)
E35: Kontrolle: FTE nach Originalmethode (Std./Tag ÷ Std. je FTE und Tag) | J35: =G33/P_StdTag -> 4.0142857 | K35: =IF(ABS(J35-J33)<0.0001,"✔ identisch","✘ Abweichung") -> ✔ identisch
E36: Kontrolle: Abgleich mit Originalwert 21.07.2025 (4,01 FTE netto, 28,1 Std./Tag) | J36: 4.0142857 | K36: =IF(ABS(J36-J33)<0.0001,"✔ unverändert","Δ "&TEXT(J33-J36,"+0.00;-0.00")) -> ✔ unverändert
E38: Legende: blau auf gelb = Eingabe · schwarz = Formel · lila = Erstvorschlag (zu validieren) · grau hinterlegt = neu ergänzte Tätigkeit (0 Std. bis zur Bewertung → ändert das Ergebnis nicht)

Sheet Personalbedarf
A1: Personalbedarf & Kapazitätsabgleich
A2: Netto-Bedarf aus Blatt Kapazitätsbedarf + Verteilzeiten = Brutto-Bedarf; Abgleich mit verfügbarem Team.
A4: A) Netto-Bedarf
A5: Kennzahl | B5: Wert | C5: Einheit | D5: Wert Original 21.07.2025 | E5: Abgleich | F5: Bemerkung
A6: Summe Stunden je Arbeitstag | B6: =Kapazitätsbedarf!G33 -> 28.1 | C6: Std./AT | D6: 28.1 | E6: =IF(ABS(B6-D6)<0.0001,"✔","Δ") -> ✔ | F6: Original B23 „Gesamt“
A7: Summe Stunden je Jahr | B7: =Kapazitätsbedarf!I33 -> 7025 | C7: Std./Jahr | F7: Im Original nicht summiert – ergänzt
A8: Personalbedarf netto | B8: =Kapazitätsbedarf!J33 -> 4.0142857 | C8: FTE | D8: 4.0142857 | E8: =IF(ABS(B8-D8)<0.0001,"✔","Δ") -> ✔ | F8: Original D24/E24 „Summe Direkte Mitarbeiter – netto“
A10: B) Verteilzeiten (Ausfallzeiten) – Methode wie Original: Zuschlag auf Netto-Bedarf
A11: Verteilzeit | B11: Anteil | C11: FTE | D11: Wert Original 21.07.2025 | E11: Abgleich | F11: Herleitung / Quelle
A12: Urlaub | B12: =P_Urlaub/P_BezugAT -> 0.17272727 | C12: =$B$8*B12 -> 0.69337662 | D12: 0.69337662 | E12: =IF(D12="","",IF(ABS(C12-D12)<0.0001,"✔","Δ")) -> ✔ | F12: 38 Urlaubstage / 220 Arbeitstage (Original)
A13: Krankheit | B13: =P_Krank -> 0.041 | C13: =$B$8*B13 -> 0.16458571 | D13: 0.16458571 | E13: =IF(D13="","",IF(ABS(C13-D13)<0.0001,"✔","Δ")) -> ✔ | F13: Statistik fz-IH (Original)
A14: Weiterbildung (NEU) | B14: =P_WB/P_BezugAT -> 0 | C14: =$B$8*B14 -> 0 | E14: =IF(D14="","",IF(ABS(C14-D14)<0.0001,"✔","Δ")) | F14: NEU – Parameter, derzeit 0
A15: Sonstige Ausfallzeiten (NEU) | B15: =P_Sonst -> 0 | C15: =$B$8*B15 -> 0 | E15: =IF(D15="","",IF(ABS(C15-D15)<0.0001,"✔","Δ")) | F15: NEU – Parameter, derzeit 0
A16: Summe Verteilzeiten | B16: =SUM(B12:B15) -> 0.21372727 | C16: =SUM(C12:C15) -> 0.85796234 | D16: 0.85796234 | E16: =IF(ABS(C16-D16)<0.0001,"✔","Δ") -> ✔ | F16: Original D28
A17: Personalbedarf brutto | C17: =B8+C16 -> 4.8722481 | D17: 4.8722481 | E17: =IF(ABS(C17-D17)<0.0001,"✔","Δ") -> ✔ | F17: Original D29 „brutto“ (im Original ebenfalls als „Summe Direkte Mitarbeiter“ bezeichnet)
A18: „Wert Original“: hart hinterlegte Referenzwerte aus der Datei vom 21.07.2025 – belegen, dass die Bewertung unverändert übernommen wurde.
A20: C) Methodenvergleich (Sensitivität)
A21: Methode | B21: Formel | C21: FTE brutto | D21: Differenz zu Original | F21: Einordnung
A22: 1 – Zuschlagsmethode (Original) | B22: netto × (1 + Σ Verteilzeit) | C22: =C17 -> 4.8722481 | D22: 0 | F22: Korrekt, wenn die 220 AT die tatsächlichen Anwesenheitstage sind.
A23: 2 – Verfügbarkeitsmethode | B23: netto ÷ (1 − Σ Verteilzeit) | C23: =B8/(1-B16) -> 5.1054622 | D23: =C23-C22 -> 0.23321418 | F23: Üblich, wenn Quoten auf die Soll-Arbeitszeit bezogen sind (z. B. Krankenquote). Konservativer Wert.
A24: Empfehlung: Bezugsbasis der 220 AT klären und eine Methode verbindlich festlegen. Bis dahin gilt Methode 1 (Original).
A26: D) Kapazitätsabgleich – verfügbares Team
A27: Nr. (Original) | B27: Name | C27: Verfügbare FTE | D27: Rolle / Funktion | E27: Kennzeichnung im Original | F27: Bemerkung
A28: 1 | B28: Scheifele | C28: 1 | E28: grün hinterlegt | F28: Annahme 1,0 FTE (Vollzeit, voll im Umsetzungsteam) – bitte prüfen
A29: 2 | B29: Baran | C29: 1 | E29: grün hinterlegt | F29: Annahme 1,0 FTE – bitte prüfen
A30: 4 | B30: Vischer | C30: 1 | E30: grün hinterlegt | F30: Annahme 1,0 FTE – bitte prüfen
A31: 5 | B31: Mrugalla | C31: 1 | E31: blau hinterlegt | F31: Annahme 1,0 FTE – bitte prüfen
F32: freie Zeile (z. B. Neueinstellung, Leiharbeit)
F33: freie Zeile (z. B. Neueinstellung, Leiharbeit)
A34: Verfügbare Kapazität | C34: =SUM(C28:C33) -> 4
A35: Brutto-Bedarf (Methode 1) | C35: =C17 -> 4.8722481
A36: Über-/Unterdeckung | C36: =C34-C35 -> -0.87224805 | D36: negativ = fehlende Kapazität
A37: Deckungsgrad | C37: =IF(C35=0,"",C34/C35) -> 0.82097626 | D37: verfügbare FTE ÷ Brutto-Bedarf
A38: Ampel | C38: =IF(C37="","",IF(C37>=P_DeckGruen,"gedeckt",IF(C37>=P_DeckGelb,"knapp","Unterdeckung"))) -> Unterdeckung
A39: Im Original stand die Namensliste ohne Erläuterung unter dem Hinweis „*Schichtübergreifend“; Nr. 3 ist dort nicht vergeben.

Sheet Parameter
A1: Parameter & Annahmen
A2: Alle Berechnungsgrundlagen an einer Stelle. Nur blaue Werte auf gelbem Grund ändern – alle Blätter rechnen automatisch neu.
A4: Parameter | B4: Wert | C4: Einheit | D4: Quelle / Herleitung
A5: Planungsstand | B5: 45859 | C5: Datum | D5: Original, Zelle F1
A6: Arbeitstage pro Jahr | B6: 250 | C6: AT/Jahr | D6: Original, Formel Std./Jahr = Std./Tag × 250
A7: Arbeitstage pro Woche | B7: 5 | C7: AT/Woche | D7: Original, Formel Std./Woche = Std./Tag × 5
A8: Jahresarbeitsstunden je Mitarbeitende/r (1 FTE) | B8: 1750 | C8: Std./Jahr | D8: Original, Spaltenkopf „1 MA = 1750“
A9: Stunden je FTE und Arbeitstag (abgeleitet) | B9: =P_JahresStd/P_AT -> 7 | C9: Std./AT | D9: Berechnet: 1.750 / 250 = 7 (im Original fest als „/7“ in D24 hinterlegt)
A10: Urlaubstage je Mitarbeitende/r | B10: 38 | C10: Tage/Jahr | D10: Original, Bemerkung „38 Tage Urlaub / TZ / 220 AT“
A11: Bezugsarbeitstage für Urlaubsquote | B11: 220 | C11: AT | D11: Original, Formel Urlaub = 38/220
A12: Krankenquote | B12: 0.041 | C12: % | D12: Original, „Statistik fz-IH“ (4,1 %)
A13: Weiterbildungstage je Mitarbeitende/r (NEU) | B13: 0 | C13: Tage/Jahr | D13: NEU – im Original nicht enthalten; 0 = keine Auswirkung auf das Ergebnis. Bei Bedarf eintragen.
A14: Sonstige Ausfallzeiten (NEU) | B14: 0 | C14: % | D14: NEU – z. B. Betriebsversammlung, Arztbesuche, Gremien; 0 = keine Auswirkung.
A15: Risikozahl ab der „hoch“ gilt | B15: 15 | C15: Punkte | D15: Bewertungsmaßstab NEU: Auswirkung (1–5) × Wahrscheinlichkeit (1–5)
A16: Risikozahl ab der „mittel“ gilt | B16: 8 | C16: Punkte | D16: Bewertungsmaßstab NEU
A17: Deckungsgrad Ampel grün ab | B17: 1 | C17: % | D17: Bewertungsmaßstab NEU: verfügbare FTE ÷ Brutto-Bedarf
A18: Deckungsgrad Ampel gelb ab | B18: 0.9 | C18: % | D18: Bewertungsmaßstab NEU
A20: Bewertungsskalen (einheitlich für alle Blätter)
A21: Auswirkung bei Nichterfüllung | B21: 1 = gering (kein Einfluss auf Produktion/Qualität) · 2 = spürbar · 3 = deutlich (Verzögerungen, Mehraufwand) · 4 = hoch (Anlagenstillstand / Qualitätsrisiko) · 5 = kritisch (Sicherheit, Recht, Kunde)
A22: Eintrittswahrscheinlichkeit Engpass | B22: 1 = sehr unwahrscheinlich · 2 = selten · 3 = gelegentlich · 4 = häufig · 5 = nahezu sicher
A23: Risikozahl / -klasse | B23: Auswirkung × Wahrscheinlichkeit (1–25). „hoch“ ≥ Schwelle hoch, „mittel“ ≥ Schwelle mittel, sonst „niedrig“.
A24: Datenbasis | B24: Messung (Zeiterfassung/CMMS) · Erfahrungswert · Schätzung
A25: Bewertungsstatus (automatisch) | B25: bewertet = Stunden > 0 · „0 h – Plausibilität prüfen“ = bewusst 0 eingetragen · „offen – zu bewerten“ = noch kein Wert
A28: Auswahllisten
A29: Tätigkeitsbereiche | B29: DIN 31051
A30: Ersatzteilmanagement | B30: Wartung
A31: Instandsetzung & Reparatur | B31: Inspektion
A32: Präventive Instandhaltung | B32: Instandsetzung
A33: Verbesserung, Projekte & Technik | B33: Verbesserung
A34: Neuanlagen, Werkzeuge & Umzüge | B34: Unterstützende Tätigkeit
A35: Qualifizierung & TPM
A36: Bereichs- & Standortbetreuung
A37: Facility Management & Sonderaufgaben
A38: Organisation & Administration

Sheet Analyse
A1: Analyse der Ausgangsdatei (Stand 21.07.2025)
A2: Grundlage der Überarbeitung – siehe auch Änderungsprotokoll
A4: 1. Stärken
A5: • Kompakt: vollständige Personalbedarfsrechnung auf einer Seite, druckfertig (Fußzeile, An-Seite-anpassen).
A6: • Nachvollziehbare Logik: Std./Tag → Std./Woche → Std./Jahr → FTE, durchgängig per Formel.
A7: • Breites Tätigkeitsspektrum (19 Positionen) inkl. Projekten/KVP, Neuanlagen, Facility Management.
A8: • Trennung Netto-Bedarf und Verteilzeiten (Urlaub, Krankheit) mit Quellenangabe (Statistik fz-IH).
A9: • Visualisierung der Stundenverteilung per Kreisdiagramm.
A11: 2. Schwächen
A12: • Falsche Einheit im Spaltenkopf: „Dauer/Min./Teil“ – gerechnet wird mit Stunden je Arbeitstag (×250 = Std./Jahr).
A13: • Spalte C (Std./Woche) ohne Überschrift.
A14: • Parameter fest in Formeln (×5, ×250, /1750, /7, 38/220) – Änderungen fehleranfällig; 1.750 und 7 sind zwei getrennt gepflegte, voneinander abhängige Werte.
... A48: 7. Vorgeschlagene zusätzliche Kennzahlen (benötigen Daten aus CMMS / Zeiterfassung / BDE)
A49: Kennzahl | B49: Berechnung | C49: Orientierungswert | D49: Datenquelle
A50: Deckungsgrad Personal | B50: verfügbare FTE ÷ Brutto-Bedarf | C50: ≥ 100 % | D50: diese Datei
A51: Präventivquote | B51: Std. Wartung + Inspektion ÷ Gesamtstunden | C51: ≥ 30–50 % (branchenüblich) | D51: diese Datei / CMMS
A52: Planungsgrad | B52: geplante IH-Stunden ÷ gesamte IH-Stunden | C52: ≥ 80 % | D52: CMMS
A53: Wartungsplan-Erfüllung | B53: erledigte ÷ fällige Wartungsaufträge | C53: ≥ 95 % | D53: CMMS
A54: MTBF / MTTR | B54: Betriebszeit ÷ Ausfälle / Reparaturzeit ÷ Ausfälle | C54: Trend steigend / fallend | D54: BDE, CMMS
A55: Technische Verfügbarkeit / OEE-Verlust durch IH | B55: Ausfallzeit IH ÷ geplante Laufzeit | C55: Ziel je Anlage | D55: BDE
A56: Plan-Ist-Abweichung Kapazität | B56: Ist-Std. ÷ Plan-Std. − 1 | C56: ± 10 % | D56: Zeiterfassung (Spalte T)
A57: Ersatzteilverfügbarkeit | B57: sofort verfügbare ÷ angeforderte Teile | C57: ≥ 95 % | D57: ERP/Lager
A58: Überstundenquote IH | B58: Überstunden ÷ Sollstunden | C58: ≤ 5 % | D58: Zeiterfassung
A59: Instandhaltungskostenquote | B59: IH-Kosten ÷ Wiederbeschaffungswert | C59: 2–5 % p. a. | D59: Controlling
A61: 8. Nächste Schritte
A62: ☐ Bedeutung der Farbmarkierungen und Namensliste im Original klären (Spalte W / Blatt Personalbedarf).
A63: ☐ Zuständigkeit Wartung/Inspektion (Schicht-IH vs. Umsetzung) klären und Stunden eintragen.
A64: ☐ Acht ergänzte Tätigkeiten bewerten (oder als „nicht zutreffend“ löschen).
A65: ☐ Risikovorschläge im Team validieren; Verantwortliche und Datenbasis je Tätigkeit eintragen.
A66: ☐ Methode für Verteilzeiten festlegen (Bezugsbasis 220 AT).
A67: ☐ Quartalsweise Plan-Ist-Abgleich aus der Zeiterfassung (Spalte T).

Sheet Änderungsprotokoll
A1: Änderungsprotokoll
A2: Alle Änderungen gegenüber der Datei vom 21.07.2025 – Bewertungen (Stundenwerte) sind unverändert übernommen.
A4: Nr. | B4: Bereich | C4: Original | D4: Neu | E4: Begründung
A5: 1 | B5: Struktur | C5: 1 Blatt | D5: 8 Blätter (Übersicht, Dashboard, Kapazitätsbedarf, Personalbedarf, Parameter, Analyse, Änderungsprotokoll, Original) | E5: Trennung von Eingabe, Berechnung und Auswertung; jede Zielgruppe findet ihren Einstieg.
A6: 2 | B6: Parameter | C6: 250, 5, 1750, 7, 38/220, 4,1 % fest in Formeln | D6: Blatt „Parameter“ mit benannten Zellen und Quellen; 7 Std./Tag wird aus 1.750/250 abgeleitet | E6: Eine Änderung wirkt überall; keine widersprüchlichen Werte; Annahmen dokumentiert.
A7: 3 | B7: Einheit | C7: „Dauer/Min./Teil“ | D7: „Std. / Arbeitstag“ | E7: Die Formeln rechnen mit Stunden je Arbeitstag (× 250 = Std./Jahr). Der alte Kopf war irreführend.
A8: 4 | B8: Spaltenkopf | C8: Spalte C ohne Überschrift | D8: „Std. / Woche“ | E8: Vollständige Beschriftung.
A9: 5 | B9: Spaltenkopf | C9: „1 MA = 1750“ | D9: „FTE netto“ (Jahresstunden je FTE im Parameterblatt) | E9: Einheitlicher Begriff FTE; Parameter sichtbar statt im Kopf versteckt.
A10: 6 | B10: Bezeichnungen | C10: „Summe Direkte Mitarbeiter“ (2× für netto und brutto) | D10: „Personalbedarf netto“ / „Personalbedarf brutto“ | E10: Eindeutigkeit.
A11: 7 | B11: Rechtschreibung | C11: Ersatzteilbeschafung, Überhollung, Ersatzeile, Druckübersetzter, Betreung, Ausladsbetreuung, Konstrunktion, Lagersystemme, Managemant, Dokumentationen, neu WKZ, Schcihtübegreifend | D11: korrigiert (Ersatzteilbeschaffung, Überholung, Ersatzteile, Druckübersetzer, Betreuung, Auslandsbetreuung, Konstruktion, Lagersysteme, Management, Dokumentation, neuer Werkzeuge, schichtübergreifend) | E11: Professionelles Erscheinungsbild.
A12: 8 | B12: Bezeichnungen | C12: „Administrativ“, „Wartung allg. Maschinen“, „Ersatzteilumlagerung u. sonstiges“ | D12: „Administration“, „Wartung allgemeiner Maschinen“, „Ersatzteilumlagerung und Sonstiges“ | E12: Einheitlicher Substantivstil, keine Abkürzungen.
A13: 9 | B13: Bewertungen | C13: 19 Stundenwerte | D13: identisch übernommen (Spalte G); Kontrollzeilen belegen 28,1 Std./Tag, 4,01 FTE netto, 4,87 FTE brutto | E13: Kein Informationsverlust; Nachweis per Formel.
A14: 10 | B14: Bemerkungen | C14: Spalte F | D14: Spalte „Bemerkung (Original)“ – Wortlaut korrigiert, Inhalt unverändert | E14: Erhalt aller Informationen.
A15: 11 | B15: Farbmarkierungen | C15: grün / orange / rote Schrift ohne Legende | D15: Spalte „Kennzeichnung im Original“ (Text) + Klärungsbedarf | E15: Information bleibt erhalten, Bedeutung wird explizit geklärt statt erraten.
A16: 12 | B16: Namensliste | C16: Nr. 1, 2, 4, 5 mit Namen, ohne Überschrift | D16: Tabelle „Kapazitätsabgleich“ mit FTE-Annahme, Rolle, Kennzeichnung | E16: Ermöglicht Deckungsgrad-Berechnung; Annahme 1,0 FTE klar gekennzeichnet.
... A29: 25 | B29: Dateiformat | C29: .xlsm (enthielt keine Makros) | D29: .xlsx | E29: Keine Makro-Sicherheitswarnung; Funktionsumfang identisch.

Sheet Original 21.07.2025
A1: Mitarbeiterplanung BB2 Instandhaltung Umsetzung | F1: 45859
A3: Bereich | B3: Dauer/Min./Teil | D3: Std. / Jahr | E3: 1 MA = 1750 | F3: Bemerkungen
A4: Ersatzteilmanagement Planung | B4: 1.5 | C4: =B4*5 -> 7.5 | D4: =B4*250 -> 375 | E4: =D4/1750 -> 0.21428571
A5: Ersatzteilumlagerung u. sonstiges | B5: 2 | C5: =B5*5 -> 10 | D5: =B5*250 -> 500 | E5: =D5/1750 -> 0.28571429 | F5: Lagerhaltung / Ersatzteilbeschafung extern
A6: Komplexe Reparaturen / Generallüberholungen | B6: 0.3 | C6: =B6*5 -> 1.5 | D6: =B6*250 -> 75 | E6: =D6/1750 -> 0.042857143
A7: Reparatur / Überhollung von Ersatzteilen | B7: 0 | C7: =B7*5 -> 0 | D7: =B7*250 -> 0 | E7: =D7/1750 -> 0 | F7: Komplexe Ersatzeile (Druckübersetzter, Wasserventile…..)
A8: Projekte und KVP (Lean Projekte z.B SMED,….) | B8: 10 | C8: =B8*5 -> 50 | D8: =B8*250 -> 2500 | E8: =D8/1750 -> 1.4285714 | F8: Entwicklung; Berechnung; Bestellung;
A9: Training / Schulung / Betreung / TPM / WPS | B9: 0.5 | C9: =B9*5 -> 2.5 | D9: =B9*250 -> 125 | E9: =D9/1750 -> 0.071428571
A10: Auslandeinsätze / Ausladsbetreuung | B10: 0.5 | C10: =B10*5 -> 2.5 | D10: =B10*250 -> 125 | E10: =D10/1750 -> 0.071428571
A11: Anfahren von Neuanlagen | B11: 0.5 | C11: =B11*5 -> 2.5 | D11: =B11*250 -> 125 | E11: =D11/1750 -> 0.071428571
A12: Freiprüfung von neu WKZ (Versuche) | B12: 0.2 | C12: =B12*5 -> 1 | D12: =B12*250 -> 50 | E12: =D12/1750 -> 0.028571429
A13: Konstrunktion / 3D | B13: 1 | C13: =B13*5 -> 5 | D13: =B13*250 -> 250 | E13: =D13/1750 -> 0.14285714
A14: Maschinenumzüge | B14: 0.1 | C14: =B14*5 -> 0.5 | D14: =B14*250 -> 25 | E14: =D14/1750 -> 0.014285714
A15: CNC-Technik (z.B. Nachdrehen Messer) | B15: 0 | C15: =B15*5 -> 0 | D15: =B15*250 -> 0 | E15: =D15/1750 -> 0
A16: Sonderaufgaben (Lagersystemme…) | B16: 0.5 | C16: =B16*5 -> 2.5 | D16: =B16*250 -> 125 | E16: =D16/1750 -> 0.071428571
A17: Facility Managemant | B17: 6 | C17: =B17*5 -> 30 | D17: =B17*250 -> 1500 | E17: =D17/1750 -> 0.85714286
A18: Planung und Dokumentationen | B18: 0 | C18: =B18*5 -> 0 | D18: =B18*250 -> 0 | E18: =D18/1750 -> 0
A19: Betreung Balg-Bereich | B19: 2 | C19: =B19*5 -> 10 | D19: =B19*250 -> 500 | E19: =D19/1750 -> 0.28571429
A20: Wartung Betriebsmittel | B20: 0 | C20: =B20*5 -> 0 | D20: =B20*250 -> 0 | E20: =D20/1750 -> 0
... A22: Administrativ | B22: 3 | C22: =B22*5 -> 15 | D22: =B22*250 -> 750 | E22: =D22/1750 -> 0.42857143
A23: Gesamt | B23: =SUM(B4:B22) -> 28.1
A24: Summe Direkte Mitarbeiter | D24: =B23/7 -> 4.0142857 | E24: =SUM(E4:E23) -> 4.0142857 | F24: netto
A25: Verteilzeiten | C25: Anteil [%] | D25: Summe MA | F25: Bemerkungen
A26: Urlaub | C26: =38/220*100 -> 17.272727 | D26: =$D$24*C26/100 -> 0.69337662 | F26: 38 Tage Urlaub / TZ/ 220 AT
A27: Krank | C27: 4.1 | D27: =$D$24*C27/100 -> 0.16458571 | F27: Statistik fz-IH
A28: Summe Verteilzeiten | D28: =SUM(D26:D27) -> 0.85796234
A29: Summe Direkte Mitarbeiter | D29: =D28+D24 -> 4.8722481 | F29: brutto
A32: *Schcihtübegreifend | H32: Archiv: unveränderte Kopie der Originaldatei. Hinweis: Das Original-Kreisdiagramm umfasst nur Zeilen 4–18; Balg-Bereich, Wartung und Administrativ (1.250 Std./Jahr) fehlen, daher sind die Prozentwerte überhöht.
C34: 1 | D34: Scheifele
C35: 2 | D35: Baran
C36: 4 | D36: Vischer
C37: 5 | D37: Mrugalla
