Workbook

Sheet Management Dashboard
B2: Maintenance BB2 – Staffing & Capacity Dashboard
B3: ="Annual evaluation of the implementation team · as of "&TEXT(AsOfDate,"DD MMM YYYY")&" · basis: "&TEXT(WorkDaysPerYear,"0")&" working days, "&TEXT(HoursPerEmployee,"#,##0")&" h per employee and year" -> Annual evaluation of the implementation team · as of 21 Jul 2025 · basis: 250 working days, 1,750 h per employee and year
B5: TOTAL HOURS PER YEAR | E5: REQUIRED HEADCOUNT | H5: CURRENT HEADCOUNT | K5: STAFFING GAP
B6: =TotalHoursYear -> 7025 | E6: =ReqHeadcount -> 4.8722481 | H6: =Headcount -> 4 | K6: =Headcount-ReqHeadcount -> -0.87224805
B7: all employees · all tasks | E7: ="incl. vacation & sickness · "&TEXT(ROUNDUP(ReqHeadcount,0),"0")&" persons rounded up" -> incl. vacation & sickness · 5 persons rounded up | H7: employees available | K7: negative = employees missing
B9: HOURS PER EMPLOYEE / YEAR | E9: AVG. WORKLOAD PER EMPLOYEE / YEAR | H9: AVG. WORKLOAD PER EMPLOYEE / MONTH | K9: UTILISATION
B10: =HoursPerEmployee -> 1750 | E10: =IF(Headcount=0,0,TotalHoursYear/Headcount) -> 1756.25 | H10: =IF(Headcount=0,0,TotalHoursYear/Headcount/MonthsPerYear) -> 146.35417 | K10: =IF(Headcount*HoursPerEmployee=0,0,TotalHoursYear/(Headcount*HoursPerEmployee)) -> 1.0035714
B11: contractual capacity of 1 FTE | E11: total hours ÷ current headcount | H11: ="per week: "&TEXT(IF(Headcount=0,0,TotalHoursDay*DaysPerWeek/Headcount),"0.0")&" h" -> per week: 35.1 h | K11: task hours ÷ capacity of current staff (excl. absences)
B13: Hours per period | H13: Distribution of annual hours by task
B14: Period | C14: All employees | D14: Avg. per employee | E14: Capacity per FTE | F14: Utilisation
B15: Day | C15: =TotalHoursDay -> 28.1 | D15: =IF(Headcount=0,0,C15/Headcount) -> 7.025 | E15: =HoursPerEmployee/WorkDaysPerYear -> 7 | F15: =IF(E15=0,0,D15/E15) -> 1.0035714
B16: Week | C16: =TotalHoursDay*DaysPerWeek -> 140.5 | D16: =IF(Headcount=0,0,C16/Headcount) -> 35.125 | E16: =HoursPerEmployee/WorkDaysPerYear*DaysPerWeek -> 35 | F16: =IF(E16=0,0,D16/E16) -> 1.0035714
B17: Month | C17: =TotalHoursYear/MonthsPerYear -> 585.41667 | D17: =IF(Headcount=0,0,C17/Headcount) -> 146.35417 | E17: =HoursPerEmployee/MonthsPerYear -> 145.83333 | F17: =IF(E17=0,0,D17/E17) -> 1.0035714
B18: Year | C18: =TotalHoursYear -> 7025 | D18: =IF(Headcount=0,0,C18/Headcount) -> 1756.25 | E18: =HoursPerEmployee -> 1750 | F18: =IF(E18=0,0,D18/E18) -> 1.0035714
B20: Staffing calculation
B21: Employees needed for tasks | F21: =TasksFTE -> 4.0142857
B22: ="+ Vacation ("&TEXT(VacationDays/RefDays,"0.0%")&")" -> + Vacation (17.3%) | F22: =VacationFTE -> 0.69337662
B23: ="+ Sickness ("&TEXT(SickRate,"0.0%")&")" -> + Sickness (4.1%) | F23: =SickFTE -> 0.16458571
B24: Required headcount | F24: =ReqHeadcount -> 4.8722481
B25: Current headcount | F25: =Headcount -> 4
B26: =IF(Headcount>=ReqHeadcount,"Staffing reserve","Staffing gap") -> Staffing gap | F26: =Headcount-ReqHeadcount -> -0.87224805
B28: Hours by task – top 7 + others
B29: Rank | C29: Task | F29: Hours / year | G29: Share
B30: 1 | C30: =INDEX('Capacity Planning'!$B$5:$B$26,MATCH(LARGE('Capacity Planning'!$J$5:$J$26,1),'Capacity Planning'!$J$5:$J$26,0)) -> Projects & continuous improvement (lean, e.g. SMED) | F30: =N(INDEX('Capacity Planning'!$F$5:$F$26,MATCH(LARGE('Capacity Planning'!$J$5:$J$26,1),'Capacity Planning'!$J$5:$J$26,0))) -> 2500 | G30: =IF(TotalHoursYear=0,0,F30/TotalHoursYear) -> 0.35587189
B31: 2 | C31: =INDEX('Capacity Planning'!$B$5:$B$26,MATCH(LARGE('Capacity Planning'!$J$5:$J$26,2),'Capacity Planning'!$J$5:$J$26,0)) -> Facility management | F31: =N(INDEX('Capacity Planning'!$F$5:$F$26,MATCH(LARGE('Capacity Planning'!$J$5:$J$26,2),'Capacity Planning'!$J$5:$J$26,0))) -> 1500 | G31: =IF(TotalHoursYear=0,0,F31/TotalHoursYear) -> 0.21352313
B32: 3 | C32: =INDEX('Capacity Planning'!$B$5:$B$26,MATCH(LARGE('Capacity Planning'!$J$5:$J$26,3),'Capacity Planning'!$J$5:$J$26,0)) -> Administration | F32: =N(INDEX('Capacity Planning'!$F$5:$F$26,MATCH(LARGE('Capacity Planning'!$J$5:$J$26,3),'Capacity Planning'!$J$5:$J$26,0))) -> 750 | G32: =IF(TotalHoursYear=0,0,F32/TotalHoursYear) -> 0.10676157
B33: 4 | C33: =INDEX('Capacity Planning'!$B$5:$B$26,MATCH(LARGE('Capacity Planning'!$J$5:$J$26,4),'Capacity Planning'!$J$5:$J$26,0)) -> Spare parts relocation & miscellaneous | F33: =N(INDEX('Capacity Planning'!$F$5:$F$26,MATCH(LARGE('Capacity Planning'!$J$5:$J$26,4),'Capacity Planning'!$J$5:$J$26,0))) -> 500 | G33: =IF(TotalHoursYear=0,0,F33/TotalHoursYear) -> 0.071174377
B34: 5 | C34: =INDEX('Capacity Planning'!$B$5:$B$26,MATCH(LARGE('Capacity Planning'!$J$5:$J$26,5),'Capacity Planning'!$J$5:$J$26,0)) -> Support of bellows area | F34: =N(INDEX('Capacity Planning'!$F$5:$F$26,MATCH(LARGE('Capacity Planning'!$J$5:$J$26,5),'Capacity Planning'!$J$5:$J$26,0))) -> 500 | G34: =IF(TotalHoursYear=0,0,F34/TotalHoursYear) -> 0.071174377
B35: 6 | C35: =INDEX('Capacity Planning'!$B$5:$B$26,MATCH(LARGE('Capacity Planning'!$J$5:$J$26,6),'Capacity Planning'!$J$5:$J$26,0)) -> Spare parts management – planning | F35: =N(INDEX('Capacity Planning'!$F$5:$F$26,MATCH(LARGE('Capacity Planning'!$J$5:$J$26,6),'Capacity Planning'!$J$5:$J$26,0))) -> 375 | G35: =IF(TotalHoursYear=0,0,F35/TotalHoursYear) -> 0.053380783
B36: 7 | C36: =INDEX('Capacity Planning'!$B$5:$B$26,MATCH(LARGE('Capacity Planning'!$J$5:$J$26,7),'Capacity Planning'!$J$5:$J$26,0)) -> Design / 3D CAD | F36: =N(INDEX('Capacity Planning'!$F$5:$F$26,MATCH(LARGE('Capacity Planning'!$J$5:$J$26,7),'Capacity Planning'!$J$5:$J$26,0))) -> 250 | G36: =IF(TotalHoursYear=0,0,F36/TotalHoursYear) -> 0.035587189
B37: 8 | C37: All other tasks | F37: =TotalHoursYear-SUM(F30:F36) -> 650 | G37: =IF(TotalHoursYear=0,0,F37/TotalHoursYear) -> 0.09252669
B38: Total | F38: =SUM(F30:F37) -> 7025 | G38: =SUM(G30:G37) -> 1
B40: Enter data on sheet “Capacity Planning” (yellow cells). This dashboard updates automatically.

Sheet Capacity Planning
A1: Capacity Planning – Maintenance BB2 (Implementation Team)
A2: Enter only the hours per day (yellow). Week, month, year and headcount are calculated automatically.
A4: No. | B4: Task | C4: Hours per day | D4: Hours per week | E4: Hours per month | F4: Hours per year | G4: Employees (FTE) | H4: Share of hours | I4: Remarks | K4: Assumptions
A5: 1 | B5: Spare parts management – planning | C5: 1.5 | D5: =IF(C5="","",C5*DaysPerWeek) -> 7.5 | E5: =IF(C5="","",F5/MonthsPerYear) -> 31.25 | F5: =IF(C5="","",C5*WorkDaysPerYear) -> 375 | G5: =IF(C5="","",F5/HoursPerEmployee) -> 0.21428571 | H5: =IF(OR(C5="",$F$27=0),"",F5/$F$27) -> 0.053380783 | J5: =N(F5)+(1000-ROW())/1000000 -> 375.00099 | K5: As of | L5: 45859
A6: 2 | B6: Spare parts relocation & miscellaneous | C6: 2 | D6: =IF(C6="","",C6*DaysPerWeek) -> 10 | E6: =IF(C6="","",F6/MonthsPerYear) -> 41.666667 | F6: =IF(C6="","",C6*WorkDaysPerYear) -> 500 | G6: =IF(C6="","",F6/HoursPerEmployee) -> 0.28571429 | H6: =IF(OR(C6="",$F$27=0),"",F6/$F$27) -> 0.071174377 | I6: Warehousing / external spare parts procurement | J6: =N(F6)+(1000-ROW())/1000000 -> 500.00099 | K6: Working days per year | L6: 250
A7: 3 | B7: Complex repairs / general overhauls | C7: 0.3 | D7: =IF(C7="","",C7*DaysPerWeek) -> 1.5 | E7: =IF(C7="","",F7/MonthsPerYear) -> 6.25 | F7: =IF(C7="","",C7*WorkDaysPerYear) -> 75 | G7: =IF(C7="","",F7/HoursPerEmployee) -> 0.042857143 | H7: =IF(OR(C7="",$F$27=0),"",F7/$F$27) -> 0.010676157 | J7: =N(F7)+(1000-ROW())/1000000 -> 75.000993 | K7: Working days per week | L7: 5
A8: 4 | B8: Repair / overhaul of spare parts | C8: 0 | D8: =IF(C8="","",C8*DaysPerWeek) -> 0 | E8: =IF(C8="","",F8/MonthsPerYear) -> 0 | F8: =IF(C8="","",C8*WorkDaysPerYear) -> 0 | G8: =IF(C8="","",F8/HoursPerEmployee) -> 0 | H8: =IF(OR(C8="",$F$27=0),"",F8/$F$27) -> 0 | I8: Complex spare parts (pressure intensifiers, water valves …) | J8: =N(F8)+(1000-ROW())/1000000 -> 0.000992 | K8: Months per year | L8: 12
A9: 5 | B9: Projects & continuous improvement (lean, e.g. SMED) | C9: 10 | D9: =IF(C9="","",C9*DaysPerWeek) -> 50 | E9: =IF(C9="","",F9/MonthsPerYear) -> 208.33333 | F9: =IF(C9="","",C9*WorkDaysPerYear) -> 2500 | G9: =IF(C9="","",F9/HoursPerEmployee) -> 1.4285714 | H9: =IF(OR(C9="",$F$27=0),"",F9/$F$27) -> 0.35587189 | I9: Development, calculation, ordering | J9: =N(F9)+(1000-ROW())/1000000 -> 2500.001 | K9: Hours per employee per year (1 FTE) | L9: 1750
A10: 6 | B10: Training / instruction / support / TPM / WPS | C10: 0.5 | D10: =IF(C10="","",C10*DaysPerWeek) -> 2.5 | E10: =IF(C10="","",F10/MonthsPerYear) -> 10.416667 | F10: =IF(C10="","",C10*WorkDaysPerYear) -> 125 | G10: =IF(C10="","",F10/HoursPerEmployee) -> 0.071428571 | H10: =IF(OR(C10="",$F$27=0),"",F10/$F$27) -> 0.017793594 | J10: =N(F10)+(1000-ROW())/1000000 -> 125.00099 | K10: Vacation days per employee | L10: 38
A11: 7 | B11: Assignments abroad / international support | C11: 0.5 | D11: =IF(C11="","",C11*DaysPerWeek) -> 2.5 | E11: =IF(C11="","",F11/MonthsPerYear) -> 10.416667 | F11: =IF(C11="","",C11*WorkDaysPerYear) -> 125 | G11: =IF(C11="","",F11/HoursPerEmployee) -> 0.071428571 | H11: =IF(OR(C11="",$F$27=0),"",F11/$F$27) -> 0.017793594 | J11: =N(F11)+(1000-ROW())/1000000 -> 125.00099 | K11: Reference working days (vacation rate) | L11: 220
A12: 8 | B12: Commissioning of new equipment | C12: 0.5 | D12: =IF(C12="","",C12*DaysPerWeek) -> 2.5 | E12: =IF(C12="","",F12/MonthsPerYear) -> 10.416667 | F12: =IF(C12="","",C12*WorkDaysPerYear) -> 125 | G12: =IF(C12="","",F12/HoursPerEmployee) -> 0.071428571 | H12: =IF(OR(C12="",$F$27=0),"",F12/$F$27) -> 0.017793594 | J12: =N(F12)+(1000-ROW())/1000000 -> 125.00099 | K12: Sickness rate | L12: 0.041
A13: 9 | B13: Approval of new tools (trials) | C13: 0.2 | D13: =IF(C13="","",C13*DaysPerWeek) -> 1 | E13: =IF(C13="","",F13/MonthsPerYear) -> 4.1666667 | F13: =IF(C13="","",C13*WorkDaysPerYear) -> 50 | G13: =IF(C13="","",F13/HoursPerEmployee) -> 0.028571429 | H13: =IF(OR(C13="",$F$27=0),"",F13/$F$27) -> 0.0071174377 | J13: =N(F13)+(1000-ROW())/1000000 -> 50.000987 | K13: Current headcount (employees) | L13: 4
A14: 10 | B14: Design / 3D CAD | C14: 1 | D14: =IF(C14="","",C14*DaysPerWeek) -> 5 | E14: =IF(C14="","",F14/MonthsPerYear) -> 20.833333 | F14: =IF(C14="","",C14*WorkDaysPerYear) -> 250 | G14: =IF(C14="","",F14/HoursPerEmployee) -> 0.14285714 | H14: =IF(OR(C14="",$F$27=0),"",F14/$F$27) -> 0.035587189 | J14: =N(F14)+(1000-ROW())/1000000 -> 250.00099 | K14: Yellow cells = input · all other cells calculate automatically
A15: 11 | B15: Machine relocations | C15: 0.1 | D15: =IF(C15="","",C15*DaysPerWeek) -> 0.5 | E15: =IF(C15="","",F15/MonthsPerYear) -> 2.0833333 | F15: =IF(C15="","",C15*WorkDaysPerYear) -> 25 | G15: =IF(C15="","",F15/HoursPerEmployee) -> 0.014285714 | H15: =IF(OR(C15="",$F$27=0),"",F15/$F$27) -> 0.0035587189 | J15: =N(F15)+(1000-ROW())/1000000 -> 25.000985
A16: 12 | B16: CNC technology (e.g. re-turning blades) | C16: 0 | D16: =IF(C16="","",C16*DaysPerWeek) -> 0 | E16: =IF(C16="","",F16/MonthsPerYear) -> 0 | F16: =IF(C16="","",C16*WorkDaysPerYear) -> 0 | G16: =IF(C16="","",F16/HoursPerEmployee) -> 0 | H16: =IF(OR(C16="",$F$27=0),"",F16/$F$27) -> 0 | J16: =N(F16)+(1000-ROW())/1000000 -> 0.000984 | K16: Staffing result
A17: 13 | B17: Special tasks (storage systems …) | C17: 0.5 | D17: =IF(C17="","",C17*DaysPerWeek) -> 2.5 | E17: =IF(C17="","",F17/MonthsPerYear) -> 10.416667 | F17: =IF(C17="","",C17*WorkDaysPerYear) -> 125 | G17: =IF(C17="","",F17/HoursPerEmployee) -> 0.071428571 | H17: =IF(OR(C17="",$F$27=0),"",F17/$F$27) -> 0.017793594 | J17: =N(F17)+(1000-ROW())/1000000 -> 125.00098 | K17: Employees needed for tasks | L17: =G27 -> 4.0142857
A18: 14 | B18: Facility management | C18: 6 | D18: =IF(C18="","",C18*DaysPerWeek) -> 30 | E18: =IF(C18="","",F18/MonthsPerYear) -> 125 | F18: =IF(C18="","",C18*WorkDaysPerYear) -> 1500 | G18: =IF(C18="","",F18/HoursPerEmployee) -> 0.85714286 | H18: =IF(OR(C18="",$F$27=0),"",F18/$F$27) -> 0.21352313 | J18: =N(F18)+(1000-ROW())/1000000 -> 1500.001 | K18: ="+ Vacation ("&TEXT(VacationDays/RefDays,"0.0%")&")" -> + Vacation (17.3%) | L18: =G27*VacationDays/RefDays -> 0.69337662
A19: 15 | B19: Planning & documentation | C19: 0 | D19: =IF(C19="","",C19*DaysPerWeek) -> 0 | E19: =IF(C19="","",F19/MonthsPerYear) -> 0 | F19: =IF(C19="","",C19*WorkDaysPerYear) -> 0 | G19: =IF(C19="","",F19/HoursPerEmployee) -> 0 | H19: =IF(OR(C19="",$F$27=0),"",F19/$F$27) -> 0 | J19: =N(F19)+(1000-ROW())/1000000 -> 0.000981 | K19: ="+ Sickness ("&TEXT(SickRate,"0.0%")&")" -> + Sickness (4.1%) | L19: =G27*SickRate -> 0.16458571
A20: 16 | B20: Support of bellows area | C20: 2 | D20: =IF(C20="","",C20*DaysPerWeek) -> 10 | E20: =IF(C20="","",F20/MonthsPerYear) -> 41.666667 | F20: =IF(C20="","",C20*WorkDaysPerYear) -> 500 | G20: =IF(C20="","",F20/HoursPerEmployee) -> 0.28571429 | H20: =IF(OR(C20="",$F$27=0),"",F20/$F$27) -> 0.071174377 | J20: =N(F20)+(1000-ROW())/1000000 -> 500.00098 | K20: Required headcount | L20: =SUM(L17:L19) -> 4.8722481
A21: 17 | B21: Maintenance of operating equipment | C21: 0 | D21: =IF(C21="","",C21*DaysPerWeek) -> 0 | E21: =IF(C21="","",F21/MonthsPerYear) -> 0 | F21: =IF(C21="","",C21*WorkDaysPerYear) -> 0 | G21: =IF(C21="","",F21/HoursPerEmployee) -> 0 | H21: =IF(OR(C21="",$F$27=0),"",F21/$F$27) -> 0 | J21: =N(F21)+(1000-ROW())/1000000 -> 0.000979 | K21: Rounded up (persons) | L21: =ROUNDUP(L20,0) -> 5
A22: 18 | B22: Maintenance of general machinery | C22: 0 | D22: =IF(C22="","",C22*DaysPerWeek) -> 0 | E22: =IF(C22="","",F22/MonthsPerYear) -> 0 | F22: =IF(C22="","",C22*WorkDaysPerYear) -> 0 | G22: =IF(C22="","",F22/HoursPerEmployee) -> 0 | H22: =IF(OR(C22="",$F$27=0),"",F22/$F$27) -> 0 | J22: =N(F22)+(1000-ROW())/1000000 -> 0.000978 | K22: Current headcount | L22: =Headcount -> 4
A23: 19 | B23: Administration | C23: 3 | D23: =IF(C23="","",C23*DaysPerWeek) -> 15 | E23: =IF(C23="","",F23/MonthsPerYear) -> 62.5 | F23: =IF(C23="","",C23*WorkDaysPerYear) -> 750 | G23: =IF(C23="","",F23/HoursPerEmployee) -> 0.42857143 | H23: =IF(OR(C23="",$F$27=0),"",F23/$F$27) -> 0.10676157 | J23: =N(F23)+(1000-ROW())/1000000 -> 750.00098 | K23: =IF(L22>=L20,"Staffing reserve","Staffing gap") -> Staffing gap | L23: =L22-L20 -> -0.87224805
A24: 20 | D24: =IF(C24="","",C24*DaysPerWeek) | E24: =IF(C24="","",F24/MonthsPerYear) | F24: =IF(C24="","",C24*WorkDaysPerYear) | G24: =IF(C24="","",F24/HoursPerEmployee) | H24: =IF(OR(C24="",$F$27=0),"",F24/$F$27) | I24: Free row – add another task | J24: =N(F24)+(1000-ROW())/1000000 -> 0.000976
A25: 21 | D25: =IF(C25="","",C25*DaysPerWeek) | E25: =IF(C25="","",F25/MonthsPerYear) | F25: =IF(C25="","",C25*WorkDaysPerYear) | G25: =IF(C25="","",F25/HoursPerEmployee) | H25: =IF(OR(C25="",$F$27=0),"",F25/$F$27) | I25: Free row – add another task | J25: =N(F25)+(1000-ROW())/1000000 -> 0.000975 | K25: Distribution of hours
A26: 22 | D26: =IF(C26="","",C26*DaysPerWeek) | E26: =IF(C26="","",F26/MonthsPerYear) | F26: =IF(C26="","",C26*WorkDaysPerYear) | G26: =IF(C26="","",F26/HoursPerEmployee) | H26: =IF(OR(C26="",$F$27=0),"",F26/$F$27) | I26: Free row – add another task | J26: =N(F26)+(1000-ROW())/1000000 -> 0.000974
B27: Total | C27: =SUM(C5:C26) -> 28.1 | D27: =SUM(D5:D26) -> 140.5 | E27: =SUM(E5:E26) -> 585.41667 | F27: =SUM(F5:F26) -> 7025 | G27: =SUM(G5:G26) -> 4.0142857 | H27: =SUM(H5:H26) -> 1
